PyTorch device:  cpu
32 32
BC batch shapes: ope_ma torch.Size([77, 14, 3]) raw_mas torch.Size([77, 3, 3]) jobs_gather torch.Size([77, 5, 8]) actions torch.Size([77])
torch.Size([64, 3, 5, 32])
torch.Size([13, 3, 5, 32])
[BC] Epoch 1/5, loss=14.0574
torch.Size([64, 3, 5, 32])
torch.Size([13, 3, 5, 32])
[BC] Epoch 2/5, loss=13.0527
torch.Size([64, 3, 5, 32])
torch.Size([13, 3, 5, 32])
[BC] Epoch 3/5, loss=13.1870
torch.Size([64, 3, 5, 32])
torch.Size([13, 3, 5, 32])
[BC] Epoch 4/5, loss=14.0146
torch.Size([64, 3, 5, 32])
torch.Size([13, 3, 5, 32])
[BC] Epoch 5/5, loss=13.5259
✅ BC warm-start complete — now starting PPO.
[15:06:11] 🔄 Refreshing training instances...
📦 num_jobs: 10, num_mas: 5, num_opes: 44
🧠 Iteration 1 | Getting state...
⚙️ Scheduling...
✅ Schedule completed.
🔍 Verifying schedule...
📈 Updating policy...
torch.Size([512, 5, 10, 32])
torch.Size([368, 5, 10, 32])
torch.Size([512, 5, 10, 32])
torch.Size([368, 5, 10, 32])
torch.Size([512, 5, 10, 32])
torch.Size([368, 5, 10, 32])
📊 Reward: -48.360 | Loss: 1.000
⏱ Iter 1 done | 🕒 IterTime: 1.47s | 🕘 Elapsed: 1.5s | ⏳ ETA: 24.5 min
🧠 Iteration 2 | Getting state...
⚙️ Scheduling...
✅ Schedule completed.
🔍 Verifying schedule...
📈 Updating policy...
torch.Size([512, 5, 10, 32])
torch.Size([368, 5, 10, 32])
torch.Size([512, 5, 10, 32])
torch.Size([368, 5, 10, 32])
torch.Size([512, 5, 10, 32])
torch.Size([368, 5, 10, 32])
📊 Reward: -44.360 | Loss: 0.938
⏱ Iter 2 done | 🕒 IterTime: 1.36s | 🕘 Elapsed: 2.8s | ⏳ ETA: 23.5 min
🧠 Iteration 3 | Getting state...
⚙️ Scheduling...
✅ Schedule completed.
🔍 Verifying schedule...
📈 Updating policy...
torch.Size([512, 5, 10, 32])
torch.Size([368, 5, 10, 32])
torch.Size([512, 5, 10, 32])
torch.Size([368, 5, 10, 32])
torch.Size([512, 5, 10, 32])
torch.Size([368, 5, 10, 32])
📊 Reward: -51.160 | Loss: 0.918
⏱ Iter 3 done | 🕒 IterTime: 1.35s | 🕘 Elapsed: 4.2s | ⏳ ETA: 23.2 min
🧠 Iteration 4 | Getting state...
⚙️ Scheduling...
✅ Schedule completed.
🔍 Verifying schedule...
📈 Updating policy...
torch.Size([512, 5, 10, 32])
torch.Size([368, 5, 10, 32])
torch.Size([512, 5, 10, 32])
torch.Size([368, 5, 10, 32])
torch.Size([512, 5, 10, 32])
torch.Size([368, 5, 10, 32])
📊 Reward: -47.410 | Loss: 0.868
⏱ Iter 4 done | 🕒 IterTime: 1.35s | 🕘 Elapsed: 5.5s | ⏳ ETA: 23.0 min
🧠 Iteration 5 | Getting state...
⚙️ Scheduling...
✅ Schedule completed.
🔍 Verifying schedule...
📈 Updating policy...
torch.Size([512, 5, 10, 32])
torch.Size([368, 5, 10, 32])
torch.Size([512, 5, 10, 32])
torch.Size([368, 5, 10, 32])
torch.Size([512, 5, 10, 32])
torch.Size([368, 5, 10, 32])
📊 Reward: -46.810 | Loss: 0.801
⏱ Iter 5 done | 🕒 IterTime: 1.37s | 🕘 Elapsed: 6.9s | ⏳ ETA: 22.9 min
🧠 Iteration 6 | Getting state...
⚙️ Scheduling...
✅ Schedule completed.
🔍 Verifying schedule...
📈 Updating policy...
torch.Size([512, 5, 10, 32])
torch.Size([368, 5, 10, 32])
torch.Size([512, 5, 10, 32])
torch.Size([368, 5, 10, 32])
torch.Size([512, 5, 10, 32])
torch.Size([368, 5, 10, 32])
📊 Reward: -45.860 | Loss: 0.725
⏱ Iter 6 done | 🕒 IterTime: 1.34s | 🕘 Elapsed: 8.2s | ⏳ ETA: 22.8 min
🧠 Iteration 7 | Getting state...
⚙️ Scheduling...
✅ Schedule completed.
🔍 Verifying schedule...
📈 Updating policy...
torch.Size([512, 5, 10, 32])
torch.Size([368, 5, 10, 32])
torch.Size([512, 5, 10, 32])
torch.Size([368, 5, 10, 32])
torch.Size([512, 5, 10, 32])
torch.Size([368, 5, 10, 32])
📊 Reward: -50.560 | Loss: 0.606
⏱ Iter 7 done | 🕒 IterTime: 1.37s | 🕘 Elapsed: 9.6s | ⏳ ETA: 22.7 min
🧠 Iteration 8 | Getting state...
⚙️ Scheduling...
✅ Schedule completed.
🔍 Verifying schedule...
📈 Updating policy...
torch.Size([512, 5, 10, 32])
torch.Size([368, 5, 10, 32])
torch.Size([512, 5, 10, 32])
torch.Size([368, 5, 10, 32])
torch.Size([512, 5, 10, 32])
torch.Size([368, 5, 10, 32])
📊 Reward: -44.460 | Loss: 0.411
⏱ Iter 8 done | 🕒 IterTime: 1.38s | 🕘 Elapsed: 11.0s | ⏳ ETA: 22.7 min
🧠 Iteration 9 | Getting state...
⚙️ Scheduling...
✅ Schedule completed.
🔍 Verifying schedule...
📈 Updating policy...
torch.Size([512, 5, 10, 32])
torch.Size([368, 5, 10, 32])
torch.Size([512, 5, 10, 32])
torch.Size([368, 5, 10, 32])
torch.Size([512, 5, 10, 32])
torch.Size([368, 5, 10, 32])
📊 Reward: -46.560 | Loss: 0.152
⏱ Iter 9 done | 🕒 IterTime: 1.34s | 🕘 Elapsed: 12.3s | ⏳ ETA: 22.6 min
🧠 Iteration 10 | Getting state...
⚙️ Scheduling...
✅ Schedule completed.
🔍 Verifying schedule...
📈 Updating policy...
torch.Size([512, 5, 10, 32])
torch.Size([368, 5, 10, 32])
torch.Size([512, 5, 10, 32])
torch.Size([368, 5, 10, 32])
torch.Size([512, 5, 10, 32])
torch.Size([368, 5, 10, 32])
📊 Reward: -43.610 | Loss: 0.141

🧪 Validating policy...
There are 100 dev instances.
validating time:  1.6909198760986328 

⏱ Iter 10 done | 🕒 IterTime: 3.05s | 🕘 Elapsed: 15.4s | ⏳ ETA: 25.4 min
🧠 Iteration 11 | Getting state...
⚙️ Scheduling...
✅ Schedule completed.
🔍 Verifying schedule...
📈 Updating policy...
torch.Size([512, 5, 10, 32])
torch.Size([368, 5, 10, 32])
torch.Size([512, 5, 10, 32])
torch.Size([368, 5, 10, 32])
torch.Size([512, 5, 10, 32])
torch.Size([368, 5, 10, 32])
📊 Reward: -43.160 | Loss: 0.150
⏱ Iter 11 done | 🕒 IterTime: 1.35s | 🕘 Elapsed: 16.7s | ⏳ ETA: 25.1 min
🧠 Iteration 12 | Getting state...
⚙️ Scheduling...
✅ Schedule completed.
🔍 Verifying schedule...
📈 Updating policy...
torch.Size([512, 5, 10, 32])
torch.Size([368, 5, 10, 32])
torch.Size([512, 5, 10, 32])
torch.Size([368, 5, 10, 32])
torch.Size([512, 5, 10, 32])
torch.Size([368, 5, 10, 32])
📊 Reward: -43.310 | Loss: 0.086
⏱ Iter 12 done | 🕒 IterTime: 1.40s | 🕘 Elapsed: 18.1s | ⏳ ETA: 24.9 min
🧠 Iteration 13 | Getting state...
⚙️ Scheduling...
✅ Schedule completed.
🔍 Verifying schedule...
📈 Updating policy...
torch.Size([512, 5, 10, 32])
torch.Size([368, 5, 10, 32])
torch.Size([512, 5, 10, 32])
torch.Size([368, 5, 10, 32])
torch.Size([512, 5, 10, 32])
torch.Size([368, 5, 10, 32])
📊 Reward: -46.860 | Loss: 0.135
⏱ Iter 13 done | 🕒 IterTime: 1.34s | 🕘 Elapsed: 19.5s | ⏳ ETA: 24.6 min
🧠 Iteration 14 | Getting state...
⚙️ Scheduling...
✅ Schedule completed.
🔍 Verifying schedule...
📈 Updating policy...
torch.Size([512, 5, 10, 32])
torch.Size([368, 5, 10, 32])
torch.Size([512, 5, 10, 32])
torch.Size([368, 5, 10, 32])
torch.Size([512, 5, 10, 32])
torch.Size([368, 5, 10, 32])
📊 Reward: -44.310 | Loss: 0.140
⏱ Iter 14 done | 🕒 IterTime: 1.34s | 🕘 Elapsed: 20.8s | ⏳ ETA: 24.4 min
🧠 Iteration 15 | Getting state...
⚙️ Scheduling...
✅ Schedule completed.
🔍 Verifying schedule...
📈 Updating policy...
torch.Size([512, 5, 10, 32])
torch.Size([368, 5, 10, 32])
torch.Size([512, 5, 10, 32])
torch.Size([368, 5, 10, 32])
torch.Size([512, 5, 10, 32])
torch.Size([368, 5, 10, 32])
📊 Reward: -46.060 | Loss: 0.099
⏱ Iter 15 done | 🕒 IterTime: 1.29s | 🕘 Elapsed: 22.1s | ⏳ ETA: 24.2 min
🧠 Iteration 16 | Getting state...
⚙️ Scheduling...
✅ Schedule completed.
🔍 Verifying schedule...
📈 Updating policy...
torch.Size([512, 5, 10, 32])
torch.Size([368, 5, 10, 32])
torch.Size([512, 5, 10, 32])
torch.Size([368, 5, 10, 32])
torch.Size([512, 5, 10, 32])
torch.Size([368, 5, 10, 32])
📊 Reward: -47.560 | Loss: 0.102
⏱ Iter 16 done | 🕒 IterTime: 1.23s | 🕘 Elapsed: 23.3s | ⏳ ETA: 23.9 min
🧠 Iteration 17 | Getting state...
⚙️ Scheduling...
✅ Schedule completed.
🔍 Verifying schedule...
📈 Updating policy...
torch.Size([512, 5, 10, 32])
torch.Size([368, 5, 10, 32])
torch.Size([512, 5, 10, 32])
torch.Size([368, 5, 10, 32])
torch.Size([512, 5, 10, 32])
torch.Size([368, 5, 10, 32])
📊 Reward: -47.060 | Loss: 0.114
⏱ Iter 17 done | 🕒 IterTime: 1.24s | 🕘 Elapsed: 24.6s | ⏳ ETA: 23.7 min
🧠 Iteration 18 | Getting state...
⚙️ Scheduling...
✅ Schedule completed.
🔍 Verifying schedule...
📈 Updating policy...
torch.Size([512, 5, 10, 32])
torch.Size([368, 5, 10, 32])
torch.Size([512, 5, 10, 32])
torch.Size([368, 5, 10, 32])
torch.Size([512, 5, 10, 32])
torch.Size([368, 5, 10, 32])
📊 Reward: -49.410 | Loss: 0.113
⏱ Iter 18 done | 🕒 IterTime: 1.20s | 🕘 Elapsed: 25.8s | ⏳ ETA: 23.4 min
🧠 Iteration 19 | Getting state...
⚙️ Scheduling...
✅ Schedule completed.
🔍 Verifying schedule...
📈 Updating policy...
torch.Size([512, 5, 10, 32])
torch.Size([368, 5, 10, 32])
torch.Size([512, 5, 10, 32])
torch.Size([368, 5, 10, 32])
torch.Size([512, 5, 10, 32])
torch.Size([368, 5, 10, 32])
📊 Reward: -44.610 | Loss: 0.182
⏱ Iter 19 done | 🕒 IterTime: 1.21s | 🕘 Elapsed: 27.0s | ⏳ ETA: 23.2 min
🧠 Iteration 20 | Getting state...
⚙️ Scheduling...
✅ Schedule completed.
🔍 Verifying schedule...
📈 Updating policy...
torch.Size([512, 5, 10, 32])
torch.Size([368, 5, 10, 32])
torch.Size([512, 5, 10, 32])
torch.Size([368, 5, 10, 32])
torch.Size([512, 5, 10, 32])
torch.Size([368, 5, 10, 32])
📊 Reward: -46.410 | Loss: 0.049

🧪 Validating policy...
There are 100 dev instances.
validating time:  1.5903217792510986 

⏱ Iter 20 done | 🕒 IterTime: 2.84s | 🕘 Elapsed: 29.8s | ⏳ ETA: 24.4 min
[15:06:41] 🔄 Refreshing training instances...
📦 num_jobs: 10, num_mas: 5, num_opes: 48
🧠 Iteration 21 | Getting state...
⚙️ Scheduling...
✅ Schedule completed.
🔍 Verifying schedule...
📈 Updating policy...
torch.Size([512, 5, 10, 32])
torch.Size([448, 5, 10, 32])
torch.Size([512, 5, 10, 32])
torch.Size([448, 5, 10, 32])
torch.Size([512, 5, 10, 32])
torch.Size([448, 5, 10, 32])
📊 Reward: -55.577 | Loss: 0.161
⏱ Iter 21 done | 🕒 IterTime: 1.49s | 🕘 Elapsed: 31.3s | ⏳ ETA: 24.3 min
🧠 Iteration 22 | Getting state...
⚙️ Scheduling...
✅ Schedule completed.
🔍 Verifying schedule...
📈 Updating policy...
torch.Size([512, 5, 10, 32])
torch.Size([448, 5, 10, 32])
torch.Size([512, 5, 10, 32])
torch.Size([448, 5, 10, 32])
torch.Size([512, 5, 10, 32])
torch.Size([448, 5, 10, 32])
📊 Reward: -54.477 | Loss: 0.041
⏱ Iter 22 done | 🕒 IterTime: 1.42s | 🕘 Elapsed: 32.7s | ⏳ ETA: 24.3 min
🧠 Iteration 23 | Getting state...
⚙️ Scheduling...
✅ Schedule completed.
🔍 Verifying schedule...
📈 Updating policy...
torch.Size([512, 5, 10, 32])
torch.Size([448, 5, 10, 32])
torch.Size([512, 5, 10, 32])
torch.Size([448, 5, 10, 32])
torch.Size([512, 5, 10, 32])
torch.Size([448, 5, 10, 32])
📊 Reward: -54.377 | Loss: 0.186
⏱ Iter 23 done | 🕒 IterTime: 1.46s | 🕘 Elapsed: 34.2s | ⏳ ETA: 24.2 min
🧠 Iteration 24 | Getting state...
⚙️ Scheduling...
✅ Schedule completed.
🔍 Verifying schedule...
📈 Updating policy...
torch.Size([512, 5, 10, 32])
torch.Size([448, 5, 10, 32])
torch.Size([512, 5, 10, 32])
torch.Size([448, 5, 10, 32])
torch.Size([512, 5, 10, 32])
torch.Size([448, 5, 10, 32])
📊 Reward: -51.277 | Loss: 0.074
⏱ Iter 24 done | 🕒 IterTime: 1.40s | 🕘 Elapsed: 35.6s | ⏳ ETA: 24.1 min
🧠 Iteration 25 | Getting state...
⚙️ Scheduling...
✅ Schedule completed.
🔍 Verifying schedule...
📈 Updating policy...
torch.Size([512, 5, 10, 32])
torch.Size([448, 5, 10, 32])
torch.Size([512, 5, 10, 32])
torch.Size([448, 5, 10, 32])
torch.Size([512, 5, 10, 32])
torch.Size([448, 5, 10, 32])
📊 Reward: -53.977 | Loss: 0.097
⏱ Iter 25 done | 🕒 IterTime: 1.40s | 🕘 Elapsed: 37.0s | ⏳ ETA: 24.1 min
🧠 Iteration 26 | Getting state...
⚙️ Scheduling...
✅ Schedule completed.
🔍 Verifying schedule...
📈 Updating policy...
torch.Size([512, 5, 10, 32])
torch.Size([448, 5, 10, 32])
torch.Size([512, 5, 10, 32])
torch.Size([448, 5, 10, 32])
torch.Size([512, 5, 10, 32])
torch.Size([448, 5, 10, 32])
📊 Reward: -52.277 | Loss: 0.088
⏱ Iter 26 done | 🕒 IterTime: 1.43s | 🕘 Elapsed: 38.4s | ⏳ ETA: 24.0 min
🧠 Iteration 27 | Getting state...
⚙️ Scheduling...
✅ Schedule completed.
🔍 Verifying schedule...
📈 Updating policy...
torch.Size([512, 5, 10, 32])
torch.Size([448, 5, 10, 32])
torch.Size([512, 5, 10, 32])
torch.Size([448, 5, 10, 32])
torch.Size([512, 5, 10, 32])
torch.Size([448, 5, 10, 32])
📊 Reward: -51.127 | Loss: 0.051
⏱ Iter 27 done | 🕒 IterTime: 1.39s | 🕘 Elapsed: 39.8s | ⏳ ETA: 23.9 min
🧠 Iteration 28 | Getting state...
⚙️ Scheduling...
✅ Schedule completed.
🔍 Verifying schedule...
📈 Updating policy...
torch.Size([512, 5, 10, 32])
torch.Size([448, 5, 10, 32])
torch.Size([512, 5, 10, 32])
torch.Size([448, 5, 10, 32])
torch.Size([512, 5, 10, 32])
torch.Size([448, 5, 10, 32])
📊 Reward: -55.927 | Loss: 0.138
⏱ Iter 28 done | 🕒 IterTime: 1.46s | 🕘 Elapsed: 41.3s | ⏳ ETA: 23.9 min
🧠 Iteration 29 | Getting state...
⚙️ Scheduling...
✅ Schedule completed.
🔍 Verifying schedule...
📈 Updating policy...
torch.Size([512, 5, 10, 32])
torch.Size([448, 5, 10, 32])
torch.Size([512, 5, 10, 32])
torch.Size([448, 5, 10, 32])
torch.Size([512, 5, 10, 32])
torch.Size([448, 5, 10, 32])
📊 Reward: -56.027 | Loss: 0.091
⏱ Iter 29 done | 🕒 IterTime: 1.41s | 🕘 Elapsed: 42.7s | ⏳ ETA: 23.8 min
🧠 Iteration 30 | Getting state...
⚙️ Scheduling...
✅ Schedule completed.
🔍 Verifying schedule...
📈 Updating policy...
torch.Size([512, 5, 10, 32])
torch.Size([448, 5, 10, 32])
torch.Size([512, 5, 10, 32])
torch.Size([448, 5, 10, 32])
torch.Size([512, 5, 10, 32])
torch.Size([448, 5, 10, 32])
📊 Reward: -55.827 | Loss: 0.116

🧪 Validating policy...
There are 100 dev instances.
validating time:  1.5681970119476318 

⏱ Iter 30 done | 🕒 IterTime: 3.14s | 🕘 Elapsed: 45.8s | ⏳ ETA: 24.7 min
🧠 Iteration 31 | Getting state...
⚙️ Scheduling...
✅ Schedule completed.
🔍 Verifying schedule...
📈 Updating policy...
torch.Size([512, 5, 10, 32])
torch.Size([448, 5, 10, 32])
torch.Size([512, 5, 10, 32])
torch.Size([448, 5, 10, 32])
torch.Size([512, 5, 10, 32])
torch.Size([448, 5, 10, 32])
📊 Reward: -58.177 | Loss: 0.068
⏱ Iter 31 done | 🕒 IterTime: 1.45s | 🕘 Elapsed: 47.3s | ⏳ ETA: 24.6 min
🧠 Iteration 32 | Getting state...
⚙️ Scheduling...
✅ Schedule completed.
🔍 Verifying schedule...
📈 Updating policy...
torch.Size([512, 5, 10, 32])
torch.Size([448, 5, 10, 32])
torch.Size([512, 5, 10, 32])
torch.Size([448, 5, 10, 32])
torch.Size([512, 5, 10, 32])
torch.Size([448, 5, 10, 32])
📊 Reward: -54.777 | Loss: 0.054
⏱ Iter 32 done | 🕒 IterTime: 1.41s | 🕘 Elapsed: 48.7s | ⏳ ETA: 24.5 min
🧠 Iteration 33 | Getting state...
⚙️ Scheduling...
✅ Schedule completed.
🔍 Verifying schedule...
📈 Updating policy...
torch.Size([512, 5, 10, 32])
torch.Size([448, 5, 10, 32])
torch.Size([512, 5, 10, 32])
torch.Size([448, 5, 10, 32])
torch.Size([512, 5, 10, 32])
torch.Size([448, 5, 10, 32])
📊 Reward: -53.627 | Loss: 0.154
⏱ Iter 33 done | 🕒 IterTime: 1.41s | 🕘 Elapsed: 50.1s | ⏳ ETA: 24.5 min
🧠 Iteration 34 | Getting state...
⚙️ Scheduling...
✅ Schedule completed.
🔍 Verifying schedule...
📈 Updating policy...
torch.Size([512, 5, 10, 32])
torch.Size([448, 5, 10, 32])
torch.Size([512, 5, 10, 32])
torch.Size([448, 5, 10, 32])
torch.Size([512, 5, 10, 32])
torch.Size([448, 5, 10, 32])
📊 Reward: -54.477 | Loss: 0.031
⏱ Iter 34 done | 🕒 IterTime: 1.43s | 🕘 Elapsed: 51.5s | ⏳ ETA: 24.4 min
🧠 Iteration 35 | Getting state...
⚙️ Scheduling...
✅ Schedule completed.
🔍 Verifying schedule...
📈 Updating policy...
torch.Size([512, 5, 10, 32])
torch.Size([448, 5, 10, 32])
torch.Size([512, 5, 10, 32])
torch.Size([448, 5, 10, 32])
torch.Size([512, 5, 10, 32])
torch.Size([448, 5, 10, 32])
📊 Reward: -58.327 | Loss: 0.101
⏱ Iter 35 done | 🕒 IterTime: 1.40s | 🕘 Elapsed: 52.9s | ⏳ ETA: 24.3 min
🧠 Iteration 36 | Getting state...
⚙️ Scheduling...
✅ Schedule completed.
🔍 Verifying schedule...
📈 Updating policy...
torch.Size([512, 5, 10, 32])
torch.Size([448, 5, 10, 32])
torch.Size([512, 5, 10, 32])
torch.Size([448, 5, 10, 32])
torch.Size([512, 5, 10, 32])
torch.Size([448, 5, 10, 32])
📊 Reward: -51.477 | Loss: 0.135
⏱ Iter 36 done | 🕒 IterTime: 1.47s | 🕘 Elapsed: 54.4s | ⏳ ETA: 24.3 min
🧠 Iteration 37 | Getting state...
⚙️ Scheduling...
✅ Schedule completed.
🔍 Verifying schedule...
📈 Updating policy...
torch.Size([512, 5, 10, 32])
torch.Size([448, 5, 10, 32])
torch.Size([512, 5, 10, 32])
torch.Size([448, 5, 10, 32])
torch.Size([512, 5, 10, 32])
torch.Size([448, 5, 10, 32])
📊 Reward: -56.577 | Loss: 0.048
⏱ Iter 37 done | 🕒 IterTime: 1.45s | 🕘 Elapsed: 55.9s | ⏳ ETA: 24.2 min
🧠 Iteration 38 | Getting state...
⚙️ Scheduling...
✅ Schedule completed.
🔍 Verifying schedule...
📈 Updating policy...
torch.Size([512, 5, 10, 32])
torch.Size([448, 5, 10, 32])
torch.Size([512, 5, 10, 32])
torch.Size([448, 5, 10, 32])
torch.Size([512, 5, 10, 32])
torch.Size([448, 5, 10, 32])
📊 Reward: -58.977 | Loss: 0.104
⏱ Iter 38 done | 🕒 IterTime: 1.46s | 🕘 Elapsed: 57.3s | ⏳ ETA: 24.2 min
🧠 Iteration 39 | Getting state...
⚙️ Scheduling...
✅ Schedule completed.
🔍 Verifying schedule...
📈 Updating policy...
torch.Size([512, 5, 10, 32])
torch.Size([448, 5, 10, 32])
torch.Size([512, 5, 10, 32])
torch.Size([448, 5, 10, 32])
torch.Size([512, 5, 10, 32])
torch.Size([448, 5, 10, 32])
📊 Reward: -53.427 | Loss: 0.102
⏱ Iter 39 done | 🕒 IterTime: 1.51s | 🕘 Elapsed: 58.8s | ⏳ ETA: 24.2 min
🧠 Iteration 40 | Getting state...
⚙️ Scheduling...
✅ Schedule completed.
🔍 Verifying schedule...
📈 Updating policy...
torch.Size([512, 5, 10, 32])
torch.Size([448, 5, 10, 32])
torch.Size([512, 5, 10, 32])
torch.Size([448, 5, 10, 32])
torch.Size([512, 5, 10, 32])
torch.Size([448, 5, 10, 32])
📊 Reward: -54.077 | Loss: 0.020

🧪 Validating policy...
There are 100 dev instances.
validating time:  1.5940577983856201 

⏱ Iter 40 done | 🕒 IterTime: 3.11s | 🕘 Elapsed: 61.9s | ⏳ ETA: 24.8 min
[15:07:13] 🔄 Refreshing training instances...
📦 num_jobs: 10, num_mas: 5, num_opes: 49
🧠 Iteration 41 | Getting state...
⚙️ Scheduling...
✅ Schedule completed.
🔍 Verifying schedule...
📈 Updating policy...
torch.Size([512, 5, 10, 32])
torch.Size([468, 5, 10, 32])
torch.Size([512, 5, 10, 32])
torch.Size([468, 5, 10, 32])
torch.Size([512, 5, 10, 32])
torch.Size([468, 5, 10, 32])
📊 Reward: -51.895 | Loss: 0.138
⏱ Iter 41 done | 🕒 IterTime: 1.66s | 🕘 Elapsed: 63.6s | ⏳ ETA: 24.8 min
🧠 Iteration 42 | Getting state...
⚙️ Scheduling...
✅ Schedule completed.
🔍 Verifying schedule...
📈 Updating policy...
torch.Size([512, 5, 10, 32])
torch.Size([468, 5, 10, 32])
torch.Size([512, 5, 10, 32])
torch.Size([468, 5, 10, 32])
torch.Size([512, 5, 10, 32])
torch.Size([468, 5, 10, 32])
📊 Reward: -54.195 | Loss: 0.143
⏱ Iter 42 done | 🕒 IterTime: 1.53s | 🕘 Elapsed: 65.1s | ⏳ ETA: 24.8 min
🧠 Iteration 43 | Getting state...
⚙️ Scheduling...
✅ Schedule completed.
🔍 Verifying schedule...
📈 Updating policy...
torch.Size([512, 5, 10, 32])
torch.Size([468, 5, 10, 32])
torch.Size([512, 5, 10, 32])
torch.Size([468, 5, 10, 32])
torch.Size([512, 5, 10, 32])
torch.Size([468, 5, 10, 32])
📊 Reward: -50.245 | Loss: 0.077
⏱ Iter 43 done | 🕒 IterTime: 1.58s | 🕘 Elapsed: 66.7s | ⏳ ETA: 24.7 min
🧠 Iteration 44 | Getting state...
⚙️ Scheduling...
✅ Schedule completed.
🔍 Verifying schedule...
📈 Updating policy...
torch.Size([512, 5, 10, 32])
torch.Size([468, 5, 10, 32])
torch.Size([512, 5, 10, 32])
torch.Size([468, 5, 10, 32])
torch.Size([512, 5, 10, 32])
torch.Size([468, 5, 10, 32])
📊 Reward: -55.595 | Loss: 0.080
⏱ Iter 44 done | 🕒 IterTime: 1.75s | 🕘 Elapsed: 68.5s | ⏳ ETA: 24.8 min
🧠 Iteration 45 | Getting state...
⚙️ Scheduling...
✅ Schedule completed.
🔍 Verifying schedule...
📈 Updating policy...
torch.Size([512, 5, 10, 32])
torch.Size([468, 5, 10, 32])
torch.Size([512, 5, 10, 32])
torch.Size([468, 5, 10, 32])
torch.Size([512, 5, 10, 32])
torch.Size([468, 5, 10, 32])
📊 Reward: -53.295 | Loss: 0.128
⏱ Iter 45 done | 🕒 IterTime: 1.75s | 🕘 Elapsed: 70.2s | ⏳ ETA: 24.8 min
🧠 Iteration 46 | Getting state...
⚙️ Scheduling...
✅ Schedule completed.
🔍 Verifying schedule...
📈 Updating policy...
torch.Size([512, 5, 10, 32])
torch.Size([468, 5, 10, 32])
torch.Size([512, 5, 10, 32])
torch.Size([468, 5, 10, 32])
torch.Size([512, 5, 10, 32])
torch.Size([468, 5, 10, 32])
📊 Reward: -54.695 | Loss: 0.048
⏱ Iter 46 done | 🕒 IterTime: 1.77s | 🕘 Elapsed: 72.0s | ⏳ ETA: 24.9 min
🧠 Iteration 47 | Getting state...
⚙️ Scheduling...
✅ Schedule completed.
🔍 Verifying schedule...
📈 Updating policy...
torch.Size([512, 5, 10, 32])
torch.Size([468, 5, 10, 32])
torch.Size([512, 5, 10, 32])
torch.Size([468, 5, 10, 32])
torch.Size([512, 5, 10, 32])
torch.Size([468, 5, 10, 32])
📊 Reward: -51.295 | Loss: 0.142
⏱ Iter 47 done | 🕒 IterTime: 1.76s | 🕘 Elapsed: 73.7s | ⏳ ETA: 24.9 min
🧠 Iteration 48 | Getting state...
⚙️ Scheduling...
✅ Schedule completed.
🔍 Verifying schedule...
📈 Updating policy...
torch.Size([512, 5, 10, 32])
torch.Size([468, 5, 10, 32])
torch.Size([512, 5, 10, 32])
torch.Size([468, 5, 10, 32])
torch.Size([512, 5, 10, 32])
torch.Size([468, 5, 10, 32])
📊 Reward: -55.795 | Loss: 0.007
⏱ Iter 48 done | 🕒 IterTime: 1.76s | 🕘 Elapsed: 75.5s | ⏳ ETA: 25.0 min
🧠 Iteration 49 | Getting state...
⚙️ Scheduling...
✅ Schedule completed.
🔍 Verifying schedule...
📈 Updating policy...
torch.Size([512, 5, 10, 32])
torch.Size([468, 5, 10, 32])
torch.Size([512, 5, 10, 32])
torch.Size([468, 5, 10, 32])
torch.Size([512, 5, 10, 32])
torch.Size([468, 5, 10, 32])
📊 Reward: -54.295 | Loss: 0.162
⏱ Iter 49 done | 🕒 IterTime: 1.77s | 🕘 Elapsed: 77.3s | ⏳ ETA: 25.0 min
🧠 Iteration 50 | Getting state...
⚙️ Scheduling...
✅ Schedule completed.
🔍 Verifying schedule...
📈 Updating policy...
torch.Size([512, 5, 10, 32])
torch.Size([468, 5, 10, 32])
torch.Size([512, 5, 10, 32])
torch.Size([468, 5, 10, 32])
torch.Size([512, 5, 10, 32])
torch.Size([468, 5, 10, 32])
📊 Reward: -54.845 | Loss: 0.079

🧪 Validating policy...
There are 100 dev instances.
validating time:  1.559438705444336 

⏱ Iter 50 done | 🕒 IterTime: 3.33s | 🕘 Elapsed: 80.6s | ⏳ ETA: 25.5 min
🧠 Iteration 51 | Getting state...
⚙️ Scheduling...
✅ Schedule completed.
🔍 Verifying schedule...
📈 Updating policy...
torch.Size([512, 5, 10, 32])
torch.Size([468, 5, 10, 32])
torch.Size([512, 5, 10, 32])
torch.Size([468, 5, 10, 32])
torch.Size([512, 5, 10, 32])
torch.Size([468, 5, 10, 32])
📊 Reward: -53.295 | Loss: 0.101
⏱ Iter 51 done | 🕒 IterTime: 1.82s | 🕘 Elapsed: 82.4s | ⏳ ETA: 25.6 min
🧠 Iteration 52 | Getting state...
⚙️ Scheduling...
✅ Schedule completed.
🔍 Verifying schedule...
📈 Updating policy...
torch.Size([512, 5, 10, 32])
torch.Size([468, 5, 10, 32])
torch.Size([512, 5, 10, 32])
torch.Size([468, 5, 10, 32])
torch.Size([512, 5, 10, 32])
torch.Size([468, 5, 10, 32])
📊 Reward: -56.945 | Loss: 0.101
⏱ Iter 52 done | 🕒 IterTime: 1.77s | 🕘 Elapsed: 84.2s | ⏳ ETA: 25.6 min
🧠 Iteration 53 | Getting state...
⚙️ Scheduling...
✅ Schedule completed.
🔍 Verifying schedule...
📈 Updating policy...
torch.Size([512, 5, 10, 32])
torch.Size([468, 5, 10, 32])
torch.Size([512, 5, 10, 32])
torch.Size([468, 5, 10, 32])
torch.Size([512, 5, 10, 32])
torch.Size([468, 5, 10, 32])
📊 Reward: -54.945 | Loss: 0.060
⏱ Iter 53 done | 🕒 IterTime: 1.78s | 🕘 Elapsed: 86.0s | ⏳ ETA: 25.6 min
🧠 Iteration 54 | Getting state...
⚙️ Scheduling...
✅ Schedule completed.
🔍 Verifying schedule...
📈 Updating policy...
torch.Size([512, 5, 10, 32])
torch.Size([468, 5, 10, 32])
torch.Size([512, 5, 10, 32])
torch.Size([468, 5, 10, 32])
torch.Size([512, 5, 10, 32])
torch.Size([468, 5, 10, 32])
📊 Reward: -53.895 | Loss: 0.058
⏱ Iter 54 done | 🕒 IterTime: 1.83s | 🕘 Elapsed: 87.8s | ⏳ ETA: 25.6 min
🧠 Iteration 55 | Getting state...
⚙️ Scheduling...
✅ Schedule completed.
🔍 Verifying schedule...
📈 Updating policy...
torch.Size([512, 5, 10, 32])
torch.Size([468, 5, 10, 32])
torch.Size([512, 5, 10, 32])
torch.Size([468, 5, 10, 32])
torch.Size([512, 5, 10, 32])
torch.Size([468, 5, 10, 32])
📊 Reward: -52.445 | Loss: 0.073
⏱ Iter 55 done | 🕒 IterTime: 1.78s | 🕘 Elapsed: 89.6s | ⏳ ETA: 25.7 min
🧠 Iteration 56 | Getting state...
⚙️ Scheduling...
✅ Schedule completed.
🔍 Verifying schedule...
📈 Updating policy...
torch.Size([512, 5, 10, 32])
torch.Size([468, 5, 10, 32])
torch.Size([512, 5, 10, 32])
torch.Size([468, 5, 10, 32])
torch.Size([512, 5, 10, 32])
torch.Size([468, 5, 10, 32])
📊 Reward: -53.195 | Loss: 0.029
⏱ Iter 56 done | 🕒 IterTime: 1.75s | 🕘 Elapsed: 91.3s | ⏳ ETA: 25.7 min
🧠 Iteration 57 | Getting state...
⚙️ Scheduling...
✅ Schedule completed.
🔍 Verifying schedule...
📈 Updating policy...
torch.Size([512, 5, 10, 32])
torch.Size([468, 5, 10, 32])
torch.Size([512, 5, 10, 32])
torch.Size([468, 5, 10, 32])
torch.Size([512, 5, 10, 32])
torch.Size([468, 5, 10, 32])
📊 Reward: -58.045 | Loss: 0.087
⏱ Iter 57 done | 🕒 IterTime: 1.77s | 🕘 Elapsed: 93.1s | ⏳ ETA: 25.7 min
🧠 Iteration 58 | Getting state...
⚙️ Scheduling...
✅ Schedule completed.
🔍 Verifying schedule...
📈 Updating policy...
torch.Size([512, 5, 10, 32])
torch.Size([468, 5, 10, 32])
torch.Size([512, 5, 10, 32])
torch.Size([468, 5, 10, 32])
torch.Size([512, 5, 10, 32])
torch.Size([468, 5, 10, 32])
📊 Reward: -50.095 | Loss: 0.106
⏱ Iter 58 done | 🕒 IterTime: 1.80s | 🕘 Elapsed: 94.9s | ⏳ ETA: 25.7 min
🧠 Iteration 59 | Getting state...
⚙️ Scheduling...
✅ Schedule completed.
🔍 Verifying schedule...
📈 Updating policy...
torch.Size([512, 5, 10, 32])
torch.Size([468, 5, 10, 32])
torch.Size([512, 5, 10, 32])
torch.Size([468, 5, 10, 32])
torch.Size([512, 5, 10, 32])
torch.Size([468, 5, 10, 32])
📊 Reward: -51.495 | Loss: 0.090
⏱ Iter 59 done | 🕒 IterTime: 1.75s | 🕘 Elapsed: 96.7s | ⏳ ETA: 25.7 min
🧠 Iteration 60 | Getting state...
⚙️ Scheduling...
✅ Schedule completed.
🔍 Verifying schedule...
📈 Updating policy...
torch.Size([512, 5, 10, 32])
torch.Size([468, 5, 10, 32])
torch.Size([512, 5, 10, 32])
torch.Size([468, 5, 10, 32])
torch.Size([512, 5, 10, 32])
torch.Size([468, 5, 10, 32])
📊 Reward: -53.395 | Loss: 0.050

🧪 Validating policy...
There are 100 dev instances.
validating time:  1.6153347492218018 

⏱ Iter 60 done | 🕒 IterTime: 3.36s | 🕘 Elapsed: 100.0s | ⏳ ETA: 26.1 min
[15:07:51] 🔄 Refreshing training instances...
📦 num_jobs: 10, num_mas: 5, num_opes: 51
🧠 Iteration 61 | Getting state...
⚙️ Scheduling...
✅ Schedule completed.
🔍 Verifying schedule...
📈 Updating policy...
torch.Size([512, 5, 10, 32])
torch.Size([508, 5, 10, 32])
torch.Size([512, 5, 10, 32])
torch.Size([508, 5, 10, 32])
torch.Size([512, 5, 10, 32])
torch.Size([508, 5, 10, 32])
📊 Reward: -54.455 | Loss: 0.077
⏱ Iter 61 done | 🕒 IterTime: 1.74s | 🕘 Elapsed: 101.8s | ⏳ ETA: 26.1 min
🧠 Iteration 62 | Getting state...
⚙️ Scheduling...
✅ Schedule completed.
🔍 Verifying schedule...
📈 Updating policy...
torch.Size([512, 5, 10, 32])
torch.Size([508, 5, 10, 32])
torch.Size([512, 5, 10, 32])
torch.Size([508, 5, 10, 32])
torch.Size([512, 5, 10, 32])
torch.Size([508, 5, 10, 32])
📊 Reward: -54.305 | Loss: 0.057
⏱ Iter 62 done | 🕒 IterTime: 1.52s | 🕘 Elapsed: 103.3s | ⏳ ETA: 26.0 min
🧠 Iteration 63 | Getting state...
⚙️ Scheduling...
✅ Schedule completed.
🔍 Verifying schedule...
📈 Updating policy...
torch.Size([512, 5, 10, 32])
torch.Size([508, 5, 10, 32])
torch.Size([512, 5, 10, 32])
torch.Size([508, 5, 10, 32])
torch.Size([512, 5, 10, 32])
torch.Size([508, 5, 10, 32])
📊 Reward: -57.555 | Loss: 0.039
⏱ Iter 63 done | 🕒 IterTime: 1.51s | 🕘 Elapsed: 104.8s | ⏳ ETA: 26.0 min
🧠 Iteration 64 | Getting state...
⚙️ Scheduling...
✅ Schedule completed.
🔍 Verifying schedule...
📈 Updating policy...
torch.Size([512, 5, 10, 32])
torch.Size([508, 5, 10, 32])
torch.Size([512, 5, 10, 32])
torch.Size([508, 5, 10, 32])
torch.Size([512, 5, 10, 32])
torch.Size([508, 5, 10, 32])
📊 Reward: -56.255 | Loss: 0.033
⏱ Iter 64 done | 🕒 IterTime: 1.52s | 🕘 Elapsed: 106.3s | ⏳ ETA: 25.9 min
🧠 Iteration 65 | Getting state...
⚙️ Scheduling...
✅ Schedule completed.
🔍 Verifying schedule...
📈 Updating policy...
torch.Size([512, 5, 10, 32])
torch.Size([508, 5, 10, 32])
torch.Size([512, 5, 10, 32])
torch.Size([508, 5, 10, 32])
torch.Size([512, 5, 10, 32])
torch.Size([508, 5, 10, 32])
📊 Reward: -55.305 | Loss: 0.114
⏱ Iter 65 done | 🕒 IterTime: 1.52s | 🕘 Elapsed: 107.8s | ⏳ ETA: 25.9 min
🧠 Iteration 66 | Getting state...
⚙️ Scheduling...
✅ Schedule completed.
🔍 Verifying schedule...
📈 Updating policy...
torch.Size([512, 5, 10, 32])
torch.Size([508, 5, 10, 32])
torch.Size([512, 5, 10, 32])
torch.Size([508, 5, 10, 32])
torch.Size([512, 5, 10, 32])
torch.Size([508, 5, 10, 32])
📊 Reward: -62.755 | Loss: 0.058
⏱ Iter 66 done | 🕒 IterTime: 1.54s | 🕘 Elapsed: 109.4s | ⏳ ETA: 25.8 min
🧠 Iteration 67 | Getting state...
⚙️ Scheduling...
✅ Schedule completed.
🔍 Verifying schedule...
📈 Updating policy...
torch.Size([512, 5, 10, 32])
torch.Size([508, 5, 10, 32])
torch.Size([512, 5, 10, 32])
torch.Size([508, 5, 10, 32])
torch.Size([512, 5, 10, 32])
torch.Size([508, 5, 10, 32])
📊 Reward: -55.455 | Loss: 0.064
⏱ Iter 67 done | 🕒 IterTime: 1.56s | 🕘 Elapsed: 110.9s | ⏳ ETA: 25.7 min
🧠 Iteration 68 | Getting state...
⚙️ Scheduling...
✅ Schedule completed.
🔍 Verifying schedule...
📈 Updating policy...
torch.Size([512, 5, 10, 32])
torch.Size([508, 5, 10, 32])
torch.Size([512, 5, 10, 32])
torch.Size([508, 5, 10, 32])
torch.Size([512, 5, 10, 32])
torch.Size([508, 5, 10, 32])
📊 Reward: -55.355 | Loss: 0.036
⏱ Iter 68 done | 🕒 IterTime: 1.54s | 🕘 Elapsed: 112.5s | ⏳ ETA: 25.7 min
🧠 Iteration 69 | Getting state...
⚙️ Scheduling...
✅ Schedule completed.
🔍 Verifying schedule...
📈 Updating policy...
torch.Size([512, 5, 10, 32])
torch.Size([508, 5, 10, 32])
torch.Size([512, 5, 10, 32])
torch.Size([508, 5, 10, 32])
torch.Size([512, 5, 10, 32])
torch.Size([508, 5, 10, 32])
📊 Reward: -52.255 | Loss: 0.113
⏱ Iter 69 done | 🕒 IterTime: 1.56s | 🕘 Elapsed: 114.0s | ⏳ ETA: 25.6 min
🧠 Iteration 70 | Getting state...
⚙️ Scheduling...
✅ Schedule completed.
🔍 Verifying schedule...
📈 Updating policy...
torch.Size([512, 5, 10, 32])
torch.Size([508, 5, 10, 32])
torch.Size([512, 5, 10, 32])
torch.Size([508, 5, 10, 32])
torch.Size([512, 5, 10, 32])
torch.Size([508, 5, 10, 32])
📊 Reward: -51.655 | Loss: 0.066

🧪 Validating policy...
There are 100 dev instances.
validating time:  1.6333470344543457 

⏱ Iter 70 done | 🕒 IterTime: 3.18s | 🕘 Elapsed: 117.2s | ⏳ ETA: 26.0 min
🧠 Iteration 71 | Getting state...
⚙️ Scheduling...
✅ Schedule completed.
🔍 Verifying schedule...
📈 Updating policy...
torch.Size([512, 5, 10, 32])
torch.Size([508, 5, 10, 32])
torch.Size([512, 5, 10, 32])
torch.Size([508, 5, 10, 32])
torch.Size([512, 5, 10, 32])
torch.Size([508, 5, 10, 32])
📊 Reward: -52.955 | Loss: 0.064
⏱ Iter 71 done | 🕒 IterTime: 1.55s | 🕘 Elapsed: 118.8s | ⏳ ETA: 25.9 min
🧠 Iteration 72 | Getting state...
⚙️ Scheduling...
✅ Schedule completed.
🔍 Verifying schedule...
📈 Updating policy...
torch.Size([512, 5, 10, 32])
torch.Size([508, 5, 10, 32])
torch.Size([512, 5, 10, 32])
torch.Size([508, 5, 10, 32])
torch.Size([512, 5, 10, 32])
torch.Size([508, 5, 10, 32])
📊 Reward: -51.055 | Loss: 0.067
⏱ Iter 72 done | 🕒 IterTime: 1.55s | 🕘 Elapsed: 120.3s | ⏳ ETA: 25.8 min
🧠 Iteration 73 | Getting state...
⚙️ Scheduling...
✅ Schedule completed.
🔍 Verifying schedule...
📈 Updating policy...
torch.Size([512, 5, 10, 32])
torch.Size([508, 5, 10, 32])
torch.Size([512, 5, 10, 32])
torch.Size([508, 5, 10, 32])
torch.Size([512, 5, 10, 32])
torch.Size([508, 5, 10, 32])
📊 Reward: -57.155 | Loss: 0.078
⏱ Iter 73 done | 🕒 IterTime: 1.55s | 🕘 Elapsed: 121.9s | ⏳ ETA: 25.8 min
🧠 Iteration 74 | Getting state...
⚙️ Scheduling...
✅ Schedule completed.
🔍 Verifying schedule...
📈 Updating policy...
torch.Size([512, 5, 10, 32])
torch.Size([508, 5, 10, 32])
torch.Size([512, 5, 10, 32])
torch.Size([508, 5, 10, 32])
torch.Size([512, 5, 10, 32])
torch.Size([508, 5, 10, 32])
📊 Reward: -51.705 | Loss: 0.069
⏱ Iter 74 done | 🕒 IterTime: 1.57s | 🕘 Elapsed: 123.4s | ⏳ ETA: 25.7 min
🧠 Iteration 75 | Getting state...
⚙️ Scheduling...
✅ Schedule completed.
🔍 Verifying schedule...
📈 Updating policy...
torch.Size([512, 5, 10, 32])
torch.Size([508, 5, 10, 32])
torch.Size([512, 5, 10, 32])
torch.Size([508, 5, 10, 32])
torch.Size([512, 5, 10, 32])
torch.Size([508, 5, 10, 32])
📊 Reward: -52.655 | Loss: 0.085
⏱ Iter 75 done | 🕒 IterTime: 1.61s | 🕘 Elapsed: 125.0s | ⏳ ETA: 25.7 min
🧠 Iteration 76 | Getting state...
⚙️ Scheduling...
✅ Schedule completed.
🔍 Verifying schedule...
📈 Updating policy...
torch.Size([512, 5, 10, 32])
torch.Size([508, 5, 10, 32])
torch.Size([512, 5, 10, 32])
torch.Size([508, 5, 10, 32])
torch.Size([512, 5, 10, 32])
torch.Size([508, 5, 10, 32])
📊 Reward: -58.505 | Loss: 0.029
⏱ Iter 76 done | 🕒 IterTime: 1.56s | 🕘 Elapsed: 126.6s | ⏳ ETA: 25.7 min
🧠 Iteration 77 | Getting state...
⚙️ Scheduling...
✅ Schedule completed.
🔍 Verifying schedule...
📈 Updating policy...
torch.Size([512, 5, 10, 32])
torch.Size([508, 5, 10, 32])
torch.Size([512, 5, 10, 32])
torch.Size([508, 5, 10, 32])
torch.Size([512, 5, 10, 32])
torch.Size([508, 5, 10, 32])
📊 Reward: -49.755 | Loss: 0.102
⏱ Iter 77 done | 🕒 IterTime: 1.56s | 🕘 Elapsed: 128.2s | ⏳ ETA: 25.6 min
🧠 Iteration 78 | Getting state...
⚙️ Scheduling...
✅ Schedule completed.
🔍 Verifying schedule...
📈 Updating policy...
torch.Size([512, 5, 10, 32])
torch.Size([508, 5, 10, 32])
torch.Size([512, 5, 10, 32])
torch.Size([508, 5, 10, 32])
torch.Size([512, 5, 10, 32])
torch.Size([508, 5, 10, 32])
📊 Reward: -52.305 | Loss: 0.038
⏱ Iter 78 done | 🕒 IterTime: 1.57s | 🕘 Elapsed: 129.7s | ⏳ ETA: 25.6 min
🧠 Iteration 79 | Getting state...
⚙️ Scheduling...
✅ Schedule completed.
🔍 Verifying schedule...
📈 Updating policy...
torch.Size([512, 5, 10, 32])
torch.Size([508, 5, 10, 32])
torch.Size([512, 5, 10, 32])
torch.Size([508, 5, 10, 32])
torch.Size([512, 5, 10, 32])
torch.Size([508, 5, 10, 32])
📊 Reward: -54.555 | Loss: 0.058
⏱ Iter 79 done | 🕒 IterTime: 1.58s | 🕘 Elapsed: 131.3s | ⏳ ETA: 25.5 min
🧠 Iteration 80 | Getting state...
⚙️ Scheduling...
✅ Schedule completed.
🔍 Verifying schedule...
📈 Updating policy...
torch.Size([512, 5, 10, 32])
torch.Size([508, 5, 10, 32])
torch.Size([512, 5, 10, 32])
torch.Size([508, 5, 10, 32])
torch.Size([512, 5, 10, 32])
torch.Size([508, 5, 10, 32])
📊 Reward: -49.955 | Loss: 0.154

🧪 Validating policy...
There are 100 dev instances.
validating time:  1.5671095848083496 

⏱ Iter 80 done | 🕒 IterTime: 3.23s | 🕘 Elapsed: 134.5s | ⏳ ETA: 25.8 min
[15:08:25] 🔄 Refreshing training instances...
📦 num_jobs: 10, num_mas: 5, num_opes: 52
🧠 Iteration 81 | Getting state...
⚙️ Scheduling...
✅ Schedule completed.
🔍 Verifying schedule...
📈 Updating policy...
torch.Size([512, 5, 10, 32])
torch.Size([512, 5, 10, 32])
torch.Size([16, 5, 10, 32])
torch.Size([512, 5, 10, 32])
torch.Size([512, 5, 10, 32])
torch.Size([16, 5, 10, 32])
torch.Size([512, 5, 10, 32])
torch.Size([512, 5, 10, 32])
torch.Size([16, 5, 10, 32])
📊 Reward: -57.712 | Loss: 0.063
⏱ Iter 81 done | 🕒 IterTime: 1.82s | 🕘 Elapsed: 136.4s | ⏳ ETA: 25.8 min
🧠 Iteration 82 | Getting state...
⚙️ Scheduling...
✅ Schedule completed.
🔍 Verifying schedule...
📈 Updating policy...
torch.Size([512, 5, 10, 32])
torch.Size([512, 5, 10, 32])
torch.Size([16, 5, 10, 32])
torch.Size([512, 5, 10, 32])
torch.Size([512, 5, 10, 32])
torch.Size([16, 5, 10, 32])
torch.Size([512, 5, 10, 32])
torch.Size([512, 5, 10, 32])
torch.Size([16, 5, 10, 32])
📊 Reward: -56.212 | Loss: 0.158
⏱ Iter 82 done | 🕒 IterTime: 1.76s | 🕘 Elapsed: 138.1s | ⏳ ETA: 25.8 min
🧠 Iteration 83 | Getting state...
⚙️ Scheduling...
✅ Schedule completed.
🔍 Verifying schedule...
📈 Updating policy...
torch.Size([512, 5, 10, 32])
torch.Size([512, 5, 10, 32])
torch.Size([16, 5, 10, 32])
torch.Size([512, 5, 10, 32])
torch.Size([512, 5, 10, 32])
torch.Size([16, 5, 10, 32])
torch.Size([512, 5, 10, 32])
torch.Size([512, 5, 10, 32])
torch.Size([16, 5, 10, 32])
📊 Reward: -52.762 | Loss: 0.111
⏱ Iter 83 done | 🕒 IterTime: 1.80s | 🕘 Elapsed: 139.9s | ⏳ ETA: 25.8 min
🧠 Iteration 84 | Getting state...
⚙️ Scheduling...
✅ Schedule completed.
🔍 Verifying schedule...
📈 Updating policy...
torch.Size([512, 5, 10, 32])
torch.Size([512, 5, 10, 32])
torch.Size([16, 5, 10, 32])
torch.Size([512, 5, 10, 32])
torch.Size([512, 5, 10, 32])
torch.Size([16, 5, 10, 32])
torch.Size([512, 5, 10, 32])
torch.Size([512, 5, 10, 32])
torch.Size([16, 5, 10, 32])
📊 Reward: -56.862 | Loss: 0.028
⏱ Iter 84 done | 🕒 IterTime: 1.77s | 🕘 Elapsed: 141.7s | ⏳ ETA: 25.8 min
🧠 Iteration 85 | Getting state...
⚙️ Scheduling...
✅ Schedule completed.
🔍 Verifying schedule...
📈 Updating policy...
torch.Size([512, 5, 10, 32])
torch.Size([512, 5, 10, 32])
torch.Size([16, 5, 10, 32])
torch.Size([512, 5, 10, 32])
torch.Size([512, 5, 10, 32])
torch.Size([16, 5, 10, 32])
torch.Size([512, 5, 10, 32])
torch.Size([512, 5, 10, 32])
torch.Size([16, 5, 10, 32])
📊 Reward: -55.362 | Loss: 0.050
⏱ Iter 85 done | 🕒 IterTime: 1.89s | 🕘 Elapsed: 143.6s | ⏳ ETA: 25.8 min
🧠 Iteration 86 | Getting state...
⚙️ Scheduling...
✅ Schedule completed.
🔍 Verifying schedule...
📈 Updating policy...
torch.Size([512, 5, 10, 32])
torch.Size([512, 5, 10, 32])
torch.Size([16, 5, 10, 32])
torch.Size([512, 5, 10, 32])
torch.Size([512, 5, 10, 32])
torch.Size([16, 5, 10, 32])
torch.Size([512, 5, 10, 32])
torch.Size([512, 5, 10, 32])
torch.Size([16, 5, 10, 32])
📊 Reward: -51.862 | Loss: 0.229
⏱ Iter 86 done | 🕒 IterTime: 1.84s | 🕘 Elapsed: 145.4s | ⏳ ETA: 25.8 min
🧠 Iteration 87 | Getting state...
⚙️ Scheduling...
✅ Schedule completed.
🔍 Verifying schedule...
📈 Updating policy...
torch.Size([512, 5, 10, 32])
torch.Size([512, 5, 10, 32])
torch.Size([16, 5, 10, 32])
torch.Size([512, 5, 10, 32])
torch.Size([512, 5, 10, 32])
torch.Size([16, 5, 10, 32])
torch.Size([512, 5, 10, 32])
torch.Size([512, 5, 10, 32])
torch.Size([16, 5, 10, 32])
📊 Reward: -57.712 | Loss: 0.033
⏱ Iter 87 done | 🕒 IterTime: 1.82s | 🕘 Elapsed: 147.2s | ⏳ ETA: 25.8 min
🧠 Iteration 88 | Getting state...
⚙️ Scheduling...
✅ Schedule completed.
🔍 Verifying schedule...
📈 Updating policy...
torch.Size([512, 5, 10, 32])
torch.Size([512, 5, 10, 32])
torch.Size([16, 5, 10, 32])
torch.Size([512, 5, 10, 32])
torch.Size([512, 5, 10, 32])
torch.Size([16, 5, 10, 32])
torch.Size([512, 5, 10, 32])
torch.Size([512, 5, 10, 32])
torch.Size([16, 5, 10, 32])
📊 Reward: -58.762 | Loss: 0.076
⏱ Iter 88 done | 🕒 IterTime: 1.83s | 🕘 Elapsed: 149.1s | ⏳ ETA: 25.7 min
🧠 Iteration 89 | Getting state...
⚙️ Scheduling...
✅ Schedule completed.
🔍 Verifying schedule...
📈 Updating policy...
torch.Size([512, 5, 10, 32])
torch.Size([512, 5, 10, 32])
torch.Size([16, 5, 10, 32])
torch.Size([512, 5, 10, 32])
torch.Size([512, 5, 10, 32])
torch.Size([16, 5, 10, 32])
torch.Size([512, 5, 10, 32])
torch.Size([512, 5, 10, 32])
torch.Size([16, 5, 10, 32])
📊 Reward: -57.812 | Loss: 0.095
⏱ Iter 89 done | 🕒 IterTime: 1.77s | 🕘 Elapsed: 150.8s | ⏳ ETA: 25.7 min
🧠 Iteration 90 | Getting state...
⚙️ Scheduling...
✅ Schedule completed.
🔍 Verifying schedule...
📈 Updating policy...
torch.Size([512, 5, 10, 32])
torch.Size([512, 5, 10, 32])
torch.Size([16, 5, 10, 32])
torch.Size([512, 5, 10, 32])
torch.Size([512, 5, 10, 32])
torch.Size([16, 5, 10, 32])
torch.Size([512, 5, 10, 32])
torch.Size([512, 5, 10, 32])
torch.Size([16, 5, 10, 32])
📊 Reward: -55.012 | Loss: 0.088

🧪 Validating policy...
There are 100 dev instances.
validating time:  1.616722822189331 

⏱ Iter 90 done | 🕒 IterTime: 3.46s | 🕘 Elapsed: 154.3s | ⏳ ETA: 26.0 min
🧠 Iteration 91 | Getting state...
⚙️ Scheduling...
✅ Schedule completed.
🔍 Verifying schedule...
📈 Updating policy...
torch.Size([512, 5, 10, 32])
torch.Size([512, 5, 10, 32])
torch.Size([16, 5, 10, 32])
torch.Size([512, 5, 10, 32])
torch.Size([512, 5, 10, 32])
torch.Size([16, 5, 10, 32])
torch.Size([512, 5, 10, 32])
torch.Size([512, 5, 10, 32])
torch.Size([16, 5, 10, 32])
📊 Reward: -56.062 | Loss: 0.073
⏱ Iter 91 done | 🕒 IterTime: 1.84s | 🕘 Elapsed: 156.1s | ⏳ ETA: 26.0 min
🧠 Iteration 92 | Getting state...
⚙️ Scheduling...
✅ Schedule completed.
🔍 Verifying schedule...
📈 Updating policy...
torch.Size([512, 5, 10, 32])
torch.Size([512, 5, 10, 32])
torch.Size([16, 5, 10, 32])
torch.Size([512, 5, 10, 32])
torch.Size([512, 5, 10, 32])
torch.Size([16, 5, 10, 32])
torch.Size([512, 5, 10, 32])
torch.Size([512, 5, 10, 32])
torch.Size([16, 5, 10, 32])
📊 Reward: -57.512 | Loss: 0.038
⏱ Iter 92 done | 🕒 IterTime: 1.83s | 🕘 Elapsed: 158.0s | ⏳ ETA: 26.0 min
🧠 Iteration 93 | Getting state...
⚙️ Scheduling...
✅ Schedule completed.
🔍 Verifying schedule...
📈 Updating policy...
torch.Size([512, 5, 10, 32])
torch.Size([512, 5, 10, 32])
torch.Size([16, 5, 10, 32])
torch.Size([512, 5, 10, 32])
torch.Size([512, 5, 10, 32])
torch.Size([16, 5, 10, 32])
torch.Size([512, 5, 10, 32])
torch.Size([512, 5, 10, 32])
torch.Size([16, 5, 10, 32])
📊 Reward: -51.712 | Loss: 0.162
⏱ Iter 93 done | 🕒 IterTime: 1.85s | 🕘 Elapsed: 159.8s | ⏳ ETA: 26.0 min
🧠 Iteration 94 | Getting state...
⚙️ Scheduling...
✅ Schedule completed.
🔍 Verifying schedule...
📈 Updating policy...
torch.Size([512, 5, 10, 32])
torch.Size([512, 5, 10, 32])
torch.Size([16, 5, 10, 32])
torch.Size([512, 5, 10, 32])
torch.Size([512, 5, 10, 32])
torch.Size([16, 5, 10, 32])
torch.Size([512, 5, 10, 32])
torch.Size([512, 5, 10, 32])
torch.Size([16, 5, 10, 32])
📊 Reward: -56.262 | Loss: 0.048
⏱ Iter 94 done | 🕒 IterTime: 1.94s | 🕘 Elapsed: 161.8s | ⏳ ETA: 26.0 min
🧠 Iteration 95 | Getting state...
⚙️ Scheduling...
✅ Schedule completed.
🔍 Verifying schedule...
📈 Updating policy...
torch.Size([512, 5, 10, 32])
torch.Size([512, 5, 10, 32])
torch.Size([16, 5, 10, 32])
torch.Size([512, 5, 10, 32])
torch.Size([512, 5, 10, 32])
torch.Size([16, 5, 10, 32])
torch.Size([512, 5, 10, 32])
torch.Size([512, 5, 10, 32])
torch.Size([16, 5, 10, 32])
📊 Reward: -57.162 | Loss: 0.175
⏱ Iter 95 done | 🕒 IterTime: 1.90s | 🕘 Elapsed: 163.7s | ⏳ ETA: 26.0 min
🧠 Iteration 96 | Getting state...
⚙️ Scheduling...
✅ Schedule completed.
🔍 Verifying schedule...
📈 Updating policy...
torch.Size([512, 5, 10, 32])
torch.Size([512, 5, 10, 32])
torch.Size([16, 5, 10, 32])
torch.Size([512, 5, 10, 32])
torch.Size([512, 5, 10, 32])
torch.Size([16, 5, 10, 32])
torch.Size([512, 5, 10, 32])
torch.Size([512, 5, 10, 32])
torch.Size([16, 5, 10, 32])
📊 Reward: -55.362 | Loss: 0.226
⏱ Iter 96 done | 🕒 IterTime: 1.86s | 🕘 Elapsed: 165.5s | ⏳ ETA: 26.0 min
🧠 Iteration 97 | Getting state...
⚙️ Scheduling...
✅ Schedule completed.
🔍 Verifying schedule...
📈 Updating policy...
torch.Size([512, 5, 10, 32])
torch.Size([512, 5, 10, 32])
torch.Size([16, 5, 10, 32])
torch.Size([512, 5, 10, 32])
torch.Size([512, 5, 10, 32])
torch.Size([16, 5, 10, 32])
torch.Size([512, 5, 10, 32])
torch.Size([512, 5, 10, 32])
torch.Size([16, 5, 10, 32])
📊 Reward: -56.162 | Loss: 0.172
⏱ Iter 97 done | 🕒 IterTime: 1.94s | 🕘 Elapsed: 167.5s | ⏳ ETA: 26.0 min
🧠 Iteration 98 | Getting state...
⚙️ Scheduling...
✅ Schedule completed.
🔍 Verifying schedule...
📈 Updating policy...
torch.Size([512, 5, 10, 32])
torch.Size([512, 5, 10, 32])
torch.Size([16, 5, 10, 32])
torch.Size([512, 5, 10, 32])
torch.Size([512, 5, 10, 32])
torch.Size([16, 5, 10, 32])
torch.Size([512, 5, 10, 32])
torch.Size([512, 5, 10, 32])
torch.Size([16, 5, 10, 32])
📊 Reward: -57.762 | Loss: 0.113
⏱ Iter 98 done | 🕒 IterTime: 2.04s | 🕘 Elapsed: 169.5s | ⏳ ETA: 26.0 min
🧠 Iteration 99 | Getting state...
⚙️ Scheduling...
✅ Schedule completed.
🔍 Verifying schedule...
📈 Updating policy...
torch.Size([512, 5, 10, 32])
torch.Size([512, 5, 10, 32])
torch.Size([16, 5, 10, 32])
torch.Size([512, 5, 10, 32])
torch.Size([512, 5, 10, 32])
torch.Size([16, 5, 10, 32])
torch.Size([512, 5, 10, 32])
torch.Size([512, 5, 10, 32])
torch.Size([16, 5, 10, 32])
📊 Reward: -56.312 | Loss: 0.228
⏱ Iter 99 done | 🕒 IterTime: 1.97s | 🕘 Elapsed: 171.5s | ⏳ ETA: 26.0 min
🧠 Iteration 100 | Getting state...
⚙️ Scheduling...
✅ Schedule completed.
🔍 Verifying schedule...
📈 Updating policy...
torch.Size([512, 5, 10, 32])
torch.Size([512, 5, 10, 32])
torch.Size([16, 5, 10, 32])
torch.Size([512, 5, 10, 32])
torch.Size([512, 5, 10, 32])
torch.Size([16, 5, 10, 32])
torch.Size([512, 5, 10, 32])
torch.Size([512, 5, 10, 32])
torch.Size([16, 5, 10, 32])
📊 Reward: -59.962 | Loss: -0.011

🧪 Validating policy...
There are 100 dev instances.
validating time:  1.6093072891235352 

⏱ Iter 100 done | 🕒 IterTime: 3.63s | 🕘 Elapsed: 175.1s | ⏳ ETA: 26.3 min
[15:09:06] 🔄 Refreshing training instances...
📦 num_jobs: 10, num_mas: 5, num_opes: 52
🧠 Iteration 101 | Getting state...
⚙️ Scheduling...
✅ Schedule completed.
🔍 Verifying schedule...
📈 Updating policy...
torch.Size([512, 5, 10, 32])
torch.Size([512, 5, 10, 32])
torch.Size([16, 5, 10, 32])
torch.Size([512, 5, 10, 32])
torch.Size([512, 5, 10, 32])
torch.Size([16, 5, 10, 32])
torch.Size([512, 5, 10, 32])
torch.Size([512, 5, 10, 32])
torch.Size([16, 5, 10, 32])
📊 Reward: -52.455 | Loss: 0.211
⏱ Iter 101 done | 🕒 IterTime: 2.00s | 🕘 Elapsed: 177.1s | ⏳ ETA: 26.3 min
🧠 Iteration 102 | Getting state...
⚙️ Scheduling...
✅ Schedule completed.
🔍 Verifying schedule...
📈 Updating policy...
torch.Size([512, 5, 10, 32])
torch.Size([512, 5, 10, 32])
torch.Size([16, 5, 10, 32])
torch.Size([512, 5, 10, 32])
torch.Size([512, 5, 10, 32])
torch.Size([16, 5, 10, 32])
torch.Size([512, 5, 10, 32])
torch.Size([512, 5, 10, 32])
torch.Size([16, 5, 10, 32])
📊 Reward: -58.955 | Loss: 0.029
⏱ Iter 102 done | 🕒 IterTime: 1.92s | 🕘 Elapsed: 179.0s | ⏳ ETA: 26.3 min
🧠 Iteration 103 | Getting state...
⚙️ Scheduling...
✅ Schedule completed.
🔍 Verifying schedule...
📈 Updating policy...
torch.Size([512, 5, 10, 32])
torch.Size([512, 5, 10, 32])
torch.Size([16, 5, 10, 32])
torch.Size([512, 5, 10, 32])
torch.Size([512, 5, 10, 32])
torch.Size([16, 5, 10, 32])
torch.Size([512, 5, 10, 32])
torch.Size([512, 5, 10, 32])
torch.Size([16, 5, 10, 32])
📊 Reward: -63.055 | Loss: -0.008
⏱ Iter 103 done | 🕒 IterTime: 1.96s | 🕘 Elapsed: 181.0s | ⏳ ETA: 26.3 min
🧠 Iteration 104 | Getting state...
⚙️ Scheduling...
✅ Schedule completed.
🔍 Verifying schedule...
📈 Updating policy...
torch.Size([512, 5, 10, 32])
torch.Size([512, 5, 10, 32])
torch.Size([16, 5, 10, 32])
torch.Size([512, 5, 10, 32])
torch.Size([512, 5, 10, 32])
torch.Size([16, 5, 10, 32])
torch.Size([512, 5, 10, 32])
torch.Size([512, 5, 10, 32])
torch.Size([16, 5, 10, 32])
📊 Reward: -55.555 | Loss: 0.039
⏱ Iter 104 done | 🕒 IterTime: 1.94s | 🕘 Elapsed: 182.9s | ⏳ ETA: 26.3 min
🧠 Iteration 105 | Getting state...
⚙️ Scheduling...
✅ Schedule completed.
🔍 Verifying schedule...
📈 Updating policy...
torch.Size([512, 5, 10, 32])
torch.Size([512, 5, 10, 32])
torch.Size([16, 5, 10, 32])
torch.Size([512, 5, 10, 32])
torch.Size([512, 5, 10, 32])
torch.Size([16, 5, 10, 32])
torch.Size([512, 5, 10, 32])
torch.Size([512, 5, 10, 32])
torch.Size([16, 5, 10, 32])
📊 Reward: -56.805 | Loss: 0.102
⏱ Iter 105 done | 🕒 IterTime: 1.93s | 🕘 Elapsed: 184.9s | ⏳ ETA: 26.3 min
🧠 Iteration 106 | Getting state...
⚙️ Scheduling...
✅ Schedule completed.
🔍 Verifying schedule...
📈 Updating policy...
torch.Size([512, 5, 10, 32])
torch.Size([512, 5, 10, 32])
torch.Size([16, 5, 10, 32])
torch.Size([512, 5, 10, 32])
torch.Size([512, 5, 10, 32])
torch.Size([16, 5, 10, 32])
torch.Size([512, 5, 10, 32])
torch.Size([512, 5, 10, 32])
torch.Size([16, 5, 10, 32])
📊 Reward: -57.005 | Loss: 0.093
⏱ Iter 106 done | 🕒 IterTime: 1.89s | 🕘 Elapsed: 186.7s | ⏳ ETA: 26.2 min
🧠 Iteration 107 | Getting state...
⚙️ Scheduling...
✅ Schedule completed.
🔍 Verifying schedule...
📈 Updating policy...
torch.Size([512, 5, 10, 32])
torch.Size([512, 5, 10, 32])
torch.Size([16, 5, 10, 32])
torch.Size([512, 5, 10, 32])
torch.Size([512, 5, 10, 32])
torch.Size([16, 5, 10, 32])
torch.Size([512, 5, 10, 32])
torch.Size([512, 5, 10, 32])
torch.Size([16, 5, 10, 32])
📊 Reward: -55.555 | Loss: 0.060
⏱ Iter 107 done | 🕒 IterTime: 1.86s | 🕘 Elapsed: 188.6s | ⏳ ETA: 26.2 min
🧠 Iteration 108 | Getting state...
⚙️ Scheduling...
✅ Schedule completed.
🔍 Verifying schedule...
📈 Updating policy...
torch.Size([512, 5, 10, 32])
torch.Size([512, 5, 10, 32])
torch.Size([16, 5, 10, 32])
torch.Size([512, 5, 10, 32])
torch.Size([512, 5, 10, 32])
torch.Size([16, 5, 10, 32])
torch.Size([512, 5, 10, 32])
torch.Size([512, 5, 10, 32])
torch.Size([16, 5, 10, 32])
📊 Reward: -55.355 | Loss: 0.024
⏱ Iter 108 done | 🕒 IterTime: 1.89s | 🕘 Elapsed: 190.5s | ⏳ ETA: 26.2 min
🧠 Iteration 109 | Getting state...
⚙️ Scheduling...
✅ Schedule completed.
🔍 Verifying schedule...
📈 Updating policy...
torch.Size([512, 5, 10, 32])
torch.Size([512, 5, 10, 32])
torch.Size([16, 5, 10, 32])
torch.Size([512, 5, 10, 32])
torch.Size([512, 5, 10, 32])
torch.Size([16, 5, 10, 32])
torch.Size([512, 5, 10, 32])
torch.Size([512, 5, 10, 32])
torch.Size([16, 5, 10, 32])
📊 Reward: -54.355 | Loss: 0.256
⏱ Iter 109 done | 🕒 IterTime: 1.88s | 🕘 Elapsed: 192.4s | ⏳ ETA: 26.2 min
🧠 Iteration 110 | Getting state...
⚙️ Scheduling...
✅ Schedule completed.
🔍 Verifying schedule...
📈 Updating policy...
torch.Size([512, 5, 10, 32])
torch.Size([512, 5, 10, 32])
torch.Size([16, 5, 10, 32])
torch.Size([512, 5, 10, 32])
torch.Size([512, 5, 10, 32])
torch.Size([16, 5, 10, 32])
torch.Size([512, 5, 10, 32])
torch.Size([512, 5, 10, 32])
torch.Size([16, 5, 10, 32])
📊 Reward: -56.505 | Loss: 0.200

🧪 Validating policy...
There are 100 dev instances.
validating time:  1.5836188793182373 

⏱ Iter 110 done | 🕒 IterTime: 3.45s | 🕘 Elapsed: 195.8s | ⏳ ETA: 26.4 min
🧠 Iteration 111 | Getting state...
⚙️ Scheduling...
✅ Schedule completed.
🔍 Verifying schedule...
📈 Updating policy...
torch.Size([512, 5, 10, 32])
torch.Size([512, 5, 10, 32])
torch.Size([16, 5, 10, 32])
torch.Size([512, 5, 10, 32])
torch.Size([512, 5, 10, 32])
torch.Size([16, 5, 10, 32])
torch.Size([512, 5, 10, 32])
torch.Size([512, 5, 10, 32])
torch.Size([16, 5, 10, 32])
📊 Reward: -55.955 | Loss: 0.069
⏱ Iter 111 done | 🕒 IterTime: 1.83s | 🕘 Elapsed: 197.7s | ⏳ ETA: 26.4 min
🧠 Iteration 112 | Getting state...
⚙️ Scheduling...
✅ Schedule completed.
🔍 Verifying schedule...
📈 Updating policy...
torch.Size([512, 5, 10, 32])
torch.Size([512, 5, 10, 32])
torch.Size([16, 5, 10, 32])
torch.Size([512, 5, 10, 32])
torch.Size([512, 5, 10, 32])
torch.Size([16, 5, 10, 32])
torch.Size([512, 5, 10, 32])
torch.Size([512, 5, 10, 32])
torch.Size([16, 5, 10, 32])
📊 Reward: -58.455 | Loss: 0.175
⏱ Iter 112 done | 🕒 IterTime: 1.83s | 🕘 Elapsed: 199.5s | ⏳ ETA: 26.4 min
🧠 Iteration 113 | Getting state...
⚙️ Scheduling...
✅ Schedule completed.
🔍 Verifying schedule...
📈 Updating policy...
torch.Size([512, 5, 10, 32])
torch.Size([512, 5, 10, 32])
torch.Size([16, 5, 10, 32])
torch.Size([512, 5, 10, 32])
torch.Size([512, 5, 10, 32])
torch.Size([16, 5, 10, 32])
torch.Size([512, 5, 10, 32])
torch.Size([512, 5, 10, 32])
torch.Size([16, 5, 10, 32])
📊 Reward: -56.755 | Loss: 0.220
⏱ Iter 113 done | 🕒 IterTime: 1.83s | 🕘 Elapsed: 201.3s | ⏳ ETA: 26.3 min
🧠 Iteration 114 | Getting state...
⚙️ Scheduling...
✅ Schedule completed.
🔍 Verifying schedule...
📈 Updating policy...
torch.Size([512, 5, 10, 32])
torch.Size([512, 5, 10, 32])
torch.Size([16, 5, 10, 32])
torch.Size([512, 5, 10, 32])
torch.Size([512, 5, 10, 32])
torch.Size([16, 5, 10, 32])
torch.Size([512, 5, 10, 32])
torch.Size([512, 5, 10, 32])
torch.Size([16, 5, 10, 32])
📊 Reward: -55.905 | Loss: 0.080
⏱ Iter 114 done | 🕒 IterTime: 1.89s | 🕘 Elapsed: 203.2s | ⏳ ETA: 26.3 min
🧠 Iteration 115 | Getting state...
⚙️ Scheduling...
✅ Schedule completed.
🔍 Verifying schedule...
📈 Updating policy...
torch.Size([512, 5, 10, 32])
torch.Size([512, 5, 10, 32])
torch.Size([16, 5, 10, 32])
torch.Size([512, 5, 10, 32])
torch.Size([512, 5, 10, 32])
torch.Size([16, 5, 10, 32])
torch.Size([512, 5, 10, 32])
torch.Size([512, 5, 10, 32])
torch.Size([16, 5, 10, 32])
📊 Reward: -59.655 | Loss: 0.103
⏱ Iter 115 done | 🕒 IterTime: 1.86s | 🕘 Elapsed: 205.1s | ⏳ ETA: 26.3 min
🧠 Iteration 116 | Getting state...
⚙️ Scheduling...
✅ Schedule completed.
🔍 Verifying schedule...
📈 Updating policy...
torch.Size([512, 5, 10, 32])
torch.Size([512, 5, 10, 32])
torch.Size([16, 5, 10, 32])
torch.Size([512, 5, 10, 32])
torch.Size([512, 5, 10, 32])
torch.Size([16, 5, 10, 32])
torch.Size([512, 5, 10, 32])
torch.Size([512, 5, 10, 32])
torch.Size([16, 5, 10, 32])
📊 Reward: -50.355 | Loss: 0.178
⏱ Iter 116 done | 🕒 IterTime: 1.92s | 🕘 Elapsed: 207.0s | ⏳ ETA: 26.3 min
🧠 Iteration 117 | Getting state...
⚙️ Scheduling...
✅ Schedule completed.
🔍 Verifying schedule...
📈 Updating policy...
torch.Size([512, 5, 10, 32])
torch.Size([512, 5, 10, 32])
torch.Size([16, 5, 10, 32])
torch.Size([512, 5, 10, 32])
torch.Size([512, 5, 10, 32])
torch.Size([16, 5, 10, 32])
torch.Size([512, 5, 10, 32])
torch.Size([512, 5, 10, 32])
torch.Size([16, 5, 10, 32])
📊 Reward: -56.805 | Loss: 0.080
⏱ Iter 117 done | 🕒 IterTime: 1.92s | 🕘 Elapsed: 208.9s | ⏳ ETA: 26.3 min
🧠 Iteration 118 | Getting state...
⚙️ Scheduling...
✅ Schedule completed.
🔍 Verifying schedule...
📈 Updating policy...
torch.Size([512, 5, 10, 32])
torch.Size([512, 5, 10, 32])
torch.Size([16, 5, 10, 32])
torch.Size([512, 5, 10, 32])
torch.Size([512, 5, 10, 32])
torch.Size([16, 5, 10, 32])
torch.Size([512, 5, 10, 32])
torch.Size([512, 5, 10, 32])
torch.Size([16, 5, 10, 32])
📊 Reward: -53.655 | Loss: 0.078
⏱ Iter 118 done | 🕒 IterTime: 1.91s | 🕘 Elapsed: 210.8s | ⏳ ETA: 26.3 min
🧠 Iteration 119 | Getting state...
⚙️ Scheduling...
✅ Schedule completed.
🔍 Verifying schedule...
📈 Updating policy...
torch.Size([512, 5, 10, 32])
torch.Size([512, 5, 10, 32])
torch.Size([16, 5, 10, 32])
torch.Size([512, 5, 10, 32])
torch.Size([512, 5, 10, 32])
torch.Size([16, 5, 10, 32])
torch.Size([512, 5, 10, 32])
torch.Size([512, 5, 10, 32])
torch.Size([16, 5, 10, 32])
📊 Reward: -58.105 | Loss: 0.088
⏱ Iter 119 done | 🕒 IterTime: 1.94s | 🕘 Elapsed: 212.7s | ⏳ ETA: 26.2 min
🧠 Iteration 120 | Getting state...
⚙️ Scheduling...
✅ Schedule completed.
🔍 Verifying schedule...
📈 Updating policy...
torch.Size([512, 5, 10, 32])
torch.Size([512, 5, 10, 32])
torch.Size([16, 5, 10, 32])
torch.Size([512, 5, 10, 32])
torch.Size([512, 5, 10, 32])
torch.Size([16, 5, 10, 32])
torch.Size([512, 5, 10, 32])
torch.Size([512, 5, 10, 32])
torch.Size([16, 5, 10, 32])
📊 Reward: -56.955 | Loss: -0.002

🧪 Validating policy...
There are 100 dev instances.
validating time:  1.6064589023590088 

⏱ Iter 120 done | 🕒 IterTime: 3.54s | 🕘 Elapsed: 216.3s | ⏳ ETA: 26.4 min
[15:09:47] 🔄 Refreshing training instances...
📦 num_jobs: 10, num_mas: 5, num_opes: 52
🧠 Iteration 121 | Getting state...
⚙️ Scheduling...
✅ Schedule completed.
🔍 Verifying schedule...
📈 Updating policy...
torch.Size([512, 5, 10, 32])
torch.Size([512, 5, 10, 32])
torch.Size([16, 5, 10, 32])
torch.Size([512, 5, 10, 32])
torch.Size([512, 5, 10, 32])
torch.Size([16, 5, 10, 32])
torch.Size([512, 5, 10, 32])
torch.Size([512, 5, 10, 32])
torch.Size([16, 5, 10, 32])
📊 Reward: -52.329 | Loss: 0.057
⏱ Iter 121 done | 🕒 IterTime: 1.86s | 🕘 Elapsed: 218.1s | ⏳ ETA: 26.4 min
🧠 Iteration 122 | Getting state...
⚙️ Scheduling...
✅ Schedule completed.
🔍 Verifying schedule...
📈 Updating policy...
torch.Size([512, 5, 10, 32])
torch.Size([512, 5, 10, 32])
torch.Size([16, 5, 10, 32])
torch.Size([512, 5, 10, 32])
torch.Size([512, 5, 10, 32])
torch.Size([16, 5, 10, 32])
torch.Size([512, 5, 10, 32])
torch.Size([512, 5, 10, 32])
torch.Size([16, 5, 10, 32])
📊 Reward: -56.179 | Loss: -0.016
⏱ Iter 122 done | 🕒 IterTime: 1.83s | 🕘 Elapsed: 220.0s | ⏳ ETA: 26.4 min
🧠 Iteration 123 | Getting state...
⚙️ Scheduling...
✅ Schedule completed.
🔍 Verifying schedule...
📈 Updating policy...
torch.Size([512, 5, 10, 32])
torch.Size([512, 5, 10, 32])
torch.Size([16, 5, 10, 32])
torch.Size([512, 5, 10, 32])
torch.Size([512, 5, 10, 32])
torch.Size([16, 5, 10, 32])
torch.Size([512, 5, 10, 32])
torch.Size([512, 5, 10, 32])
torch.Size([16, 5, 10, 32])
📊 Reward: -60.429 | Loss: 0.033
⏱ Iter 123 done | 🕒 IterTime: 1.80s | 🕘 Elapsed: 221.8s | ⏳ ETA: 26.4 min
🧠 Iteration 124 | Getting state...
⚙️ Scheduling...
✅ Schedule completed.
🔍 Verifying schedule...
📈 Updating policy...
torch.Size([512, 5, 10, 32])
torch.Size([512, 5, 10, 32])
torch.Size([16, 5, 10, 32])
torch.Size([512, 5, 10, 32])
torch.Size([512, 5, 10, 32])
torch.Size([16, 5, 10, 32])
torch.Size([512, 5, 10, 32])
torch.Size([512, 5, 10, 32])
torch.Size([16, 5, 10, 32])
📊 Reward: -55.429 | Loss: 0.059
⏱ Iter 124 done | 🕒 IterTime: 1.94s | 🕘 Elapsed: 223.7s | ⏳ ETA: 26.3 min
🧠 Iteration 125 | Getting state...
⚙️ Scheduling...
✅ Schedule completed.
🔍 Verifying schedule...
📈 Updating policy...
torch.Size([512, 5, 10, 32])
torch.Size([512, 5, 10, 32])
torch.Size([16, 5, 10, 32])
torch.Size([512, 5, 10, 32])
torch.Size([512, 5, 10, 32])
torch.Size([16, 5, 10, 32])
torch.Size([512, 5, 10, 32])
torch.Size([512, 5, 10, 32])
torch.Size([16, 5, 10, 32])
📊 Reward: -60.879 | Loss: 0.059
⏱ Iter 125 done | 🕒 IterTime: 1.88s | 🕘 Elapsed: 225.6s | ⏳ ETA: 26.3 min
🧠 Iteration 126 | Getting state...
⚙️ Scheduling...
✅ Schedule completed.
🔍 Verifying schedule...
📈 Updating policy...
torch.Size([512, 5, 10, 32])
torch.Size([512, 5, 10, 32])
torch.Size([16, 5, 10, 32])
torch.Size([512, 5, 10, 32])
torch.Size([512, 5, 10, 32])
torch.Size([16, 5, 10, 32])
torch.Size([512, 5, 10, 32])
torch.Size([512, 5, 10, 32])
torch.Size([16, 5, 10, 32])
📊 Reward: -56.279 | Loss: 0.170
⏱ Iter 126 done | 🕒 IterTime: 1.91s | 🕘 Elapsed: 227.5s | ⏳ ETA: 26.3 min
🧠 Iteration 127 | Getting state...
⚙️ Scheduling...
✅ Schedule completed.
🔍 Verifying schedule...
📈 Updating policy...
torch.Size([512, 5, 10, 32])
torch.Size([512, 5, 10, 32])
torch.Size([16, 5, 10, 32])
torch.Size([512, 5, 10, 32])
torch.Size([512, 5, 10, 32])
torch.Size([16, 5, 10, 32])
torch.Size([512, 5, 10, 32])
torch.Size([512, 5, 10, 32])
torch.Size([16, 5, 10, 32])
📊 Reward: -56.279 | Loss: 0.108
⏱ Iter 127 done | 🕒 IterTime: 1.88s | 🕘 Elapsed: 229.4s | ⏳ ETA: 26.3 min
🧠 Iteration 128 | Getting state...
⚙️ Scheduling...
✅ Schedule completed.
🔍 Verifying schedule...
📈 Updating policy...
torch.Size([512, 5, 10, 32])
torch.Size([512, 5, 10, 32])
torch.Size([16, 5, 10, 32])
torch.Size([512, 5, 10, 32])
torch.Size([512, 5, 10, 32])
torch.Size([16, 5, 10, 32])
torch.Size([512, 5, 10, 32])
torch.Size([512, 5, 10, 32])
torch.Size([16, 5, 10, 32])
📊 Reward: -49.879 | Loss: 0.101
⏱ Iter 128 done | 🕒 IterTime: 1.88s | 🕘 Elapsed: 231.2s | ⏳ ETA: 26.3 min
🧠 Iteration 129 | Getting state...
⚙️ Scheduling...
✅ Schedule completed.
🔍 Verifying schedule...
📈 Updating policy...
torch.Size([512, 5, 10, 32])
torch.Size([512, 5, 10, 32])
torch.Size([16, 5, 10, 32])
torch.Size([512, 5, 10, 32])
torch.Size([512, 5, 10, 32])
torch.Size([16, 5, 10, 32])
torch.Size([512, 5, 10, 32])
torch.Size([512, 5, 10, 32])
torch.Size([16, 5, 10, 32])
📊 Reward: -56.129 | Loss: 0.084
⏱ Iter 129 done | 🕒 IterTime: 1.87s | 🕘 Elapsed: 233.1s | ⏳ ETA: 26.2 min
🧠 Iteration 130 | Getting state...
⚙️ Scheduling...
✅ Schedule completed.
🔍 Verifying schedule...
📈 Updating policy...
torch.Size([512, 5, 10, 32])
torch.Size([512, 5, 10, 32])
torch.Size([16, 5, 10, 32])
torch.Size([512, 5, 10, 32])
torch.Size([512, 5, 10, 32])
torch.Size([16, 5, 10, 32])
torch.Size([512, 5, 10, 32])
torch.Size([512, 5, 10, 32])
torch.Size([16, 5, 10, 32])
📊 Reward: -55.179 | Loss: 0.107

🧪 Validating policy...
There are 100 dev instances.
validating time:  1.6265628337860107 

⏱ Iter 130 done | 🕒 IterTime: 3.53s | 🕘 Elapsed: 236.6s | ⏳ ETA: 26.4 min
🧠 Iteration 131 | Getting state...
⚙️ Scheduling...
✅ Schedule completed.
🔍 Verifying schedule...
📈 Updating policy...
torch.Size([512, 5, 10, 32])
torch.Size([512, 5, 10, 32])
torch.Size([16, 5, 10, 32])
torch.Size([512, 5, 10, 32])
torch.Size([512, 5, 10, 32])
torch.Size([16, 5, 10, 32])
torch.Size([512, 5, 10, 32])
torch.Size([512, 5, 10, 32])
torch.Size([16, 5, 10, 32])
📊 Reward: -58.329 | Loss: 0.072
⏱ Iter 131 done | 🕒 IterTime: 1.85s | 🕘 Elapsed: 238.5s | ⏳ ETA: 26.4 min
🧠 Iteration 132 | Getting state...
⚙️ Scheduling...
✅ Schedule completed.
🔍 Verifying schedule...
📈 Updating policy...
torch.Size([512, 5, 10, 32])
torch.Size([512, 5, 10, 32])
torch.Size([16, 5, 10, 32])
torch.Size([512, 5, 10, 32])
torch.Size([512, 5, 10, 32])
torch.Size([16, 5, 10, 32])
torch.Size([512, 5, 10, 32])
torch.Size([512, 5, 10, 32])
torch.Size([16, 5, 10, 32])
📊 Reward: -57.379 | Loss: 0.091
⏱ Iter 132 done | 🕒 IterTime: 1.88s | 🕘 Elapsed: 240.4s | ⏳ ETA: 26.3 min
🧠 Iteration 133 | Getting state...
⚙️ Scheduling...
✅ Schedule completed.
🔍 Verifying schedule...
📈 Updating policy...
torch.Size([512, 5, 10, 32])
torch.Size([512, 5, 10, 32])
torch.Size([16, 5, 10, 32])
torch.Size([512, 5, 10, 32])
torch.Size([512, 5, 10, 32])
torch.Size([16, 5, 10, 32])
torch.Size([512, 5, 10, 32])
torch.Size([512, 5, 10, 32])
torch.Size([16, 5, 10, 32])
📊 Reward: -54.579 | Loss: 0.078
⏱ Iter 133 done | 🕒 IterTime: 1.96s | 🕘 Elapsed: 242.3s | ⏳ ETA: 26.3 min
🧠 Iteration 134 | Getting state...
⚙️ Scheduling...
✅ Schedule completed.
🔍 Verifying schedule...
📈 Updating policy...
torch.Size([512, 5, 10, 32])
torch.Size([512, 5, 10, 32])
torch.Size([16, 5, 10, 32])
torch.Size([512, 5, 10, 32])
torch.Size([512, 5, 10, 32])
torch.Size([16, 5, 10, 32])
torch.Size([512, 5, 10, 32])
torch.Size([512, 5, 10, 32])
torch.Size([16, 5, 10, 32])
📊 Reward: -53.179 | Loss: 0.114
⏱ Iter 134 done | 🕒 IterTime: 2.00s | 🕘 Elapsed: 244.3s | ⏳ ETA: 26.3 min
🧠 Iteration 135 | Getting state...
⚙️ Scheduling...
✅ Schedule completed.
🔍 Verifying schedule...
📈 Updating policy...
torch.Size([512, 5, 10, 32])
torch.Size([512, 5, 10, 32])
torch.Size([16, 5, 10, 32])
torch.Size([512, 5, 10, 32])
torch.Size([512, 5, 10, 32])
torch.Size([16, 5, 10, 32])
torch.Size([512, 5, 10, 32])
torch.Size([512, 5, 10, 32])
torch.Size([16, 5, 10, 32])
📊 Reward: -58.979 | Loss: 0.082
⏱ Iter 135 done | 🕒 IterTime: 2.05s | 🕘 Elapsed: 246.4s | ⏳ ETA: 26.3 min
🧠 Iteration 136 | Getting state...
⚙️ Scheduling...
✅ Schedule completed.
🔍 Verifying schedule...
📈 Updating policy...
torch.Size([512, 5, 10, 32])
torch.Size([512, 5, 10, 32])
torch.Size([16, 5, 10, 32])
torch.Size([512, 5, 10, 32])
torch.Size([512, 5, 10, 32])
torch.Size([16, 5, 10, 32])
torch.Size([512, 5, 10, 32])
torch.Size([512, 5, 10, 32])
torch.Size([16, 5, 10, 32])
📊 Reward: -54.829 | Loss: 0.017
⏱ Iter 136 done | 🕒 IterTime: 2.03s | 🕘 Elapsed: 248.4s | ⏳ ETA: 26.3 min
🧠 Iteration 137 | Getting state...
⚙️ Scheduling...
✅ Schedule completed.
🔍 Verifying schedule...
📈 Updating policy...
torch.Size([512, 5, 10, 32])
torch.Size([512, 5, 10, 32])
torch.Size([16, 5, 10, 32])
torch.Size([512, 5, 10, 32])
torch.Size([512, 5, 10, 32])
torch.Size([16, 5, 10, 32])
torch.Size([512, 5, 10, 32])
torch.Size([512, 5, 10, 32])
torch.Size([16, 5, 10, 32])
📊 Reward: -56.979 | Loss: 0.101
⏱ Iter 137 done | 🕒 IterTime: 2.00s | 🕘 Elapsed: 250.4s | ⏳ ETA: 26.3 min
🧠 Iteration 138 | Getting state...
⚙️ Scheduling...
✅ Schedule completed.
🔍 Verifying schedule...
📈 Updating policy...
torch.Size([512, 5, 10, 32])
torch.Size([512, 5, 10, 32])
torch.Size([16, 5, 10, 32])
torch.Size([512, 5, 10, 32])
torch.Size([512, 5, 10, 32])
torch.Size([16, 5, 10, 32])
torch.Size([512, 5, 10, 32])
torch.Size([512, 5, 10, 32])
torch.Size([16, 5, 10, 32])
📊 Reward: -56.929 | Loss: 0.097
⏱ Iter 138 done | 🕒 IterTime: 1.97s | 🕘 Elapsed: 252.4s | ⏳ ETA: 26.3 min
🧠 Iteration 139 | Getting state...
⚙️ Scheduling...
✅ Schedule completed.
🔍 Verifying schedule...
📈 Updating policy...
torch.Size([512, 5, 10, 32])
torch.Size([512, 5, 10, 32])
torch.Size([16, 5, 10, 32])
torch.Size([512, 5, 10, 32])
torch.Size([512, 5, 10, 32])
torch.Size([16, 5, 10, 32])
torch.Size([512, 5, 10, 32])
torch.Size([512, 5, 10, 32])
torch.Size([16, 5, 10, 32])
📊 Reward: -56.079 | Loss: 0.002
⏱ Iter 139 done | 🕒 IterTime: 1.96s | 🕘 Elapsed: 254.3s | ⏳ ETA: 26.3 min
🧠 Iteration 140 | Getting state...
⚙️ Scheduling...
✅ Schedule completed.
🔍 Verifying schedule...
📈 Updating policy...
torch.Size([512, 5, 10, 32])
torch.Size([512, 5, 10, 32])
torch.Size([16, 5, 10, 32])
torch.Size([512, 5, 10, 32])
torch.Size([512, 5, 10, 32])
torch.Size([16, 5, 10, 32])
torch.Size([512, 5, 10, 32])
torch.Size([512, 5, 10, 32])
torch.Size([16, 5, 10, 32])
📊 Reward: -56.929 | Loss: 0.015

🧪 Validating policy...
There are 100 dev instances.
validating time:  1.7066521644592285 

⏱ Iter 140 done | 🕒 IterTime: 3.66s | 🕘 Elapsed: 258.0s | ⏳ ETA: 26.4 min
[15:10:29] 🔄 Refreshing training instances...
📦 num_jobs: 10, num_mas: 5, num_opes: 46
🧠 Iteration 141 | Getting state...
⚙️ Scheduling...
✅ Schedule completed.
🔍 Verifying schedule...
📈 Updating policy...
torch.Size([512, 5, 10, 32])
torch.Size([408, 5, 10, 32])
torch.Size([512, 5, 10, 32])
torch.Size([408, 5, 10, 32])
torch.Size([512, 5, 10, 32])
torch.Size([408, 5, 10, 32])
📊 Reward: -46.065 | Loss: 0.074
⏱ Iter 141 done | 🕒 IterTime: 1.57s | 🕘 Elapsed: 259.6s | ⏳ ETA: 26.4 min
🧠 Iteration 142 | Getting state...
⚙️ Scheduling...
✅ Schedule completed.
🔍 Verifying schedule...
📈 Updating policy...
torch.Size([512, 5, 10, 32])
torch.Size([408, 5, 10, 32])
torch.Size([512, 5, 10, 32])
torch.Size([408, 5, 10, 32])
torch.Size([512, 5, 10, 32])
torch.Size([408, 5, 10, 32])
📊 Reward: -46.815 | Loss: 0.133
⏱ Iter 142 done | 🕒 IterTime: 1.46s | 🕘 Elapsed: 261.0s | ⏳ ETA: 26.3 min
🧠 Iteration 143 | Getting state...
⚙️ Scheduling...
✅ Schedule completed.
🔍 Verifying schedule...
📈 Updating policy...
torch.Size([512, 5, 10, 32])
torch.Size([408, 5, 10, 32])
torch.Size([512, 5, 10, 32])
torch.Size([408, 5, 10, 32])
torch.Size([512, 5, 10, 32])
torch.Size([408, 5, 10, 32])
📊 Reward: -44.365 | Loss: 0.087
⏱ Iter 143 done | 🕒 IterTime: 1.43s | 🕘 Elapsed: 262.5s | ⏳ ETA: 26.2 min
🧠 Iteration 144 | Getting state...
⚙️ Scheduling...
✅ Schedule completed.
🔍 Verifying schedule...
📈 Updating policy...
torch.Size([512, 5, 10, 32])
torch.Size([408, 5, 10, 32])
torch.Size([512, 5, 10, 32])
torch.Size([408, 5, 10, 32])
torch.Size([512, 5, 10, 32])
torch.Size([408, 5, 10, 32])
📊 Reward: -43.665 | Loss: 0.117
⏱ Iter 144 done | 🕒 IterTime: 1.42s | 🕘 Elapsed: 263.9s | ⏳ ETA: 26.1 min
🧠 Iteration 145 | Getting state...
⚙️ Scheduling...
✅ Schedule completed.
🔍 Verifying schedule...
📈 Updating policy...
torch.Size([512, 5, 10, 32])
torch.Size([408, 5, 10, 32])
torch.Size([512, 5, 10, 32])
torch.Size([408, 5, 10, 32])
torch.Size([512, 5, 10, 32])
torch.Size([408, 5, 10, 32])
📊 Reward: -49.565 | Loss: 0.045
⏱ Iter 145 done | 🕒 IterTime: 1.37s | 🕘 Elapsed: 265.3s | ⏳ ETA: 26.1 min
🧠 Iteration 146 | Getting state...
⚙️ Scheduling...
✅ Schedule completed.
🔍 Verifying schedule...
📈 Updating policy...
torch.Size([512, 5, 10, 32])
torch.Size([408, 5, 10, 32])
torch.Size([512, 5, 10, 32])
torch.Size([408, 5, 10, 32])
torch.Size([512, 5, 10, 32])
torch.Size([408, 5, 10, 32])
📊 Reward: -43.565 | Loss: 0.117
⏱ Iter 146 done | 🕒 IterTime: 1.38s | 🕘 Elapsed: 266.6s | ⏳ ETA: 26.0 min
🧠 Iteration 147 | Getting state...
⚙️ Scheduling...
✅ Schedule completed.
🔍 Verifying schedule...
📈 Updating policy...
torch.Size([512, 5, 10, 32])
torch.Size([408, 5, 10, 32])
torch.Size([512, 5, 10, 32])
torch.Size([408, 5, 10, 32])
torch.Size([512, 5, 10, 32])
torch.Size([408, 5, 10, 32])
📊 Reward: -42.315 | Loss: 0.101
⏱ Iter 147 done | 🕒 IterTime: 1.43s | 🕘 Elapsed: 268.1s | ⏳ ETA: 25.9 min
🧠 Iteration 148 | Getting state...
⚙️ Scheduling...
✅ Schedule completed.
🔍 Verifying schedule...
📈 Updating policy...
torch.Size([512, 5, 10, 32])
torch.Size([408, 5, 10, 32])
torch.Size([512, 5, 10, 32])
torch.Size([408, 5, 10, 32])
torch.Size([512, 5, 10, 32])
torch.Size([408, 5, 10, 32])
📊 Reward: -44.165 | Loss: 0.060
⏱ Iter 148 done | 🕒 IterTime: 1.44s | 🕘 Elapsed: 269.5s | ⏳ ETA: 25.9 min
🧠 Iteration 149 | Getting state...
⚙️ Scheduling...
✅ Schedule completed.
🔍 Verifying schedule...
📈 Updating policy...
torch.Size([512, 5, 10, 32])
torch.Size([408, 5, 10, 32])
torch.Size([512, 5, 10, 32])
torch.Size([408, 5, 10, 32])
torch.Size([512, 5, 10, 32])
torch.Size([408, 5, 10, 32])
📊 Reward: -45.465 | Loss: 0.096
⏱ Iter 149 done | 🕒 IterTime: 1.42s | 🕘 Elapsed: 270.9s | ⏳ ETA: 25.8 min
🧠 Iteration 150 | Getting state...
⚙️ Scheduling...
✅ Schedule completed.
🔍 Verifying schedule...
📈 Updating policy...
torch.Size([512, 5, 10, 32])
torch.Size([408, 5, 10, 32])
torch.Size([512, 5, 10, 32])
torch.Size([408, 5, 10, 32])
torch.Size([512, 5, 10, 32])
torch.Size([408, 5, 10, 32])
📊 Reward: -39.915 | Loss: 0.119

🧪 Validating policy...
There are 100 dev instances.
validating time:  1.6011250019073486 

⏱ Iter 150 done | 🕒 IterTime: 3.00s | 🕘 Elapsed: 273.9s | ⏳ ETA: 25.9 min
🧠 Iteration 151 | Getting state...
⚙️ Scheduling...
✅ Schedule completed.
🔍 Verifying schedule...
📈 Updating policy...
torch.Size([512, 5, 10, 32])
torch.Size([408, 5, 10, 32])
torch.Size([512, 5, 10, 32])
torch.Size([408, 5, 10, 32])
torch.Size([512, 5, 10, 32])
torch.Size([408, 5, 10, 32])
📊 Reward: -49.665 | Loss: 0.061
⏱ Iter 151 done | 🕒 IterTime: 1.45s | 🕘 Elapsed: 275.4s | ⏳ ETA: 25.8 min
🧠 Iteration 152 | Getting state...
⚙️ Scheduling...
✅ Schedule completed.
🔍 Verifying schedule...
📈 Updating policy...
torch.Size([512, 5, 10, 32])
torch.Size([408, 5, 10, 32])
torch.Size([512, 5, 10, 32])
torch.Size([408, 5, 10, 32])
torch.Size([512, 5, 10, 32])
torch.Size([408, 5, 10, 32])
📊 Reward: -44.715 | Loss: 0.126
⏱ Iter 152 done | 🕒 IterTime: 1.39s | 🕘 Elapsed: 276.8s | ⏳ ETA: 25.7 min
🧠 Iteration 153 | Getting state...
⚙️ Scheduling...
✅ Schedule completed.
🔍 Verifying schedule...
📈 Updating policy...
torch.Size([512, 5, 10, 32])
torch.Size([408, 5, 10, 32])
torch.Size([512, 5, 10, 32])
torch.Size([408, 5, 10, 32])
torch.Size([512, 5, 10, 32])
torch.Size([408, 5, 10, 32])
📊 Reward: -41.065 | Loss: 0.119
⏱ Iter 153 done | 🕒 IterTime: 1.37s | 🕘 Elapsed: 278.1s | ⏳ ETA: 25.7 min
🧠 Iteration 154 | Getting state...
⚙️ Scheduling...
✅ Schedule completed.
🔍 Verifying schedule...
📈 Updating policy...
torch.Size([512, 5, 10, 32])
torch.Size([408, 5, 10, 32])
torch.Size([512, 5, 10, 32])
torch.Size([408, 5, 10, 32])
torch.Size([512, 5, 10, 32])
torch.Size([408, 5, 10, 32])
📊 Reward: -45.015 | Loss: 0.069
⏱ Iter 154 done | 🕒 IterTime: 1.39s | 🕘 Elapsed: 279.5s | ⏳ ETA: 25.6 min
🧠 Iteration 155 | Getting state...
⚙️ Scheduling...
✅ Schedule completed.
🔍 Verifying schedule...
📈 Updating policy...
torch.Size([512, 5, 10, 32])
torch.Size([408, 5, 10, 32])
torch.Size([512, 5, 10, 32])
torch.Size([408, 5, 10, 32])
torch.Size([512, 5, 10, 32])
torch.Size([408, 5, 10, 32])
📊 Reward: -44.265 | Loss: 0.106
⏱ Iter 155 done | 🕒 IterTime: 1.46s | 🕘 Elapsed: 281.0s | ⏳ ETA: 25.5 min
🧠 Iteration 156 | Getting state...
⚙️ Scheduling...
✅ Schedule completed.
🔍 Verifying schedule...
📈 Updating policy...
torch.Size([512, 5, 10, 32])
torch.Size([408, 5, 10, 32])
torch.Size([512, 5, 10, 32])
torch.Size([408, 5, 10, 32])
torch.Size([512, 5, 10, 32])
torch.Size([408, 5, 10, 32])
📊 Reward: -42.865 | Loss: 0.109
⏱ Iter 156 done | 🕒 IterTime: 1.40s | 🕘 Elapsed: 282.4s | ⏳ ETA: 25.5 min
🧠 Iteration 157 | Getting state...
⚙️ Scheduling...
✅ Schedule completed.
🔍 Verifying schedule...
📈 Updating policy...
torch.Size([512, 5, 10, 32])
torch.Size([408, 5, 10, 32])
torch.Size([512, 5, 10, 32])
torch.Size([408, 5, 10, 32])
torch.Size([512, 5, 10, 32])
torch.Size([408, 5, 10, 32])
📊 Reward: -50.165 | Loss: 0.097
⏱ Iter 157 done | 🕒 IterTime: 1.41s | 🕘 Elapsed: 283.8s | ⏳ ETA: 25.4 min
🧠 Iteration 158 | Getting state...
⚙️ Scheduling...
✅ Schedule completed.
🔍 Verifying schedule...
📈 Updating policy...
torch.Size([512, 5, 10, 32])
torch.Size([408, 5, 10, 32])
torch.Size([512, 5, 10, 32])
torch.Size([408, 5, 10, 32])
torch.Size([512, 5, 10, 32])
torch.Size([408, 5, 10, 32])
📊 Reward: -44.265 | Loss: 0.093
⏱ Iter 158 done | 🕒 IterTime: 1.46s | 🕘 Elapsed: 285.2s | ⏳ ETA: 25.3 min
🧠 Iteration 159 | Getting state...
⚙️ Scheduling...
✅ Schedule completed.
🔍 Verifying schedule...
📈 Updating policy...
torch.Size([512, 5, 10, 32])
torch.Size([408, 5, 10, 32])
torch.Size([512, 5, 10, 32])
torch.Size([408, 5, 10, 32])
torch.Size([512, 5, 10, 32])
torch.Size([408, 5, 10, 32])
📊 Reward: -46.065 | Loss: 0.085
⏱ Iter 159 done | 🕒 IterTime: 1.38s | 🕘 Elapsed: 286.6s | ⏳ ETA: 25.3 min
🧠 Iteration 160 | Getting state...
⚙️ Scheduling...
✅ Schedule completed.
🔍 Verifying schedule...
📈 Updating policy...
torch.Size([512, 5, 10, 32])
torch.Size([408, 5, 10, 32])
torch.Size([512, 5, 10, 32])
torch.Size([408, 5, 10, 32])
torch.Size([512, 5, 10, 32])
torch.Size([408, 5, 10, 32])
📊 Reward: -47.415 | Loss: 0.043

🧪 Validating policy...
There are 100 dev instances.
validating time:  1.5520944595336914 

⏱ Iter 160 done | 🕒 IterTime: 3.04s | 🕘 Elapsed: 289.7s | ⏳ ETA: 25.3 min
[15:11:00] 🔄 Refreshing training instances...
📦 num_jobs: 10, num_mas: 5, num_opes: 55
🧠 Iteration 161 | Getting state...
⚙️ Scheduling...
✅ Schedule completed.
🔍 Verifying schedule...
📈 Updating policy...
torch.Size([512, 5, 10, 32])
torch.Size([512, 5, 10, 32])
torch.Size([76, 5, 10, 32])
torch.Size([512, 5, 10, 32])
torch.Size([512, 5, 10, 32])
torch.Size([76, 5, 10, 32])
torch.Size([512, 5, 10, 32])
torch.Size([512, 5, 10, 32])
torch.Size([76, 5, 10, 32])
📊 Reward: -64.445 | Loss: 0.131
⏱ Iter 161 done | 🕒 IterTime: 2.15s | 🕘 Elapsed: 291.8s | ⏳ ETA: 25.3 min
🧠 Iteration 162 | Getting state...
⚙️ Scheduling...
✅ Schedule completed.
🔍 Verifying schedule...
📈 Updating policy...
torch.Size([512, 5, 10, 32])
torch.Size([512, 5, 10, 32])
torch.Size([76, 5, 10, 32])
torch.Size([512, 5, 10, 32])
torch.Size([512, 5, 10, 32])
torch.Size([76, 5, 10, 32])
torch.Size([512, 5, 10, 32])
torch.Size([512, 5, 10, 32])
torch.Size([76, 5, 10, 32])
📊 Reward: -64.645 | Loss: 0.075
⏱ Iter 162 done | 🕒 IterTime: 2.08s | 🕘 Elapsed: 293.9s | ⏳ ETA: 25.3 min
🧠 Iteration 163 | Getting state...
⚙️ Scheduling...
✅ Schedule completed.
🔍 Verifying schedule...
📈 Updating policy...
torch.Size([512, 5, 10, 32])
torch.Size([512, 5, 10, 32])
torch.Size([76, 5, 10, 32])
torch.Size([512, 5, 10, 32])
torch.Size([512, 5, 10, 32])
torch.Size([76, 5, 10, 32])
torch.Size([512, 5, 10, 32])
torch.Size([512, 5, 10, 32])
torch.Size([76, 5, 10, 32])
📊 Reward: -60.695 | Loss: 0.093
⏱ Iter 163 done | 🕒 IterTime: 2.17s | 🕘 Elapsed: 296.1s | ⏳ ETA: 25.3 min
🧠 Iteration 164 | Getting state...
⚙️ Scheduling...
✅ Schedule completed.
🔍 Verifying schedule...
📈 Updating policy...
torch.Size([512, 5, 10, 32])
torch.Size([512, 5, 10, 32])
torch.Size([76, 5, 10, 32])
torch.Size([512, 5, 10, 32])
torch.Size([512, 5, 10, 32])
torch.Size([76, 5, 10, 32])
torch.Size([512, 5, 10, 32])
torch.Size([512, 5, 10, 32])
torch.Size([76, 5, 10, 32])
📊 Reward: -59.245 | Loss: 0.042
⏱ Iter 164 done | 🕒 IterTime: 2.21s | 🕘 Elapsed: 298.3s | ⏳ ETA: 25.3 min
🧠 Iteration 165 | Getting state...
⚙️ Scheduling...
✅ Schedule completed.
🔍 Verifying schedule...
📈 Updating policy...
torch.Size([512, 5, 10, 32])
torch.Size([512, 5, 10, 32])
torch.Size([76, 5, 10, 32])
torch.Size([512, 5, 10, 32])
torch.Size([512, 5, 10, 32])
torch.Size([76, 5, 10, 32])
torch.Size([512, 5, 10, 32])
torch.Size([512, 5, 10, 32])
torch.Size([76, 5, 10, 32])
📊 Reward: -60.845 | Loss: 0.001
⏱ Iter 165 done | 🕒 IterTime: 1.97s | 🕘 Elapsed: 300.2s | ⏳ ETA: 25.3 min
🧠 Iteration 166 | Getting state...
⚙️ Scheduling...
✅ Schedule completed.
🔍 Verifying schedule...
📈 Updating policy...
torch.Size([512, 5, 10, 32])
torch.Size([512, 5, 10, 32])
torch.Size([76, 5, 10, 32])
torch.Size([512, 5, 10, 32])
torch.Size([512, 5, 10, 32])
torch.Size([76, 5, 10, 32])
torch.Size([512, 5, 10, 32])
torch.Size([512, 5, 10, 32])
torch.Size([76, 5, 10, 32])
📊 Reward: -64.745 | Loss: 0.043
⏱ Iter 166 done | 🕒 IterTime: 1.94s | 🕘 Elapsed: 302.2s | ⏳ ETA: 25.3 min
🧠 Iteration 167 | Getting state...
⚙️ Scheduling...
✅ Schedule completed.
🔍 Verifying schedule...
📈 Updating policy...
torch.Size([512, 5, 10, 32])
torch.Size([512, 5, 10, 32])
torch.Size([76, 5, 10, 32])
torch.Size([512, 5, 10, 32])
torch.Size([512, 5, 10, 32])
torch.Size([76, 5, 10, 32])
torch.Size([512, 5, 10, 32])
torch.Size([512, 5, 10, 32])
torch.Size([76, 5, 10, 32])
📊 Reward: -64.195 | Loss: 0.067
⏱ Iter 167 done | 🕒 IterTime: 2.07s | 🕘 Elapsed: 304.3s | ⏳ ETA: 25.3 min
🧠 Iteration 168 | Getting state...
⚙️ Scheduling...
✅ Schedule completed.
🔍 Verifying schedule...
📈 Updating policy...
torch.Size([512, 5, 10, 32])
torch.Size([512, 5, 10, 32])
torch.Size([76, 5, 10, 32])
torch.Size([512, 5, 10, 32])
torch.Size([512, 5, 10, 32])
torch.Size([76, 5, 10, 32])
torch.Size([512, 5, 10, 32])
torch.Size([512, 5, 10, 32])
torch.Size([76, 5, 10, 32])
📊 Reward: -63.795 | Loss: 0.073
⏱ Iter 168 done | 🕒 IterTime: 2.01s | 🕘 Elapsed: 306.3s | ⏳ ETA: 25.3 min
🧠 Iteration 169 | Getting state...
⚙️ Scheduling...
✅ Schedule completed.
🔍 Verifying schedule...
📈 Updating policy...
torch.Size([512, 5, 10, 32])
torch.Size([512, 5, 10, 32])
torch.Size([76, 5, 10, 32])
torch.Size([512, 5, 10, 32])
torch.Size([512, 5, 10, 32])
torch.Size([76, 5, 10, 32])
torch.Size([512, 5, 10, 32])
torch.Size([512, 5, 10, 32])
torch.Size([76, 5, 10, 32])
📊 Reward: -66.245 | Loss: -0.039
⏱ Iter 169 done | 🕒 IterTime: 1.96s | 🕘 Elapsed: 308.2s | ⏳ ETA: 25.3 min
🧠 Iteration 170 | Getting state...
⚙️ Scheduling...
✅ Schedule completed.
🔍 Verifying schedule...
📈 Updating policy...
torch.Size([512, 5, 10, 32])
torch.Size([512, 5, 10, 32])
torch.Size([76, 5, 10, 32])
torch.Size([512, 5, 10, 32])
torch.Size([512, 5, 10, 32])
torch.Size([76, 5, 10, 32])
torch.Size([512, 5, 10, 32])
torch.Size([512, 5, 10, 32])
torch.Size([76, 5, 10, 32])
📊 Reward: -65.045 | Loss: 0.063

🧪 Validating policy...
There are 100 dev instances.
validating time:  1.570798397064209 

⏱ Iter 170 done | 🕒 IterTime: 3.54s | 🕘 Elapsed: 311.8s | ⏳ ETA: 25.4 min
🧠 Iteration 171 | Getting state...
⚙️ Scheduling...
✅ Schedule completed.
🔍 Verifying schedule...
📈 Updating policy...
torch.Size([512, 5, 10, 32])
torch.Size([512, 5, 10, 32])
torch.Size([76, 5, 10, 32])
torch.Size([512, 5, 10, 32])
torch.Size([512, 5, 10, 32])
torch.Size([76, 5, 10, 32])
torch.Size([512, 5, 10, 32])
torch.Size([512, 5, 10, 32])
torch.Size([76, 5, 10, 32])
📊 Reward: -59.295 | Loss: 0.133
⏱ Iter 171 done | 🕒 IterTime: 2.01s | 🕘 Elapsed: 313.8s | ⏳ ETA: 25.4 min
🧠 Iteration 172 | Getting state...
⚙️ Scheduling...
✅ Schedule completed.
🔍 Verifying schedule...
📈 Updating policy...
torch.Size([512, 5, 10, 32])
torch.Size([512, 5, 10, 32])
torch.Size([76, 5, 10, 32])
torch.Size([512, 5, 10, 32])
torch.Size([512, 5, 10, 32])
torch.Size([76, 5, 10, 32])
torch.Size([512, 5, 10, 32])
torch.Size([512, 5, 10, 32])
torch.Size([76, 5, 10, 32])
📊 Reward: -59.195 | Loss: 0.128
⏱ Iter 172 done | 🕒 IterTime: 1.96s | 🕘 Elapsed: 315.7s | ⏳ ETA: 25.3 min
🧠 Iteration 173 | Getting state...
⚙️ Scheduling...
✅ Schedule completed.
🔍 Verifying schedule...
📈 Updating policy...
torch.Size([512, 5, 10, 32])
torch.Size([512, 5, 10, 32])
torch.Size([76, 5, 10, 32])
torch.Size([512, 5, 10, 32])
torch.Size([512, 5, 10, 32])
torch.Size([76, 5, 10, 32])
torch.Size([512, 5, 10, 32])
torch.Size([512, 5, 10, 32])
torch.Size([76, 5, 10, 32])
📊 Reward: -61.345 | Loss: 0.024
⏱ Iter 173 done | 🕒 IterTime: 2.01s | 🕘 Elapsed: 317.7s | ⏳ ETA: 25.3 min
🧠 Iteration 174 | Getting state...
⚙️ Scheduling...
✅ Schedule completed.
🔍 Verifying schedule...
📈 Updating policy...
torch.Size([512, 5, 10, 32])
torch.Size([512, 5, 10, 32])
torch.Size([76, 5, 10, 32])
torch.Size([512, 5, 10, 32])
torch.Size([512, 5, 10, 32])
torch.Size([76, 5, 10, 32])
torch.Size([512, 5, 10, 32])
torch.Size([512, 5, 10, 32])
torch.Size([76, 5, 10, 32])
📊 Reward: -68.245 | Loss: -0.029
⏱ Iter 174 done | 🕒 IterTime: 2.04s | 🕘 Elapsed: 319.8s | ⏳ ETA: 25.3 min
🧠 Iteration 175 | Getting state...
⚙️ Scheduling...
✅ Schedule completed.
🔍 Verifying schedule...
📈 Updating policy...
torch.Size([512, 5, 10, 32])
torch.Size([512, 5, 10, 32])
torch.Size([76, 5, 10, 32])
torch.Size([512, 5, 10, 32])
torch.Size([512, 5, 10, 32])
torch.Size([76, 5, 10, 32])
torch.Size([512, 5, 10, 32])
torch.Size([512, 5, 10, 32])
torch.Size([76, 5, 10, 32])
📊 Reward: -61.745 | Loss: 0.045
⏱ Iter 175 done | 🕒 IterTime: 2.06s | 🕘 Elapsed: 321.9s | ⏳ ETA: 25.3 min
🧠 Iteration 176 | Getting state...
⚙️ Scheduling...
✅ Schedule completed.
🔍 Verifying schedule...
📈 Updating policy...
torch.Size([512, 5, 10, 32])
torch.Size([512, 5, 10, 32])
torch.Size([76, 5, 10, 32])
torch.Size([512, 5, 10, 32])
torch.Size([512, 5, 10, 32])
torch.Size([76, 5, 10, 32])
torch.Size([512, 5, 10, 32])
torch.Size([512, 5, 10, 32])
torch.Size([76, 5, 10, 32])
📊 Reward: -66.645 | Loss: 0.006
⏱ Iter 176 done | 🕒 IterTime: 2.06s | 🕘 Elapsed: 323.9s | ⏳ ETA: 25.3 min
🧠 Iteration 177 | Getting state...
⚙️ Scheduling...
✅ Schedule completed.
🔍 Verifying schedule...
📈 Updating policy...
torch.Size([512, 5, 10, 32])
torch.Size([512, 5, 10, 32])
torch.Size([76, 5, 10, 32])
torch.Size([512, 5, 10, 32])
torch.Size([512, 5, 10, 32])
torch.Size([76, 5, 10, 32])
torch.Size([512, 5, 10, 32])
torch.Size([512, 5, 10, 32])
torch.Size([76, 5, 10, 32])
📊 Reward: -66.795 | Loss: 0.061
⏱ Iter 177 done | 🕒 IterTime: 2.04s | 🕘 Elapsed: 326.0s | ⏳ ETA: 25.3 min
🧠 Iteration 178 | Getting state...
⚙️ Scheduling...
✅ Schedule completed.
🔍 Verifying schedule...
📈 Updating policy...
torch.Size([512, 5, 10, 32])
torch.Size([512, 5, 10, 32])
torch.Size([76, 5, 10, 32])
torch.Size([512, 5, 10, 32])
torch.Size([512, 5, 10, 32])
torch.Size([76, 5, 10, 32])
torch.Size([512, 5, 10, 32])
torch.Size([512, 5, 10, 32])
torch.Size([76, 5, 10, 32])
📊 Reward: -61.545 | Loss: 0.132
⏱ Iter 178 done | 🕒 IterTime: 2.08s | 🕘 Elapsed: 328.0s | ⏳ ETA: 25.2 min
🧠 Iteration 179 | Getting state...
⚙️ Scheduling...
✅ Schedule completed.
🔍 Verifying schedule...
📈 Updating policy...
torch.Size([512, 5, 10, 32])
torch.Size([512, 5, 10, 32])
torch.Size([76, 5, 10, 32])
torch.Size([512, 5, 10, 32])
torch.Size([512, 5, 10, 32])
torch.Size([76, 5, 10, 32])
torch.Size([512, 5, 10, 32])
torch.Size([512, 5, 10, 32])
torch.Size([76, 5, 10, 32])
📊 Reward: -61.145 | Loss: 0.043
⏱ Iter 179 done | 🕒 IterTime: 2.07s | 🕘 Elapsed: 330.1s | ⏳ ETA: 25.2 min
🧠 Iteration 180 | Getting state...
⚙️ Scheduling...
✅ Schedule completed.
🔍 Verifying schedule...
📈 Updating policy...
torch.Size([512, 5, 10, 32])
torch.Size([512, 5, 10, 32])
torch.Size([76, 5, 10, 32])
torch.Size([512, 5, 10, 32])
torch.Size([512, 5, 10, 32])
torch.Size([76, 5, 10, 32])
torch.Size([512, 5, 10, 32])
torch.Size([512, 5, 10, 32])
torch.Size([76, 5, 10, 32])
📊 Reward: -60.045 | Loss: 0.067

🧪 Validating policy...
There are 100 dev instances.
validating time:  1.7549469470977783 

⏱ Iter 180 done | 🕒 IterTime: 3.85s | 🕘 Elapsed: 333.9s | ⏳ ETA: 25.4 min
[15:11:45] 🔄 Refreshing training instances...
📦 num_jobs: 10, num_mas: 5, num_opes: 48
🧠 Iteration 181 | Getting state...
⚙️ Scheduling...
✅ Schedule completed.
🔍 Verifying schedule...
📈 Updating policy...
torch.Size([512, 5, 10, 32])
torch.Size([448, 5, 10, 32])
torch.Size([512, 5, 10, 32])
torch.Size([448, 5, 10, 32])
torch.Size([512, 5, 10, 32])
torch.Size([448, 5, 10, 32])
📊 Reward: -55.239 | Loss: 0.061
⏱ Iter 181 done | 🕒 IterTime: 1.65s | 🕘 Elapsed: 335.6s | ⏳ ETA: 25.3 min
🧠 Iteration 182 | Getting state...
⚙️ Scheduling...
✅ Schedule completed.
🔍 Verifying schedule...
📈 Updating policy...
torch.Size([512, 5, 10, 32])
torch.Size([448, 5, 10, 32])
torch.Size([512, 5, 10, 32])
torch.Size([448, 5, 10, 32])
torch.Size([512, 5, 10, 32])
torch.Size([448, 5, 10, 32])
📊 Reward: -56.189 | Loss: 0.065
⏱ Iter 182 done | 🕒 IterTime: 1.57s | 🕘 Elapsed: 337.2s | ⏳ ETA: 25.3 min
🧠 Iteration 183 | Getting state...
⚙️ Scheduling...
✅ Schedule completed.
🔍 Verifying schedule...
📈 Updating policy...
torch.Size([512, 5, 10, 32])
torch.Size([448, 5, 10, 32])
torch.Size([512, 5, 10, 32])
torch.Size([448, 5, 10, 32])
torch.Size([512, 5, 10, 32])
torch.Size([448, 5, 10, 32])
📊 Reward: -54.139 | Loss: 0.053
⏱ Iter 183 done | 🕒 IterTime: 1.62s | 🕘 Elapsed: 338.8s | ⏳ ETA: 25.2 min
🧠 Iteration 184 | Getting state...
⚙️ Scheduling...
✅ Schedule completed.
🔍 Verifying schedule...
📈 Updating policy...
torch.Size([512, 5, 10, 32])
torch.Size([448, 5, 10, 32])
torch.Size([512, 5, 10, 32])
torch.Size([448, 5, 10, 32])
torch.Size([512, 5, 10, 32])
torch.Size([448, 5, 10, 32])
📊 Reward: -57.039 | Loss: 0.029
⏱ Iter 184 done | 🕒 IterTime: 1.63s | 🕘 Elapsed: 340.4s | ⏳ ETA: 25.2 min
🧠 Iteration 185 | Getting state...
⚙️ Scheduling...
✅ Schedule completed.
🔍 Verifying schedule...
📈 Updating policy...
torch.Size([512, 5, 10, 32])
torch.Size([448, 5, 10, 32])
torch.Size([512, 5, 10, 32])
torch.Size([448, 5, 10, 32])
torch.Size([512, 5, 10, 32])
torch.Size([448, 5, 10, 32])
📊 Reward: -54.189 | Loss: 0.093
⏱ Iter 185 done | 🕒 IterTime: 1.49s | 🕘 Elapsed: 341.9s | ⏳ ETA: 25.1 min
🧠 Iteration 186 | Getting state...
⚙️ Scheduling...
✅ Schedule completed.
🔍 Verifying schedule...
📈 Updating policy...
torch.Size([512, 5, 10, 32])
torch.Size([448, 5, 10, 32])
torch.Size([512, 5, 10, 32])
torch.Size([448, 5, 10, 32])
torch.Size([512, 5, 10, 32])
torch.Size([448, 5, 10, 32])
📊 Reward: -54.689 | Loss: 0.044
⏱ Iter 186 done | 🕒 IterTime: 1.48s | 🕘 Elapsed: 343.4s | ⏳ ETA: 25.0 min
🧠 Iteration 187 | Getting state...
⚙️ Scheduling...
✅ Schedule completed.
🔍 Verifying schedule...
📈 Updating policy...
torch.Size([512, 5, 10, 32])
torch.Size([448, 5, 10, 32])
torch.Size([512, 5, 10, 32])
torch.Size([448, 5, 10, 32])
torch.Size([512, 5, 10, 32])
torch.Size([448, 5, 10, 32])
📊 Reward: -56.389 | Loss: -0.006
⏱ Iter 187 done | 🕒 IterTime: 1.47s | 🕘 Elapsed: 344.8s | ⏳ ETA: 25.0 min
🧠 Iteration 188 | Getting state...
⚙️ Scheduling...
✅ Schedule completed.
🔍 Verifying schedule...
📈 Updating policy...
torch.Size([512, 5, 10, 32])
torch.Size([448, 5, 10, 32])
torch.Size([512, 5, 10, 32])
torch.Size([448, 5, 10, 32])
torch.Size([512, 5, 10, 32])
torch.Size([448, 5, 10, 32])
📊 Reward: -53.239 | Loss: 0.067
⏱ Iter 188 done | 🕒 IterTime: 1.49s | 🕘 Elapsed: 346.3s | ⏳ ETA: 24.9 min
🧠 Iteration 189 | Getting state...
⚙️ Scheduling...
✅ Schedule completed.
🔍 Verifying schedule...
📈 Updating policy...
torch.Size([512, 5, 10, 32])
torch.Size([448, 5, 10, 32])
torch.Size([512, 5, 10, 32])
torch.Size([448, 5, 10, 32])
torch.Size([512, 5, 10, 32])
torch.Size([448, 5, 10, 32])
📊 Reward: -56.939 | Loss: 0.016
⏱ Iter 189 done | 🕒 IterTime: 1.48s | 🕘 Elapsed: 347.8s | ⏳ ETA: 24.9 min
🧠 Iteration 190 | Getting state...
⚙️ Scheduling...
✅ Schedule completed.
🔍 Verifying schedule...
📈 Updating policy...
torch.Size([512, 5, 10, 32])
torch.Size([448, 5, 10, 32])
torch.Size([512, 5, 10, 32])
torch.Size([448, 5, 10, 32])
torch.Size([512, 5, 10, 32])
torch.Size([448, 5, 10, 32])
📊 Reward: -57.239 | Loss: 0.028

🧪 Validating policy...
There are 100 dev instances.
validating time:  1.5957610607147217 

⏱ Iter 190 done | 🕒 IterTime: 3.07s | 🕘 Elapsed: 350.9s | ⏳ ETA: 24.9 min
🧠 Iteration 191 | Getting state...
⚙️ Scheduling...
✅ Schedule completed.
🔍 Verifying schedule...
📈 Updating policy...
torch.Size([512, 5, 10, 32])
torch.Size([448, 5, 10, 32])
torch.Size([512, 5, 10, 32])
torch.Size([448, 5, 10, 32])
torch.Size([512, 5, 10, 32])
torch.Size([448, 5, 10, 32])
📊 Reward: -58.539 | Loss: 0.080
⏱ Iter 191 done | 🕒 IterTime: 1.46s | 🕘 Elapsed: 352.4s | ⏳ ETA: 24.9 min
🧠 Iteration 192 | Getting state...
⚙️ Scheduling...
✅ Schedule completed.
🔍 Verifying schedule...
📈 Updating policy...
torch.Size([512, 5, 10, 32])
torch.Size([448, 5, 10, 32])
torch.Size([512, 5, 10, 32])
torch.Size([448, 5, 10, 32])
torch.Size([512, 5, 10, 32])
torch.Size([448, 5, 10, 32])
📊 Reward: -55.039 | Loss: 0.050
⏱ Iter 192 done | 🕒 IterTime: 1.48s | 🕘 Elapsed: 353.8s | ⏳ ETA: 24.8 min
🧠 Iteration 193 | Getting state...
⚙️ Scheduling...
✅ Schedule completed.
🔍 Verifying schedule...
📈 Updating policy...
torch.Size([512, 5, 10, 32])
torch.Size([448, 5, 10, 32])
torch.Size([512, 5, 10, 32])
torch.Size([448, 5, 10, 32])
torch.Size([512, 5, 10, 32])
torch.Size([448, 5, 10, 32])
📊 Reward: -59.189 | Loss: 0.020
⏱ Iter 193 done | 🕒 IterTime: 1.52s | 🕘 Elapsed: 355.3s | ⏳ ETA: 24.8 min
🧠 Iteration 194 | Getting state...
⚙️ Scheduling...
✅ Schedule completed.
🔍 Verifying schedule...
📈 Updating policy...
torch.Size([512, 5, 10, 32])
torch.Size([448, 5, 10, 32])
torch.Size([512, 5, 10, 32])
torch.Size([448, 5, 10, 32])
torch.Size([512, 5, 10, 32])
torch.Size([448, 5, 10, 32])
📊 Reward: -58.089 | Loss: 0.048
⏱ Iter 194 done | 🕒 IterTime: 1.45s | 🕘 Elapsed: 356.8s | ⏳ ETA: 24.7 min
🧠 Iteration 195 | Getting state...
⚙️ Scheduling...
✅ Schedule completed.
🔍 Verifying schedule...
📈 Updating policy...
torch.Size([512, 5, 10, 32])
torch.Size([448, 5, 10, 32])
torch.Size([512, 5, 10, 32])
torch.Size([448, 5, 10, 32])
torch.Size([512, 5, 10, 32])
torch.Size([448, 5, 10, 32])
📊 Reward: -62.739 | Loss: -0.002
⏱ Iter 195 done | 🕒 IterTime: 1.51s | 🕘 Elapsed: 358.3s | ⏳ ETA: 24.7 min
🧠 Iteration 196 | Getting state...
⚙️ Scheduling...
✅ Schedule completed.
🔍 Verifying schedule...
📈 Updating policy...
torch.Size([512, 5, 10, 32])
torch.Size([448, 5, 10, 32])
torch.Size([512, 5, 10, 32])
torch.Size([448, 5, 10, 32])
torch.Size([512, 5, 10, 32])
torch.Size([448, 5, 10, 32])
📊 Reward: -58.289 | Loss: 0.038
⏱ Iter 196 done | 🕒 IterTime: 1.50s | 🕘 Elapsed: 359.8s | ⏳ ETA: 24.6 min
🧠 Iteration 197 | Getting state...
⚙️ Scheduling...
✅ Schedule completed.
🔍 Verifying schedule...
📈 Updating policy...
torch.Size([512, 5, 10, 32])
torch.Size([448, 5, 10, 32])
torch.Size([512, 5, 10, 32])
torch.Size([448, 5, 10, 32])
torch.Size([512, 5, 10, 32])
torch.Size([448, 5, 10, 32])
📊 Reward: -55.789 | Loss: 0.045
⏱ Iter 197 done | 🕒 IterTime: 1.45s | 🕘 Elapsed: 361.3s | ⏳ ETA: 24.5 min
🧠 Iteration 198 | Getting state...
⚙️ Scheduling...
✅ Schedule completed.
🔍 Verifying schedule...
📈 Updating policy...
torch.Size([512, 5, 10, 32])
torch.Size([448, 5, 10, 32])
torch.Size([512, 5, 10, 32])
torch.Size([448, 5, 10, 32])
torch.Size([512, 5, 10, 32])
torch.Size([448, 5, 10, 32])
📊 Reward: -55.639 | Loss: 0.038
⏱ Iter 198 done | 🕒 IterTime: 1.49s | 🕘 Elapsed: 362.8s | ⏳ ETA: 24.5 min
🧠 Iteration 199 | Getting state...
⚙️ Scheduling...
✅ Schedule completed.
🔍 Verifying schedule...
📈 Updating policy...
torch.Size([512, 5, 10, 32])
torch.Size([448, 5, 10, 32])
torch.Size([512, 5, 10, 32])
torch.Size([448, 5, 10, 32])
torch.Size([512, 5, 10, 32])
torch.Size([448, 5, 10, 32])
📊 Reward: -55.539 | Loss: 0.040
⏱ Iter 199 done | 🕒 IterTime: 1.49s | 🕘 Elapsed: 364.2s | ⏳ ETA: 24.4 min
🧠 Iteration 200 | Getting state...
⚙️ Scheduling...
✅ Schedule completed.
🔍 Verifying schedule...
📈 Updating policy...
torch.Size([512, 5, 10, 32])
torch.Size([448, 5, 10, 32])
torch.Size([512, 5, 10, 32])
torch.Size([448, 5, 10, 32])
torch.Size([512, 5, 10, 32])
torch.Size([448, 5, 10, 32])
📊 Reward: -57.539 | Loss: 0.020

🧪 Validating policy...
There are 100 dev instances.
validating time:  1.5717532634735107 

⏱ Iter 200 done | 🕒 IterTime: 3.09s | 🕘 Elapsed: 367.3s | ⏳ ETA: 24.5 min
[15:12:18] 🔄 Refreshing training instances...
📦 num_jobs: 10, num_mas: 5, num_opes: 51
🧠 Iteration 201 | Getting state...
⚙️ Scheduling...
✅ Schedule completed.
🔍 Verifying schedule...
📈 Updating policy...
torch.Size([512, 5, 10, 32])
torch.Size([508, 5, 10, 32])
torch.Size([512, 5, 10, 32])
torch.Size([508, 5, 10, 32])
torch.Size([512, 5, 10, 32])
torch.Size([508, 5, 10, 32])
📊 Reward: -52.547 | Loss: 0.037
⏱ Iter 201 done | 🕒 IterTime: 1.68s | 🕘 Elapsed: 369.0s | ⏳ ETA: 24.4 min
🧠 Iteration 202 | Getting state...
⚙️ Scheduling...
✅ Schedule completed.
🔍 Verifying schedule...
📈 Updating policy...
torch.Size([512, 5, 10, 32])
torch.Size([508, 5, 10, 32])
torch.Size([512, 5, 10, 32])
torch.Size([508, 5, 10, 32])
torch.Size([512, 5, 10, 32])
torch.Size([508, 5, 10, 32])
📊 Reward: -52.697 | Loss: 0.011
⏱ Iter 202 done | 🕒 IterTime: 1.63s | 🕘 Elapsed: 370.6s | ⏳ ETA: 24.4 min
🧠 Iteration 203 | Getting state...
⚙️ Scheduling...
✅ Schedule completed.
🔍 Verifying schedule...
📈 Updating policy...
torch.Size([512, 5, 10, 32])
torch.Size([508, 5, 10, 32])
torch.Size([512, 5, 10, 32])
torch.Size([508, 5, 10, 32])
torch.Size([512, 5, 10, 32])
torch.Size([508, 5, 10, 32])
📊 Reward: -52.547 | Loss: 0.035
⏱ Iter 203 done | 🕒 IterTime: 1.55s | 🕘 Elapsed: 372.2s | ⏳ ETA: 24.4 min
🧠 Iteration 204 | Getting state...
⚙️ Scheduling...
✅ Schedule completed.
🔍 Verifying schedule...
📈 Updating policy...
torch.Size([512, 5, 10, 32])
torch.Size([508, 5, 10, 32])
torch.Size([512, 5, 10, 32])
torch.Size([508, 5, 10, 32])
torch.Size([512, 5, 10, 32])
torch.Size([508, 5, 10, 32])
📊 Reward: -52.097 | Loss: 0.059
⏱ Iter 204 done | 🕒 IterTime: 1.55s | 🕘 Elapsed: 373.7s | ⏳ ETA: 24.3 min
🧠 Iteration 205 | Getting state...
⚙️ Scheduling...
✅ Schedule completed.
🔍 Verifying schedule...
📈 Updating policy...
torch.Size([512, 5, 10, 32])
torch.Size([508, 5, 10, 32])
torch.Size([512, 5, 10, 32])
torch.Size([508, 5, 10, 32])
torch.Size([512, 5, 10, 32])
torch.Size([508, 5, 10, 32])
📊 Reward: -48.297 | Loss: 0.081
⏱ Iter 205 done | 🕒 IterTime: 1.54s | 🕘 Elapsed: 375.3s | ⏳ ETA: 24.3 min
🧠 Iteration 206 | Getting state...
⚙️ Scheduling...
✅ Schedule completed.
🔍 Verifying schedule...
📈 Updating policy...
torch.Size([512, 5, 10, 32])
torch.Size([508, 5, 10, 32])
torch.Size([512, 5, 10, 32])
torch.Size([508, 5, 10, 32])
torch.Size([512, 5, 10, 32])
torch.Size([508, 5, 10, 32])
📊 Reward: -53.097 | Loss: 0.048
⏱ Iter 206 done | 🕒 IterTime: 1.55s | 🕘 Elapsed: 376.8s | ⏳ ETA: 24.2 min
🧠 Iteration 207 | Getting state...
⚙️ Scheduling...
✅ Schedule completed.
🔍 Verifying schedule...
📈 Updating policy...
torch.Size([512, 5, 10, 32])
torch.Size([508, 5, 10, 32])
torch.Size([512, 5, 10, 32])
torch.Size([508, 5, 10, 32])
torch.Size([512, 5, 10, 32])
torch.Size([508, 5, 10, 32])
📊 Reward: -48.397 | Loss: 0.057
⏱ Iter 207 done | 🕒 IterTime: 1.73s | 🕘 Elapsed: 378.6s | ⏳ ETA: 24.2 min
🧠 Iteration 208 | Getting state...
⚙️ Scheduling...
✅ Schedule completed.
🔍 Verifying schedule...
📈 Updating policy...
torch.Size([512, 5, 10, 32])
torch.Size([508, 5, 10, 32])
torch.Size([512, 5, 10, 32])
torch.Size([508, 5, 10, 32])
torch.Size([512, 5, 10, 32])
torch.Size([508, 5, 10, 32])
📊 Reward: -50.547 | Loss: 0.059
⏱ Iter 208 done | 🕒 IterTime: 1.69s | 🕘 Elapsed: 380.3s | ⏳ ETA: 24.1 min
🧠 Iteration 209 | Getting state...
⚙️ Scheduling...
✅ Schedule completed.
🔍 Verifying schedule...
📈 Updating policy...
torch.Size([512, 5, 10, 32])
torch.Size([508, 5, 10, 32])
torch.Size([512, 5, 10, 32])
torch.Size([508, 5, 10, 32])
torch.Size([512, 5, 10, 32])
torch.Size([508, 5, 10, 32])
📊 Reward: -48.947 | Loss: 0.036
⏱ Iter 209 done | 🕒 IterTime: 1.62s | 🕘 Elapsed: 381.9s | ⏳ ETA: 24.1 min
🧠 Iteration 210 | Getting state...
⚙️ Scheduling...
✅ Schedule completed.
🔍 Verifying schedule...
📈 Updating policy...
torch.Size([512, 5, 10, 32])
torch.Size([508, 5, 10, 32])
torch.Size([512, 5, 10, 32])
torch.Size([508, 5, 10, 32])
torch.Size([512, 5, 10, 32])
torch.Size([508, 5, 10, 32])
📊 Reward: -52.947 | Loss: 0.044

🧪 Validating policy...
There are 100 dev instances.
validating time:  1.5871024131774902 

⏱ Iter 210 done | 🕒 IterTime: 3.33s | 🕘 Elapsed: 385.2s | ⏳ ETA: 24.2 min
🧠 Iteration 211 | Getting state...
⚙️ Scheduling...
✅ Schedule completed.
🔍 Verifying schedule...
📈 Updating policy...
torch.Size([512, 5, 10, 32])
torch.Size([508, 5, 10, 32])
torch.Size([512, 5, 10, 32])
torch.Size([508, 5, 10, 32])
torch.Size([512, 5, 10, 32])
torch.Size([508, 5, 10, 32])
📊 Reward: -51.947 | Loss: 0.014
⏱ Iter 211 done | 🕒 IterTime: 1.62s | 🕘 Elapsed: 386.8s | ⏳ ETA: 24.1 min
🧠 Iteration 212 | Getting state...
⚙️ Scheduling...
✅ Schedule completed.
🔍 Verifying schedule...
📈 Updating policy...
torch.Size([512, 5, 10, 32])
torch.Size([508, 5, 10, 32])
torch.Size([512, 5, 10, 32])
torch.Size([508, 5, 10, 32])
torch.Size([512, 5, 10, 32])
torch.Size([508, 5, 10, 32])
📊 Reward: -50.147 | Loss: 0.031
⏱ Iter 212 done | 🕒 IterTime: 1.62s | 🕘 Elapsed: 388.5s | ⏳ ETA: 24.1 min
🧠 Iteration 213 | Getting state...
⚙️ Scheduling...
✅ Schedule completed.
🔍 Verifying schedule...
📈 Updating policy...
torch.Size([512, 5, 10, 32])
torch.Size([508, 5, 10, 32])
torch.Size([512, 5, 10, 32])
torch.Size([508, 5, 10, 32])
torch.Size([512, 5, 10, 32])
torch.Size([508, 5, 10, 32])
📊 Reward: -54.647 | Loss: 0.035
⏱ Iter 213 done | 🕒 IterTime: 1.66s | 🕘 Elapsed: 390.1s | ⏳ ETA: 24.0 min
🧠 Iteration 214 | Getting state...
⚙️ Scheduling...
✅ Schedule completed.
🔍 Verifying schedule...
📈 Updating policy...
torch.Size([512, 5, 10, 32])
torch.Size([508, 5, 10, 32])
torch.Size([512, 5, 10, 32])
torch.Size([508, 5, 10, 32])
torch.Size([512, 5, 10, 32])
torch.Size([508, 5, 10, 32])
📊 Reward: -46.097 | Loss: 0.055
⏱ Iter 214 done | 🕒 IterTime: 1.59s | 🕘 Elapsed: 391.7s | ⏳ ETA: 24.0 min
🧠 Iteration 215 | Getting state...
⚙️ Scheduling...
✅ Schedule completed.
🔍 Verifying schedule...
📈 Updating policy...
torch.Size([512, 5, 10, 32])
torch.Size([508, 5, 10, 32])
torch.Size([512, 5, 10, 32])
torch.Size([508, 5, 10, 32])
torch.Size([512, 5, 10, 32])
torch.Size([508, 5, 10, 32])
📊 Reward: -49.247 | Loss: 0.058
⏱ Iter 215 done | 🕒 IterTime: 1.65s | 🕘 Elapsed: 393.4s | ⏳ ETA: 23.9 min
🧠 Iteration 216 | Getting state...
⚙️ Scheduling...
✅ Schedule completed.
🔍 Verifying schedule...
📈 Updating policy...
torch.Size([512, 5, 10, 32])
torch.Size([508, 5, 10, 32])
torch.Size([512, 5, 10, 32])
torch.Size([508, 5, 10, 32])
torch.Size([512, 5, 10, 32])
torch.Size([508, 5, 10, 32])
📊 Reward: -49.497 | Loss: 0.038
⏱ Iter 216 done | 🕒 IterTime: 1.67s | 🕘 Elapsed: 395.0s | ⏳ ETA: 23.9 min
🧠 Iteration 217 | Getting state...
⚙️ Scheduling...
✅ Schedule completed.
🔍 Verifying schedule...
📈 Updating policy...
torch.Size([512, 5, 10, 32])
torch.Size([508, 5, 10, 32])
torch.Size([512, 5, 10, 32])
torch.Size([508, 5, 10, 32])
torch.Size([512, 5, 10, 32])
torch.Size([508, 5, 10, 32])
📊 Reward: -50.097 | Loss: 0.032
⏱ Iter 217 done | 🕒 IterTime: 1.69s | 🕘 Elapsed: 396.7s | ⏳ ETA: 23.9 min
🧠 Iteration 218 | Getting state...
⚙️ Scheduling...
✅ Schedule completed.
🔍 Verifying schedule...
📈 Updating policy...
torch.Size([512, 5, 10, 32])
torch.Size([508, 5, 10, 32])
torch.Size([512, 5, 10, 32])
torch.Size([508, 5, 10, 32])
torch.Size([512, 5, 10, 32])
torch.Size([508, 5, 10, 32])
📊 Reward: -50.997 | Loss: 0.046
⏱ Iter 218 done | 🕒 IterTime: 1.69s | 🕘 Elapsed: 398.4s | ⏳ ETA: 23.8 min
🧠 Iteration 219 | Getting state...
⚙️ Scheduling...
✅ Schedule completed.
🔍 Verifying schedule...
📈 Updating policy...
torch.Size([512, 5, 10, 32])
torch.Size([508, 5, 10, 32])
torch.Size([512, 5, 10, 32])
torch.Size([508, 5, 10, 32])
torch.Size([512, 5, 10, 32])
torch.Size([508, 5, 10, 32])
📊 Reward: -50.397 | Loss: 0.056
⏱ Iter 219 done | 🕒 IterTime: 1.66s | 🕘 Elapsed: 400.1s | ⏳ ETA: 23.8 min
🧠 Iteration 220 | Getting state...
⚙️ Scheduling...
✅ Schedule completed.
🔍 Verifying schedule...
📈 Updating policy...
torch.Size([512, 5, 10, 32])
torch.Size([508, 5, 10, 32])
torch.Size([512, 5, 10, 32])
torch.Size([508, 5, 10, 32])
torch.Size([512, 5, 10, 32])
torch.Size([508, 5, 10, 32])
📊 Reward: -49.447 | Loss: 0.061

🧪 Validating policy...
There are 100 dev instances.
validating time:  1.5963630676269531 

⏱ Iter 220 done | 🕒 IterTime: 3.29s | 🕘 Elapsed: 403.4s | ⏳ ETA: 23.8 min
[15:12:54] 🔄 Refreshing training instances...
📦 num_jobs: 10, num_mas: 5, num_opes: 51
🧠 Iteration 221 | Getting state...
⚙️ Scheduling...
✅ Schedule completed.
🔍 Verifying schedule...
📈 Updating policy...
torch.Size([512, 5, 10, 32])
torch.Size([508, 5, 10, 32])
torch.Size([512, 5, 10, 32])
torch.Size([508, 5, 10, 32])
torch.Size([512, 5, 10, 32])
torch.Size([508, 5, 10, 32])
📊 Reward: -53.987 | Loss: 0.015
⏱ Iter 221 done | 🕒 IterTime: 1.68s | 🕘 Elapsed: 405.0s | ⏳ ETA: 23.8 min
🧠 Iteration 222 | Getting state...
⚙️ Scheduling...
✅ Schedule completed.
🔍 Verifying schedule...
📈 Updating policy...
torch.Size([512, 5, 10, 32])
torch.Size([508, 5, 10, 32])
torch.Size([512, 5, 10, 32])
torch.Size([508, 5, 10, 32])
torch.Size([512, 5, 10, 32])
torch.Size([508, 5, 10, 32])
📊 Reward: -52.487 | Loss: 0.004
⏱ Iter 222 done | 🕒 IterTime: 1.56s | 🕘 Elapsed: 406.6s | ⏳ ETA: 23.7 min
🧠 Iteration 223 | Getting state...
⚙️ Scheduling...
✅ Schedule completed.
🔍 Verifying schedule...
📈 Updating policy...
torch.Size([512, 5, 10, 32])
torch.Size([508, 5, 10, 32])
torch.Size([512, 5, 10, 32])
torch.Size([508, 5, 10, 32])
torch.Size([512, 5, 10, 32])
torch.Size([508, 5, 10, 32])
📊 Reward: -50.487 | Loss: 0.012
⏱ Iter 223 done | 🕒 IterTime: 1.63s | 🕘 Elapsed: 408.2s | ⏳ ETA: 23.7 min
🧠 Iteration 224 | Getting state...
⚙️ Scheduling...
✅ Schedule completed.
🔍 Verifying schedule...
📈 Updating policy...
torch.Size([512, 5, 10, 32])
torch.Size([508, 5, 10, 32])
torch.Size([512, 5, 10, 32])
torch.Size([508, 5, 10, 32])
torch.Size([512, 5, 10, 32])
torch.Size([508, 5, 10, 32])
📊 Reward: -46.737 | Loss: 0.034
⏱ Iter 224 done | 🕒 IterTime: 1.57s | 🕘 Elapsed: 409.8s | ⏳ ETA: 23.7 min
🧠 Iteration 225 | Getting state...
⚙️ Scheduling...
✅ Schedule completed.
🔍 Verifying schedule...
📈 Updating policy...
torch.Size([512, 5, 10, 32])
torch.Size([508, 5, 10, 32])
torch.Size([512, 5, 10, 32])
torch.Size([508, 5, 10, 32])
torch.Size([512, 5, 10, 32])
torch.Size([508, 5, 10, 32])
📊 Reward: -51.987 | Loss: 0.027
⏱ Iter 225 done | 🕒 IterTime: 1.58s | 🕘 Elapsed: 411.4s | ⏳ ETA: 23.6 min
🧠 Iteration 226 | Getting state...
⚙️ Scheduling...
✅ Schedule completed.
🔍 Verifying schedule...
📈 Updating policy...
torch.Size([512, 5, 10, 32])
torch.Size([508, 5, 10, 32])
torch.Size([512, 5, 10, 32])
torch.Size([508, 5, 10, 32])
torch.Size([512, 5, 10, 32])
torch.Size([508, 5, 10, 32])
📊 Reward: -54.187 | Loss: 0.020
⏱ Iter 226 done | 🕒 IterTime: 1.55s | 🕘 Elapsed: 412.9s | ⏳ ETA: 23.6 min
🧠 Iteration 227 | Getting state...
⚙️ Scheduling...
✅ Schedule completed.
🔍 Verifying schedule...
📈 Updating policy...
torch.Size([512, 5, 10, 32])
torch.Size([508, 5, 10, 32])
torch.Size([512, 5, 10, 32])
torch.Size([508, 5, 10, 32])
torch.Size([512, 5, 10, 32])
torch.Size([508, 5, 10, 32])
📊 Reward: -49.937 | Loss: 0.036
⏱ Iter 227 done | 🕒 IterTime: 1.53s | 🕘 Elapsed: 414.5s | ⏳ ETA: 23.5 min
🧠 Iteration 228 | Getting state...
⚙️ Scheduling...
✅ Schedule completed.
🔍 Verifying schedule...
📈 Updating policy...
torch.Size([512, 5, 10, 32])
torch.Size([508, 5, 10, 32])
torch.Size([512, 5, 10, 32])
torch.Size([508, 5, 10, 32])
torch.Size([512, 5, 10, 32])
torch.Size([508, 5, 10, 32])
📊 Reward: -50.237 | Loss: 0.003
⏱ Iter 228 done | 🕒 IterTime: 1.63s | 🕘 Elapsed: 416.1s | ⏳ ETA: 23.5 min
🧠 Iteration 229 | Getting state...
⚙️ Scheduling...
✅ Schedule completed.
🔍 Verifying schedule...
📈 Updating policy...
torch.Size([512, 5, 10, 32])
torch.Size([508, 5, 10, 32])
torch.Size([512, 5, 10, 32])
torch.Size([508, 5, 10, 32])
torch.Size([512, 5, 10, 32])
torch.Size([508, 5, 10, 32])
📊 Reward: -53.537 | Loss: -0.005
⏱ Iter 229 done | 🕒 IterTime: 1.58s | 🕘 Elapsed: 417.7s | ⏳ ETA: 23.4 min
🧠 Iteration 230 | Getting state...
⚙️ Scheduling...
✅ Schedule completed.
🔍 Verifying schedule...
📈 Updating policy...
torch.Size([512, 5, 10, 32])
torch.Size([508, 5, 10, 32])
torch.Size([512, 5, 10, 32])
torch.Size([508, 5, 10, 32])
torch.Size([512, 5, 10, 32])
torch.Size([508, 5, 10, 32])
📊 Reward: -47.587 | Loss: 0.067

🧪 Validating policy...
There are 100 dev instances.
validating time:  1.5780863761901855 

⏱ Iter 230 done | 🕒 IterTime: 3.11s | 🕘 Elapsed: 420.8s | ⏳ ETA: 23.5 min
🧠 Iteration 231 | Getting state...
⚙️ Scheduling...
✅ Schedule completed.
🔍 Verifying schedule...
📈 Updating policy...
torch.Size([512, 5, 10, 32])
torch.Size([508, 5, 10, 32])
torch.Size([512, 5, 10, 32])
torch.Size([508, 5, 10, 32])
torch.Size([512, 5, 10, 32])
torch.Size([508, 5, 10, 32])
📊 Reward: -46.687 | Loss: 0.005
⏱ Iter 231 done | 🕒 IterTime: 1.57s | 🕘 Elapsed: 422.4s | ⏳ ETA: 23.4 min
🧠 Iteration 232 | Getting state...
⚙️ Scheduling...
✅ Schedule completed.
🔍 Verifying schedule...
📈 Updating policy...
torch.Size([512, 5, 10, 32])
torch.Size([508, 5, 10, 32])
torch.Size([512, 5, 10, 32])
torch.Size([508, 5, 10, 32])
torch.Size([512, 5, 10, 32])
torch.Size([508, 5, 10, 32])
📊 Reward: -53.537 | Loss: 0.045
⏱ Iter 232 done | 🕒 IterTime: 1.63s | 🕘 Elapsed: 424.0s | ⏳ ETA: 23.4 min
🧠 Iteration 233 | Getting state...
⚙️ Scheduling...
✅ Schedule completed.
🔍 Verifying schedule...
📈 Updating policy...
torch.Size([512, 5, 10, 32])
torch.Size([508, 5, 10, 32])
torch.Size([512, 5, 10, 32])
torch.Size([508, 5, 10, 32])
torch.Size([512, 5, 10, 32])
torch.Size([508, 5, 10, 32])
📊 Reward: -50.287 | Loss: 0.069
⏱ Iter 233 done | 🕒 IterTime: 1.61s | 🕘 Elapsed: 425.6s | ⏳ ETA: 23.4 min
🧠 Iteration 234 | Getting state...
⚙️ Scheduling...
✅ Schedule completed.
🔍 Verifying schedule...
📈 Updating policy...
torch.Size([512, 5, 10, 32])
torch.Size([508, 5, 10, 32])
torch.Size([512, 5, 10, 32])
torch.Size([508, 5, 10, 32])
torch.Size([512, 5, 10, 32])
torch.Size([508, 5, 10, 32])
📊 Reward: -47.287 | Loss: 0.037
⏱ Iter 234 done | 🕒 IterTime: 1.59s | 🕘 Elapsed: 427.2s | ⏳ ETA: 23.3 min
🧠 Iteration 235 | Getting state...
⚙️ Scheduling...
✅ Schedule completed.
🔍 Verifying schedule...
📈 Updating policy...
torch.Size([512, 5, 10, 32])
torch.Size([508, 5, 10, 32])
torch.Size([512, 5, 10, 32])
torch.Size([508, 5, 10, 32])
torch.Size([512, 5, 10, 32])
torch.Size([508, 5, 10, 32])
📊 Reward: -49.937 | Loss: -0.003
⏱ Iter 235 done | 🕒 IterTime: 1.59s | 🕘 Elapsed: 428.8s | ⏳ ETA: 23.3 min
🧠 Iteration 236 | Getting state...
⚙️ Scheduling...
✅ Schedule completed.
🔍 Verifying schedule...
📈 Updating policy...
torch.Size([512, 5, 10, 32])
torch.Size([508, 5, 10, 32])
torch.Size([512, 5, 10, 32])
torch.Size([508, 5, 10, 32])
torch.Size([512, 5, 10, 32])
torch.Size([508, 5, 10, 32])
📊 Reward: -46.637 | Loss: 0.023
⏱ Iter 236 done | 🕒 IterTime: 1.62s | 🕘 Elapsed: 430.4s | ⏳ ETA: 23.2 min
🧠 Iteration 237 | Getting state...
⚙️ Scheduling...
✅ Schedule completed.
🔍 Verifying schedule...
📈 Updating policy...
torch.Size([512, 5, 10, 32])
torch.Size([508, 5, 10, 32])
torch.Size([512, 5, 10, 32])
torch.Size([508, 5, 10, 32])
torch.Size([512, 5, 10, 32])
torch.Size([508, 5, 10, 32])
📊 Reward: -45.637 | Loss: 0.048
⏱ Iter 237 done | 🕒 IterTime: 1.57s | 🕘 Elapsed: 432.0s | ⏳ ETA: 23.2 min
🧠 Iteration 238 | Getting state...
⚙️ Scheduling...
✅ Schedule completed.
🔍 Verifying schedule...
📈 Updating policy...
torch.Size([512, 5, 10, 32])
torch.Size([508, 5, 10, 32])
torch.Size([512, 5, 10, 32])
torch.Size([508, 5, 10, 32])
torch.Size([512, 5, 10, 32])
torch.Size([508, 5, 10, 32])
📊 Reward: -48.587 | Loss: 0.074
⏱ Iter 238 done | 🕒 IterTime: 1.57s | 🕘 Elapsed: 433.5s | ⏳ ETA: 23.1 min
🧠 Iteration 239 | Getting state...
⚙️ Scheduling...
✅ Schedule completed.
🔍 Verifying schedule...
📈 Updating policy...
torch.Size([512, 5, 10, 32])
torch.Size([508, 5, 10, 32])
torch.Size([512, 5, 10, 32])
torch.Size([508, 5, 10, 32])
torch.Size([512, 5, 10, 32])
torch.Size([508, 5, 10, 32])
📊 Reward: -50.837 | Loss: 0.025
⏱ Iter 239 done | 🕒 IterTime: 1.54s | 🕘 Elapsed: 435.1s | ⏳ ETA: 23.1 min
🧠 Iteration 240 | Getting state...
⚙️ Scheduling...
✅ Schedule completed.
🔍 Verifying schedule...
📈 Updating policy...
torch.Size([512, 5, 10, 32])
torch.Size([508, 5, 10, 32])
torch.Size([512, 5, 10, 32])
torch.Size([508, 5, 10, 32])
torch.Size([512, 5, 10, 32])
torch.Size([508, 5, 10, 32])
📊 Reward: -47.237 | Loss: 0.031

🧪 Validating policy...
There are 100 dev instances.
validating time:  1.6694698333740234 

⏱ Iter 240 done | 🕒 IterTime: 3.23s | 🕘 Elapsed: 438.3s | ⏳ ETA: 23.1 min
[15:13:29] 🔄 Refreshing training instances...
📦 num_jobs: 10, num_mas: 5, num_opes: 50
🧠 Iteration 241 | Getting state...
⚙️ Scheduling...
✅ Schedule completed.
🔍 Verifying schedule...
📈 Updating policy...
torch.Size([512, 5, 10, 32])
torch.Size([488, 5, 10, 32])
torch.Size([512, 5, 10, 32])
torch.Size([488, 5, 10, 32])
torch.Size([512, 5, 10, 32])
torch.Size([488, 5, 10, 32])
📊 Reward: -49.639 | Loss: 0.070
⏱ Iter 241 done | 🕒 IterTime: 1.73s | 🕘 Elapsed: 440.0s | ⏳ ETA: 23.1 min
🧠 Iteration 242 | Getting state...
⚙️ Scheduling...
✅ Schedule completed.
🔍 Verifying schedule...
📈 Updating policy...
torch.Size([512, 5, 10, 32])
torch.Size([488, 5, 10, 32])
torch.Size([512, 5, 10, 32])
torch.Size([488, 5, 10, 32])
torch.Size([512, 5, 10, 32])
torch.Size([488, 5, 10, 32])
📊 Reward: -52.589 | Loss: 0.027
⏱ Iter 242 done | 🕒 IterTime: 1.63s | 🕘 Elapsed: 441.7s | ⏳ ETA: 23.1 min
🧠 Iteration 243 | Getting state...
⚙️ Scheduling...
✅ Schedule completed.
🔍 Verifying schedule...
📈 Updating policy...
torch.Size([512, 5, 10, 32])
torch.Size([488, 5, 10, 32])
torch.Size([512, 5, 10, 32])
torch.Size([488, 5, 10, 32])
torch.Size([512, 5, 10, 32])
torch.Size([488, 5, 10, 32])
📊 Reward: -49.689 | Loss: 0.017
⏱ Iter 243 done | 🕒 IterTime: 1.61s | 🕘 Elapsed: 443.3s | ⏳ ETA: 23.0 min
🧠 Iteration 244 | Getting state...
⚙️ Scheduling...
✅ Schedule completed.
🔍 Verifying schedule...
📈 Updating policy...
torch.Size([512, 5, 10, 32])
torch.Size([488, 5, 10, 32])
torch.Size([512, 5, 10, 32])
torch.Size([488, 5, 10, 32])
torch.Size([512, 5, 10, 32])
torch.Size([488, 5, 10, 32])
📊 Reward: -46.889 | Loss: 0.022
⏱ Iter 244 done | 🕒 IterTime: 1.49s | 🕘 Elapsed: 444.8s | ⏳ ETA: 23.0 min
🧠 Iteration 245 | Getting state...
⚙️ Scheduling...
✅ Schedule completed.
🔍 Verifying schedule...
📈 Updating policy...
torch.Size([512, 5, 10, 32])
torch.Size([488, 5, 10, 32])
torch.Size([512, 5, 10, 32])
torch.Size([488, 5, 10, 32])
torch.Size([512, 5, 10, 32])
torch.Size([488, 5, 10, 32])
📊 Reward: -49.689 | Loss: 0.053
⏱ Iter 245 done | 🕒 IterTime: 1.50s | 🕘 Elapsed: 446.3s | ⏳ ETA: 22.9 min
🧠 Iteration 246 | Getting state...
⚙️ Scheduling...
✅ Schedule completed.
🔍 Verifying schedule...
📈 Updating policy...
torch.Size([512, 5, 10, 32])
torch.Size([488, 5, 10, 32])
torch.Size([512, 5, 10, 32])
torch.Size([488, 5, 10, 32])
torch.Size([512, 5, 10, 32])
torch.Size([488, 5, 10, 32])
📊 Reward: -48.189 | Loss: 0.053
⏱ Iter 246 done | 🕒 IterTime: 1.56s | 🕘 Elapsed: 447.8s | ⏳ ETA: 22.9 min
🧠 Iteration 247 | Getting state...
⚙️ Scheduling...
✅ Schedule completed.
🔍 Verifying schedule...
📈 Updating policy...
torch.Size([512, 5, 10, 32])
torch.Size([488, 5, 10, 32])
torch.Size([512, 5, 10, 32])
torch.Size([488, 5, 10, 32])
torch.Size([512, 5, 10, 32])
torch.Size([488, 5, 10, 32])
📊 Reward: -48.039 | Loss: 0.069
⏱ Iter 247 done | 🕒 IterTime: 1.55s | 🕘 Elapsed: 449.4s | ⏳ ETA: 22.8 min
🧠 Iteration 248 | Getting state...
⚙️ Scheduling...
✅ Schedule completed.
🔍 Verifying schedule...
📈 Updating policy...
torch.Size([512, 5, 10, 32])
torch.Size([488, 5, 10, 32])
torch.Size([512, 5, 10, 32])
torch.Size([488, 5, 10, 32])
torch.Size([512, 5, 10, 32])
torch.Size([488, 5, 10, 32])
📊 Reward: -52.139 | Loss: 0.043
⏱ Iter 248 done | 🕒 IterTime: 1.56s | 🕘 Elapsed: 450.9s | ⏳ ETA: 22.8 min
🧠 Iteration 249 | Getting state...
⚙️ Scheduling...
✅ Schedule completed.
🔍 Verifying schedule...
📈 Updating policy...
torch.Size([512, 5, 10, 32])
torch.Size([488, 5, 10, 32])
torch.Size([512, 5, 10, 32])
torch.Size([488, 5, 10, 32])
torch.Size([512, 5, 10, 32])
torch.Size([488, 5, 10, 32])
📊 Reward: -52.139 | Loss: 0.062
⏱ Iter 249 done | 🕒 IterTime: 1.54s | 🕘 Elapsed: 452.5s | ⏳ ETA: 22.7 min
🧠 Iteration 250 | Getting state...
⚙️ Scheduling...
✅ Schedule completed.
🔍 Verifying schedule...
📈 Updating policy...
torch.Size([512, 5, 10, 32])
torch.Size([488, 5, 10, 32])
torch.Size([512, 5, 10, 32])
torch.Size([488, 5, 10, 32])
torch.Size([512, 5, 10, 32])
torch.Size([488, 5, 10, 32])
📊 Reward: -46.589 | Loss: 0.055

🧪 Validating policy...
There are 100 dev instances.
validating time:  1.6792056560516357 

⏱ Iter 250 done | 🕒 IterTime: 3.20s | 🕘 Elapsed: 455.7s | ⏳ ETA: 22.8 min
🧠 Iteration 251 | Getting state...
⚙️ Scheduling...
✅ Schedule completed.
🔍 Verifying schedule...
📈 Updating policy...
torch.Size([512, 5, 10, 32])
torch.Size([488, 5, 10, 32])
torch.Size([512, 5, 10, 32])
torch.Size([488, 5, 10, 32])
torch.Size([512, 5, 10, 32])
torch.Size([488, 5, 10, 32])
📊 Reward: -49.389 | Loss: 0.061
⏱ Iter 251 done | 🕒 IterTime: 1.56s | 🕘 Elapsed: 457.2s | ⏳ ETA: 22.7 min
🧠 Iteration 252 | Getting state...
⚙️ Scheduling...
✅ Schedule completed.
🔍 Verifying schedule...
📈 Updating policy...
torch.Size([512, 5, 10, 32])
torch.Size([488, 5, 10, 32])
torch.Size([512, 5, 10, 32])
torch.Size([488, 5, 10, 32])
torch.Size([512, 5, 10, 32])
torch.Size([488, 5, 10, 32])
📊 Reward: -52.439 | Loss: 0.025
⏱ Iter 252 done | 🕒 IterTime: 1.54s | 🕘 Elapsed: 458.8s | ⏳ ETA: 22.7 min
🧠 Iteration 253 | Getting state...
⚙️ Scheduling...
✅ Schedule completed.
🔍 Verifying schedule...
📈 Updating policy...
torch.Size([512, 5, 10, 32])
torch.Size([488, 5, 10, 32])
torch.Size([512, 5, 10, 32])
torch.Size([488, 5, 10, 32])
torch.Size([512, 5, 10, 32])
torch.Size([488, 5, 10, 32])
📊 Reward: -49.189 | Loss: 0.034
⏱ Iter 253 done | 🕒 IterTime: 1.56s | 🕘 Elapsed: 460.4s | ⏳ ETA: 22.7 min
🧠 Iteration 254 | Getting state...
⚙️ Scheduling...
✅ Schedule completed.
🔍 Verifying schedule...
📈 Updating policy...
torch.Size([512, 5, 10, 32])
torch.Size([488, 5, 10, 32])
torch.Size([512, 5, 10, 32])
torch.Size([488, 5, 10, 32])
torch.Size([512, 5, 10, 32])
torch.Size([488, 5, 10, 32])
📊 Reward: -47.039 | Loss: 0.051
⏱ Iter 254 done | 🕒 IterTime: 1.50s | 🕘 Elapsed: 461.9s | ⏳ ETA: 22.6 min
🧠 Iteration 255 | Getting state...
⚙️ Scheduling...
✅ Schedule completed.
🔍 Verifying schedule...
📈 Updating policy...
torch.Size([512, 5, 10, 32])
torch.Size([488, 5, 10, 32])
torch.Size([512, 5, 10, 32])
torch.Size([488, 5, 10, 32])
torch.Size([512, 5, 10, 32])
torch.Size([488, 5, 10, 32])
📊 Reward: -45.289 | Loss: 0.058
⏱ Iter 255 done | 🕒 IterTime: 1.50s | 🕘 Elapsed: 463.4s | ⏳ ETA: 22.6 min
🧠 Iteration 256 | Getting state...
⚙️ Scheduling...
✅ Schedule completed.
🔍 Verifying schedule...
📈 Updating policy...
torch.Size([512, 5, 10, 32])
torch.Size([488, 5, 10, 32])
torch.Size([512, 5, 10, 32])
torch.Size([488, 5, 10, 32])
torch.Size([512, 5, 10, 32])
torch.Size([488, 5, 10, 32])
📊 Reward: -49.639 | Loss: 0.028
⏱ Iter 256 done | 🕒 IterTime: 1.55s | 🕘 Elapsed: 464.9s | ⏳ ETA: 22.5 min
🧠 Iteration 257 | Getting state...
⚙️ Scheduling...
✅ Schedule completed.
🔍 Verifying schedule...
📈 Updating policy...
torch.Size([512, 5, 10, 32])
torch.Size([488, 5, 10, 32])
torch.Size([512, 5, 10, 32])
torch.Size([488, 5, 10, 32])
torch.Size([512, 5, 10, 32])
torch.Size([488, 5, 10, 32])
📊 Reward: -49.889 | Loss: 0.045
⏱ Iter 257 done | 🕒 IterTime: 1.58s | 🕘 Elapsed: 466.5s | ⏳ ETA: 22.5 min
🧠 Iteration 258 | Getting state...
⚙️ Scheduling...
✅ Schedule completed.
🔍 Verifying schedule...
📈 Updating policy...
torch.Size([512, 5, 10, 32])
torch.Size([488, 5, 10, 32])
torch.Size([512, 5, 10, 32])
torch.Size([488, 5, 10, 32])
torch.Size([512, 5, 10, 32])
torch.Size([488, 5, 10, 32])
📊 Reward: -47.939 | Loss: 0.045
⏱ Iter 258 done | 🕒 IterTime: 1.63s | 🕘 Elapsed: 468.1s | ⏳ ETA: 22.4 min
🧠 Iteration 259 | Getting state...
⚙️ Scheduling...
✅ Schedule completed.
🔍 Verifying schedule...
📈 Updating policy...
torch.Size([512, 5, 10, 32])
torch.Size([488, 5, 10, 32])
torch.Size([512, 5, 10, 32])
torch.Size([488, 5, 10, 32])
torch.Size([512, 5, 10, 32])
torch.Size([488, 5, 10, 32])
📊 Reward: -49.989 | Loss: 0.041
⏱ Iter 259 done | 🕒 IterTime: 1.64s | 🕘 Elapsed: 469.8s | ⏳ ETA: 22.4 min
🧠 Iteration 260 | Getting state...
⚙️ Scheduling...
✅ Schedule completed.
🔍 Verifying schedule...
📈 Updating policy...
torch.Size([512, 5, 10, 32])
torch.Size([488, 5, 10, 32])
torch.Size([512, 5, 10, 32])
torch.Size([488, 5, 10, 32])
torch.Size([512, 5, 10, 32])
torch.Size([488, 5, 10, 32])
📊 Reward: -47.189 | Loss: 0.057

🧪 Validating policy...
There are 100 dev instances.
validating time:  1.6791551113128662 

⏱ Iter 260 done | 🕒 IterTime: 3.32s | 🕘 Elapsed: 473.1s | ⏳ ETA: 22.4 min
[15:14:04] 🔄 Refreshing training instances...
📦 num_jobs: 10, num_mas: 5, num_opes: 50
🧠 Iteration 261 | Getting state...
⚙️ Scheduling...
✅ Schedule completed.
🔍 Verifying schedule...
📈 Updating policy...
torch.Size([512, 5, 10, 32])
torch.Size([488, 5, 10, 32])
torch.Size([512, 5, 10, 32])
torch.Size([488, 5, 10, 32])
torch.Size([512, 5, 10, 32])
torch.Size([488, 5, 10, 32])
📊 Reward: -46.421 | Loss: 0.052
⏱ Iter 261 done | 🕒 IterTime: 1.64s | 🕘 Elapsed: 474.7s | ⏳ ETA: 22.4 min
🧠 Iteration 262 | Getting state...
⚙️ Scheduling...
✅ Schedule completed.
🔍 Verifying schedule...
📈 Updating policy...
torch.Size([512, 5, 10, 32])
torch.Size([488, 5, 10, 32])
torch.Size([512, 5, 10, 32])
torch.Size([488, 5, 10, 32])
torch.Size([512, 5, 10, 32])
torch.Size([488, 5, 10, 32])
📊 Reward: -44.421 | Loss: 0.064
⏱ Iter 262 done | 🕒 IterTime: 1.52s | 🕘 Elapsed: 476.2s | ⏳ ETA: 22.4 min
🧠 Iteration 263 | Getting state...
⚙️ Scheduling...
✅ Schedule completed.
🔍 Verifying schedule...
📈 Updating policy...
torch.Size([512, 5, 10, 32])
torch.Size([488, 5, 10, 32])
torch.Size([512, 5, 10, 32])
torch.Size([488, 5, 10, 32])
torch.Size([512, 5, 10, 32])
torch.Size([488, 5, 10, 32])
📊 Reward: -45.021 | Loss: 0.052
⏱ Iter 263 done | 🕒 IterTime: 1.58s | 🕘 Elapsed: 477.8s | ⏳ ETA: 22.3 min
🧠 Iteration 264 | Getting state...
⚙️ Scheduling...
✅ Schedule completed.
🔍 Verifying schedule...
📈 Updating policy...
torch.Size([512, 5, 10, 32])
torch.Size([488, 5, 10, 32])
torch.Size([512, 5, 10, 32])
torch.Size([488, 5, 10, 32])
torch.Size([512, 5, 10, 32])
torch.Size([488, 5, 10, 32])
📊 Reward: -48.921 | Loss: 0.092
⏱ Iter 264 done | 🕒 IterTime: 1.60s | 🕘 Elapsed: 479.4s | ⏳ ETA: 22.3 min
🧠 Iteration 265 | Getting state...
⚙️ Scheduling...
✅ Schedule completed.
🔍 Verifying schedule...
📈 Updating policy...
torch.Size([512, 5, 10, 32])
torch.Size([488, 5, 10, 32])
torch.Size([512, 5, 10, 32])
torch.Size([488, 5, 10, 32])
torch.Size([512, 5, 10, 32])
torch.Size([488, 5, 10, 32])
📊 Reward: -44.021 | Loss: 0.052
⏱ Iter 265 done | 🕒 IterTime: 1.57s | 🕘 Elapsed: 481.0s | ⏳ ETA: 22.2 min
🧠 Iteration 266 | Getting state...
⚙️ Scheduling...
✅ Schedule completed.
🔍 Verifying schedule...
📈 Updating policy...
torch.Size([512, 5, 10, 32])
torch.Size([488, 5, 10, 32])
torch.Size([512, 5, 10, 32])
torch.Size([488, 5, 10, 32])
torch.Size([512, 5, 10, 32])
torch.Size([488, 5, 10, 32])
📊 Reward: -46.971 | Loss: 0.022
⏱ Iter 266 done | 🕒 IterTime: 1.59s | 🕘 Elapsed: 482.6s | ⏳ ETA: 22.2 min
🧠 Iteration 267 | Getting state...
⚙️ Scheduling...
✅ Schedule completed.
🔍 Verifying schedule...
📈 Updating policy...
torch.Size([512, 5, 10, 32])
torch.Size([488, 5, 10, 32])
torch.Size([512, 5, 10, 32])
torch.Size([488, 5, 10, 32])
torch.Size([512, 5, 10, 32])
torch.Size([488, 5, 10, 32])
📊 Reward: -45.871 | Loss: -0.003
⏱ Iter 267 done | 🕒 IterTime: 1.60s | 🕘 Elapsed: 484.2s | ⏳ ETA: 22.2 min
🧠 Iteration 268 | Getting state...
⚙️ Scheduling...
✅ Schedule completed.
🔍 Verifying schedule...
📈 Updating policy...
torch.Size([512, 5, 10, 32])
torch.Size([488, 5, 10, 32])
torch.Size([512, 5, 10, 32])
torch.Size([488, 5, 10, 32])
torch.Size([512, 5, 10, 32])
torch.Size([488, 5, 10, 32])
📊 Reward: -48.171 | Loss: 0.062
⏱ Iter 268 done | 🕒 IterTime: 1.58s | 🕘 Elapsed: 485.7s | ⏳ ETA: 22.1 min
🧠 Iteration 269 | Getting state...
⚙️ Scheduling...
✅ Schedule completed.
🔍 Verifying schedule...
📈 Updating policy...
torch.Size([512, 5, 10, 32])
torch.Size([488, 5, 10, 32])
torch.Size([512, 5, 10, 32])
torch.Size([488, 5, 10, 32])
torch.Size([512, 5, 10, 32])
torch.Size([488, 5, 10, 32])
📊 Reward: -47.871 | Loss: 0.082
⏱ Iter 269 done | 🕒 IterTime: 1.56s | 🕘 Elapsed: 487.3s | ⏳ ETA: 22.1 min
🧠 Iteration 270 | Getting state...
⚙️ Scheduling...
✅ Schedule completed.
🔍 Verifying schedule...
📈 Updating policy...
torch.Size([512, 5, 10, 32])
torch.Size([488, 5, 10, 32])
torch.Size([512, 5, 10, 32])
torch.Size([488, 5, 10, 32])
torch.Size([512, 5, 10, 32])
torch.Size([488, 5, 10, 32])
📊 Reward: -46.021 | Loss: 0.075

🧪 Validating policy...
There are 100 dev instances.
validating time:  1.610393762588501 

⏱ Iter 270 done | 🕒 IterTime: 3.15s | 🕘 Elapsed: 490.5s | ⏳ ETA: 22.1 min
🧠 Iteration 271 | Getting state...
⚙️ Scheduling...
✅ Schedule completed.
🔍 Verifying schedule...
📈 Updating policy...
torch.Size([512, 5, 10, 32])
torch.Size([488, 5, 10, 32])
torch.Size([512, 5, 10, 32])
torch.Size([488, 5, 10, 32])
torch.Size([512, 5, 10, 32])
torch.Size([488, 5, 10, 32])
📊 Reward: -51.371 | Loss: 0.063
⏱ Iter 271 done | 🕒 IterTime: 1.51s | 🕘 Elapsed: 492.0s | ⏳ ETA: 22.1 min
🧠 Iteration 272 | Getting state...
⚙️ Scheduling...
✅ Schedule completed.
🔍 Verifying schedule...
📈 Updating policy...
torch.Size([512, 5, 10, 32])
torch.Size([488, 5, 10, 32])
torch.Size([512, 5, 10, 32])
torch.Size([488, 5, 10, 32])
torch.Size([512, 5, 10, 32])
torch.Size([488, 5, 10, 32])
📊 Reward: -48.271 | Loss: 0.044
⏱ Iter 272 done | 🕒 IterTime: 1.51s | 🕘 Elapsed: 493.5s | ⏳ ETA: 22.0 min
🧠 Iteration 273 | Getting state...
⚙️ Scheduling...
✅ Schedule completed.
🔍 Verifying schedule...
📈 Updating policy...
torch.Size([512, 5, 10, 32])
torch.Size([488, 5, 10, 32])
torch.Size([512, 5, 10, 32])
torch.Size([488, 5, 10, 32])
torch.Size([512, 5, 10, 32])
torch.Size([488, 5, 10, 32])
📊 Reward: -49.971 | Loss: 0.058
⏱ Iter 273 done | 🕒 IterTime: 1.51s | 🕘 Elapsed: 495.0s | ⏳ ETA: 22.0 min
🧠 Iteration 274 | Getting state...
⚙️ Scheduling...
✅ Schedule completed.
🔍 Verifying schedule...
📈 Updating policy...
torch.Size([512, 5, 10, 32])
torch.Size([488, 5, 10, 32])
torch.Size([512, 5, 10, 32])
torch.Size([488, 5, 10, 32])
torch.Size([512, 5, 10, 32])
torch.Size([488, 5, 10, 32])
📊 Reward: -47.921 | Loss: 0.025
⏱ Iter 274 done | 🕒 IterTime: 1.51s | 🕘 Elapsed: 496.5s | ⏳ ETA: 21.9 min
🧠 Iteration 275 | Getting state...
⚙️ Scheduling...
✅ Schedule completed.
🔍 Verifying schedule...
📈 Updating policy...
torch.Size([512, 5, 10, 32])
torch.Size([488, 5, 10, 32])
torch.Size([512, 5, 10, 32])
torch.Size([488, 5, 10, 32])
torch.Size([512, 5, 10, 32])
torch.Size([488, 5, 10, 32])
📊 Reward: -49.871 | Loss: 0.033
⏱ Iter 275 done | 🕒 IterTime: 1.52s | 🕘 Elapsed: 498.0s | ⏳ ETA: 21.9 min
🧠 Iteration 276 | Getting state...
⚙️ Scheduling...
✅ Schedule completed.
🔍 Verifying schedule...
📈 Updating policy...
torch.Size([512, 5, 10, 32])
torch.Size([488, 5, 10, 32])
torch.Size([512, 5, 10, 32])
torch.Size([488, 5, 10, 32])
torch.Size([512, 5, 10, 32])
torch.Size([488, 5, 10, 32])
📊 Reward: -48.421 | Loss: 0.036
⏱ Iter 276 done | 🕒 IterTime: 1.50s | 🕘 Elapsed: 499.5s | ⏳ ETA: 21.8 min
🧠 Iteration 277 | Getting state...
⚙️ Scheduling...
✅ Schedule completed.
🔍 Verifying schedule...
📈 Updating policy...
torch.Size([512, 5, 10, 32])
torch.Size([488, 5, 10, 32])
torch.Size([512, 5, 10, 32])
torch.Size([488, 5, 10, 32])
torch.Size([512, 5, 10, 32])
torch.Size([488, 5, 10, 32])
📊 Reward: -47.021 | Loss: 0.043
⏱ Iter 277 done | 🕒 IterTime: 1.49s | 🕘 Elapsed: 501.0s | ⏳ ETA: 21.8 min
🧠 Iteration 278 | Getting state...
⚙️ Scheduling...
✅ Schedule completed.
🔍 Verifying schedule...
📈 Updating policy...
torch.Size([512, 5, 10, 32])
torch.Size([488, 5, 10, 32])
torch.Size([512, 5, 10, 32])
torch.Size([488, 5, 10, 32])
torch.Size([512, 5, 10, 32])
torch.Size([488, 5, 10, 32])
📊 Reward: -44.271 | Loss: 0.056
⏱ Iter 278 done | 🕒 IterTime: 1.52s | 🕘 Elapsed: 502.5s | ⏳ ETA: 21.8 min
🧠 Iteration 279 | Getting state...
⚙️ Scheduling...
✅ Schedule completed.
🔍 Verifying schedule...
📈 Updating policy...
torch.Size([512, 5, 10, 32])
torch.Size([488, 5, 10, 32])
torch.Size([512, 5, 10, 32])
torch.Size([488, 5, 10, 32])
torch.Size([512, 5, 10, 32])
torch.Size([488, 5, 10, 32])
📊 Reward: -54.921 | Loss: 0.033
⏱ Iter 279 done | 🕒 IterTime: 1.54s | 🕘 Elapsed: 504.1s | ⏳ ETA: 21.7 min
🧠 Iteration 280 | Getting state...
⚙️ Scheduling...
✅ Schedule completed.
🔍 Verifying schedule...
📈 Updating policy...
torch.Size([512, 5, 10, 32])
torch.Size([488, 5, 10, 32])
torch.Size([512, 5, 10, 32])
torch.Size([488, 5, 10, 32])
torch.Size([512, 5, 10, 32])
torch.Size([488, 5, 10, 32])
📊 Reward: -50.171 | Loss: 0.021

🧪 Validating policy...
There are 100 dev instances.
validating time:  1.6164588928222656 

⏱ Iter 280 done | 🕒 IterTime: 3.13s | 🕘 Elapsed: 507.2s | ⏳ ETA: 21.7 min
[15:14:38] 🔄 Refreshing training instances...
📦 num_jobs: 10, num_mas: 5, num_opes: 50
🧠 Iteration 281 | Getting state...
⚙️ Scheduling...
✅ Schedule completed.
🔍 Verifying schedule...
📈 Updating policy...
torch.Size([512, 5, 10, 32])
torch.Size([488, 5, 10, 32])
torch.Size([512, 5, 10, 32])
torch.Size([488, 5, 10, 32])
torch.Size([512, 5, 10, 32])
torch.Size([488, 5, 10, 32])
📊 Reward: -45.864 | Loss: 0.047
⏱ Iter 281 done | 🕒 IterTime: 1.59s | 🕘 Elapsed: 508.8s | ⏳ ETA: 21.7 min
🧠 Iteration 282 | Getting state...
⚙️ Scheduling...
✅ Schedule completed.
🔍 Verifying schedule...
📈 Updating policy...
torch.Size([512, 5, 10, 32])
torch.Size([488, 5, 10, 32])
torch.Size([512, 5, 10, 32])
torch.Size([488, 5, 10, 32])
torch.Size([512, 5, 10, 32])
torch.Size([488, 5, 10, 32])
📊 Reward: -48.564 | Loss: 0.033
⏱ Iter 282 done | 🕒 IterTime: 1.54s | 🕘 Elapsed: 510.3s | ⏳ ETA: 21.7 min
🧠 Iteration 283 | Getting state...
⚙️ Scheduling...
✅ Schedule completed.
🔍 Verifying schedule...
📈 Updating policy...
torch.Size([512, 5, 10, 32])
torch.Size([488, 5, 10, 32])
torch.Size([512, 5, 10, 32])
torch.Size([488, 5, 10, 32])
torch.Size([512, 5, 10, 32])
torch.Size([488, 5, 10, 32])
📊 Reward: -47.914 | Loss: 0.031
⏱ Iter 283 done | 🕒 IterTime: 1.55s | 🕘 Elapsed: 511.9s | ⏳ ETA: 21.6 min
🧠 Iteration 284 | Getting state...
⚙️ Scheduling...
✅ Schedule completed.
🔍 Verifying schedule...
📈 Updating policy...
torch.Size([512, 5, 10, 32])
torch.Size([488, 5, 10, 32])
torch.Size([512, 5, 10, 32])
torch.Size([488, 5, 10, 32])
torch.Size([512, 5, 10, 32])
torch.Size([488, 5, 10, 32])
📊 Reward: -44.764 | Loss: 0.029
⏱ Iter 284 done | 🕒 IterTime: 1.54s | 🕘 Elapsed: 513.4s | ⏳ ETA: 21.6 min
🧠 Iteration 285 | Getting state...
⚙️ Scheduling...
✅ Schedule completed.
🔍 Verifying schedule...
📈 Updating policy...
torch.Size([512, 5, 10, 32])
torch.Size([488, 5, 10, 32])
torch.Size([512, 5, 10, 32])
torch.Size([488, 5, 10, 32])
torch.Size([512, 5, 10, 32])
torch.Size([488, 5, 10, 32])
📊 Reward: -47.514 | Loss: 0.057
⏱ Iter 285 done | 🕒 IterTime: 1.55s | 🕘 Elapsed: 515.0s | ⏳ ETA: 21.5 min
🧠 Iteration 286 | Getting state...
⚙️ Scheduling...
✅ Schedule completed.
🔍 Verifying schedule...
📈 Updating policy...
torch.Size([512, 5, 10, 32])
torch.Size([488, 5, 10, 32])
torch.Size([512, 5, 10, 32])
torch.Size([488, 5, 10, 32])
torch.Size([512, 5, 10, 32])
torch.Size([488, 5, 10, 32])
📊 Reward: -45.114 | Loss: 0.051
⏱ Iter 286 done | 🕒 IterTime: 1.58s | 🕘 Elapsed: 516.5s | ⏳ ETA: 21.5 min
🧠 Iteration 287 | Getting state...
⚙️ Scheduling...
✅ Schedule completed.
🔍 Verifying schedule...
📈 Updating policy...
torch.Size([512, 5, 10, 32])
torch.Size([488, 5, 10, 32])
torch.Size([512, 5, 10, 32])
torch.Size([488, 5, 10, 32])
torch.Size([512, 5, 10, 32])
torch.Size([488, 5, 10, 32])
📊 Reward: -41.364 | Loss: 0.031
⏱ Iter 287 done | 🕒 IterTime: 1.56s | 🕘 Elapsed: 518.1s | ⏳ ETA: 21.5 min
🧠 Iteration 288 | Getting state...
⚙️ Scheduling...
✅ Schedule completed.
🔍 Verifying schedule...
📈 Updating policy...
torch.Size([512, 5, 10, 32])
torch.Size([488, 5, 10, 32])
torch.Size([512, 5, 10, 32])
torch.Size([488, 5, 10, 32])
torch.Size([512, 5, 10, 32])
torch.Size([488, 5, 10, 32])
📊 Reward: -45.864 | Loss: 0.054
⏱ Iter 288 done | 🕒 IterTime: 1.50s | 🕘 Elapsed: 519.6s | ⏳ ETA: 21.4 min
🧠 Iteration 289 | Getting state...
⚙️ Scheduling...
✅ Schedule completed.
🔍 Verifying schedule...
📈 Updating policy...
torch.Size([512, 5, 10, 32])
torch.Size([488, 5, 10, 32])
torch.Size([512, 5, 10, 32])
torch.Size([488, 5, 10, 32])
torch.Size([512, 5, 10, 32])
torch.Size([488, 5, 10, 32])
📊 Reward: -43.764 | Loss: 0.027
⏱ Iter 289 done | 🕒 IterTime: 1.51s | 🕘 Elapsed: 521.1s | ⏳ ETA: 21.4 min
🧠 Iteration 290 | Getting state...
⚙️ Scheduling...
✅ Schedule completed.
🔍 Verifying schedule...
📈 Updating policy...
torch.Size([512, 5, 10, 32])
torch.Size([488, 5, 10, 32])
torch.Size([512, 5, 10, 32])
torch.Size([488, 5, 10, 32])
torch.Size([512, 5, 10, 32])
torch.Size([488, 5, 10, 32])
📊 Reward: -45.814 | Loss: 0.044

🧪 Validating policy...
There are 100 dev instances.
validating time:  1.577124834060669 

⏱ Iter 290 done | 🕒 IterTime: 3.14s | 🕘 Elapsed: 524.3s | ⏳ ETA: 21.4 min
🧠 Iteration 291 | Getting state...
⚙️ Scheduling...
✅ Schedule completed.
🔍 Verifying schedule...
📈 Updating policy...
torch.Size([512, 5, 10, 32])
torch.Size([488, 5, 10, 32])
torch.Size([512, 5, 10, 32])
torch.Size([488, 5, 10, 32])
torch.Size([512, 5, 10, 32])
torch.Size([488, 5, 10, 32])
📊 Reward: -52.314 | Loss: 0.036
⏱ Iter 291 done | 🕒 IterTime: 1.56s | 🕘 Elapsed: 525.8s | ⏳ ETA: 21.4 min
🧠 Iteration 292 | Getting state...
⚙️ Scheduling...
✅ Schedule completed.
🔍 Verifying schedule...
📈 Updating policy...
torch.Size([512, 5, 10, 32])
torch.Size([488, 5, 10, 32])
torch.Size([512, 5, 10, 32])
torch.Size([488, 5, 10, 32])
torch.Size([512, 5, 10, 32])
torch.Size([488, 5, 10, 32])
📊 Reward: -44.414 | Loss: 0.067
⏱ Iter 292 done | 🕒 IterTime: 1.58s | 🕘 Elapsed: 527.4s | ⏳ ETA: 21.3 min
🧠 Iteration 293 | Getting state...
⚙️ Scheduling...
✅ Schedule completed.
🔍 Verifying schedule...
📈 Updating policy...
torch.Size([512, 5, 10, 32])
torch.Size([488, 5, 10, 32])
torch.Size([512, 5, 10, 32])
torch.Size([488, 5, 10, 32])
torch.Size([512, 5, 10, 32])
torch.Size([488, 5, 10, 32])
📊 Reward: -50.014 | Loss: 0.033
⏱ Iter 293 done | 🕒 IterTime: 1.58s | 🕘 Elapsed: 529.0s | ⏳ ETA: 21.3 min
🧠 Iteration 294 | Getting state...
⚙️ Scheduling...
✅ Schedule completed.
🔍 Verifying schedule...
📈 Updating policy...
torch.Size([512, 5, 10, 32])
torch.Size([488, 5, 10, 32])
torch.Size([512, 5, 10, 32])
torch.Size([488, 5, 10, 32])
torch.Size([512, 5, 10, 32])
torch.Size([488, 5, 10, 32])
📊 Reward: -45.414 | Loss: 0.037
⏱ Iter 294 done | 🕒 IterTime: 1.57s | 🕘 Elapsed: 530.5s | ⏳ ETA: 21.2 min
🧠 Iteration 295 | Getting state...
⚙️ Scheduling...
✅ Schedule completed.
🔍 Verifying schedule...
📈 Updating policy...
torch.Size([512, 5, 10, 32])
torch.Size([488, 5, 10, 32])
torch.Size([512, 5, 10, 32])
torch.Size([488, 5, 10, 32])
torch.Size([512, 5, 10, 32])
torch.Size([488, 5, 10, 32])
📊 Reward: -46.714 | Loss: 0.024
⏱ Iter 295 done | 🕒 IterTime: 1.57s | 🕘 Elapsed: 532.1s | ⏳ ETA: 21.2 min
🧠 Iteration 296 | Getting state...
⚙️ Scheduling...
✅ Schedule completed.
🔍 Verifying schedule...
📈 Updating policy...
torch.Size([512, 5, 10, 32])
torch.Size([488, 5, 10, 32])
torch.Size([512, 5, 10, 32])
torch.Size([488, 5, 10, 32])
torch.Size([512, 5, 10, 32])
torch.Size([488, 5, 10, 32])
📊 Reward: -47.364 | Loss: 0.072
⏱ Iter 296 done | 🕒 IterTime: 1.55s | 🕘 Elapsed: 533.7s | ⏳ ETA: 21.2 min
🧠 Iteration 297 | Getting state...
⚙️ Scheduling...
✅ Schedule completed.
🔍 Verifying schedule...
📈 Updating policy...
torch.Size([512, 5, 10, 32])
torch.Size([488, 5, 10, 32])
torch.Size([512, 5, 10, 32])
torch.Size([488, 5, 10, 32])
torch.Size([512, 5, 10, 32])
torch.Size([488, 5, 10, 32])
📊 Reward: -40.164 | Loss: 0.070
⏱ Iter 297 done | 🕒 IterTime: 1.55s | 🕘 Elapsed: 535.2s | ⏳ ETA: 21.1 min
🧠 Iteration 298 | Getting state...
⚙️ Scheduling...
✅ Schedule completed.
🔍 Verifying schedule...
📈 Updating policy...
torch.Size([512, 5, 10, 32])
torch.Size([488, 5, 10, 32])
torch.Size([512, 5, 10, 32])
torch.Size([488, 5, 10, 32])
torch.Size([512, 5, 10, 32])
torch.Size([488, 5, 10, 32])
📊 Reward: -42.964 | Loss: 0.030
⏱ Iter 298 done | 🕒 IterTime: 1.56s | 🕘 Elapsed: 536.8s | ⏳ ETA: 21.1 min
🧠 Iteration 299 | Getting state...
⚙️ Scheduling...
✅ Schedule completed.
🔍 Verifying schedule...
📈 Updating policy...
torch.Size([512, 5, 10, 32])
torch.Size([488, 5, 10, 32])
torch.Size([512, 5, 10, 32])
torch.Size([488, 5, 10, 32])
torch.Size([512, 5, 10, 32])
torch.Size([488, 5, 10, 32])
📊 Reward: -40.564 | Loss: 0.079
⏱ Iter 299 done | 🕒 IterTime: 1.53s | 🕘 Elapsed: 538.3s | ⏳ ETA: 21.0 min
🧠 Iteration 300 | Getting state...
⚙️ Scheduling...
✅ Schedule completed.
🔍 Verifying schedule...
📈 Updating policy...
torch.Size([512, 5, 10, 32])
torch.Size([488, 5, 10, 32])
torch.Size([512, 5, 10, 32])
torch.Size([488, 5, 10, 32])
torch.Size([512, 5, 10, 32])
torch.Size([488, 5, 10, 32])
📊 Reward: -46.564 | Loss: 0.065

🧪 Validating policy...
There are 100 dev instances.
validating time:  1.5943057537078857 

⏱ Iter 300 done | 🕒 IterTime: 3.16s | 🕘 Elapsed: 541.5s | ⏳ ETA: 21.1 min
[15:15:12] 🔄 Refreshing training instances...
📦 num_jobs: 10, num_mas: 5, num_opes: 51
🧠 Iteration 301 | Getting state...
⚙️ Scheduling...
✅ Schedule completed.
🔍 Verifying schedule...
📈 Updating policy...
torch.Size([512, 5, 10, 32])
torch.Size([508, 5, 10, 32])
torch.Size([512, 5, 10, 32])
torch.Size([508, 5, 10, 32])
torch.Size([512, 5, 10, 32])
torch.Size([508, 5, 10, 32])
📊 Reward: -50.227 | Loss: 0.013
⏱ Iter 301 done | 🕒 IterTime: 1.66s | 🕘 Elapsed: 543.1s | ⏳ ETA: 21.0 min
🧠 Iteration 302 | Getting state...
⚙️ Scheduling...
✅ Schedule completed.
🔍 Verifying schedule...
📈 Updating policy...
torch.Size([512, 5, 10, 32])
torch.Size([508, 5, 10, 32])
torch.Size([512, 5, 10, 32])
torch.Size([508, 5, 10, 32])
torch.Size([512, 5, 10, 32])
torch.Size([508, 5, 10, 32])
📊 Reward: -49.677 | Loss: 0.043
⏱ Iter 302 done | 🕒 IterTime: 1.52s | 🕘 Elapsed: 544.6s | ⏳ ETA: 21.0 min
🧠 Iteration 303 | Getting state...
⚙️ Scheduling...
✅ Schedule completed.
🔍 Verifying schedule...
📈 Updating policy...
torch.Size([512, 5, 10, 32])
torch.Size([508, 5, 10, 32])
torch.Size([512, 5, 10, 32])
torch.Size([508, 5, 10, 32])
torch.Size([512, 5, 10, 32])
torch.Size([508, 5, 10, 32])
📊 Reward: -47.427 | Loss: 0.049
⏱ Iter 303 done | 🕒 IterTime: 1.60s | 🕘 Elapsed: 546.3s | ⏳ ETA: 20.9 min
🧠 Iteration 304 | Getting state...
⚙️ Scheduling...
✅ Schedule completed.
🔍 Verifying schedule...
📈 Updating policy...
torch.Size([512, 5, 10, 32])
torch.Size([508, 5, 10, 32])
torch.Size([512, 5, 10, 32])
torch.Size([508, 5, 10, 32])
torch.Size([512, 5, 10, 32])
torch.Size([508, 5, 10, 32])
📊 Reward: -49.577 | Loss: 0.047
⏱ Iter 304 done | 🕒 IterTime: 1.70s | 🕘 Elapsed: 548.0s | ⏳ ETA: 20.9 min
🧠 Iteration 305 | Getting state...
⚙️ Scheduling...
✅ Schedule completed.
🔍 Verifying schedule...
📈 Updating policy...
torch.Size([512, 5, 10, 32])
torch.Size([508, 5, 10, 32])
torch.Size([512, 5, 10, 32])
torch.Size([508, 5, 10, 32])
torch.Size([512, 5, 10, 32])
torch.Size([508, 5, 10, 32])
📊 Reward: -50.577 | Loss: 0.014
⏱ Iter 305 done | 🕒 IterTime: 1.69s | 🕘 Elapsed: 549.6s | ⏳ ETA: 20.9 min
🧠 Iteration 306 | Getting state...
⚙️ Scheduling...
✅ Schedule completed.
🔍 Verifying schedule...
📈 Updating policy...
torch.Size([512, 5, 10, 32])
torch.Size([508, 5, 10, 32])
torch.Size([512, 5, 10, 32])
torch.Size([508, 5, 10, 32])
torch.Size([512, 5, 10, 32])
torch.Size([508, 5, 10, 32])
📊 Reward: -47.227 | Loss: 0.042
⏱ Iter 306 done | 🕒 IterTime: 1.72s | 🕘 Elapsed: 551.4s | ⏳ ETA: 20.8 min
🧠 Iteration 307 | Getting state...
⚙️ Scheduling...
✅ Schedule completed.
🔍 Verifying schedule...
📈 Updating policy...
torch.Size([512, 5, 10, 32])
torch.Size([508, 5, 10, 32])
torch.Size([512, 5, 10, 32])
torch.Size([508, 5, 10, 32])
torch.Size([512, 5, 10, 32])
torch.Size([508, 5, 10, 32])
📊 Reward: -49.077 | Loss: 0.026
⏱ Iter 307 done | 🕒 IterTime: 1.74s | 🕘 Elapsed: 553.1s | ⏳ ETA: 20.8 min
🧠 Iteration 308 | Getting state...
⚙️ Scheduling...
✅ Schedule completed.
🔍 Verifying schedule...
📈 Updating policy...
torch.Size([512, 5, 10, 32])
torch.Size([508, 5, 10, 32])
torch.Size([512, 5, 10, 32])
torch.Size([508, 5, 10, 32])
torch.Size([512, 5, 10, 32])
torch.Size([508, 5, 10, 32])
📊 Reward: -53.077 | Loss: 0.000
⏱ Iter 308 done | 🕒 IterTime: 1.68s | 🕘 Elapsed: 554.8s | ⏳ ETA: 20.8 min
🧠 Iteration 309 | Getting state...
⚙️ Scheduling...
✅ Schedule completed.
🔍 Verifying schedule...
📈 Updating policy...
torch.Size([512, 5, 10, 32])
torch.Size([508, 5, 10, 32])
torch.Size([512, 5, 10, 32])
torch.Size([508, 5, 10, 32])
torch.Size([512, 5, 10, 32])
torch.Size([508, 5, 10, 32])
📊 Reward: -56.177 | Loss: 0.042
⏱ Iter 309 done | 🕒 IterTime: 1.65s | 🕘 Elapsed: 556.4s | ⏳ ETA: 20.7 min
🧠 Iteration 310 | Getting state...
⚙️ Scheduling...
✅ Schedule completed.
🔍 Verifying schedule...
📈 Updating policy...
torch.Size([512, 5, 10, 32])
torch.Size([508, 5, 10, 32])
torch.Size([512, 5, 10, 32])
torch.Size([508, 5, 10, 32])
torch.Size([512, 5, 10, 32])
torch.Size([508, 5, 10, 32])
📊 Reward: -54.327 | Loss: 0.058

🧪 Validating policy...
There are 100 dev instances.
validating time:  1.579226016998291 

⏱ Iter 310 done | 🕒 IterTime: 3.24s | 🕘 Elapsed: 559.7s | ⏳ ETA: 20.8 min
🧠 Iteration 311 | Getting state...
⚙️ Scheduling...
✅ Schedule completed.
🔍 Verifying schedule...
📈 Updating policy...
torch.Size([512, 5, 10, 32])
torch.Size([508, 5, 10, 32])
torch.Size([512, 5, 10, 32])
torch.Size([508, 5, 10, 32])
torch.Size([512, 5, 10, 32])
torch.Size([508, 5, 10, 32])
📊 Reward: -52.227 | Loss: 0.009
⏱ Iter 311 done | 🕒 IterTime: 1.64s | 🕘 Elapsed: 561.3s | ⏳ ETA: 20.7 min
🧠 Iteration 312 | Getting state...
⚙️ Scheduling...
✅ Schedule completed.
🔍 Verifying schedule...
📈 Updating policy...
torch.Size([512, 5, 10, 32])
torch.Size([508, 5, 10, 32])
torch.Size([512, 5, 10, 32])
torch.Size([508, 5, 10, 32])
torch.Size([512, 5, 10, 32])
torch.Size([508, 5, 10, 32])
📊 Reward: -50.777 | Loss: 0.010
⏱ Iter 312 done | 🕒 IterTime: 1.73s | 🕘 Elapsed: 563.0s | ⏳ ETA: 20.7 min
🧠 Iteration 313 | Getting state...
⚙️ Scheduling...
✅ Schedule completed.
🔍 Verifying schedule...
📈 Updating policy...
torch.Size([512, 5, 10, 32])
torch.Size([508, 5, 10, 32])
torch.Size([512, 5, 10, 32])
torch.Size([508, 5, 10, 32])
torch.Size([512, 5, 10, 32])
torch.Size([508, 5, 10, 32])
📊 Reward: -51.227 | Loss: 0.042
⏱ Iter 313 done | 🕒 IterTime: 1.74s | 🕘 Elapsed: 564.8s | ⏳ ETA: 20.7 min
🧠 Iteration 314 | Getting state...
⚙️ Scheduling...
✅ Schedule completed.
🔍 Verifying schedule...
📈 Updating policy...
torch.Size([512, 5, 10, 32])
torch.Size([508, 5, 10, 32])
torch.Size([512, 5, 10, 32])
torch.Size([508, 5, 10, 32])
torch.Size([512, 5, 10, 32])
torch.Size([508, 5, 10, 32])
📊 Reward: -51.327 | Loss: 0.035
⏱ Iter 314 done | 🕒 IterTime: 1.70s | 🕘 Elapsed: 566.5s | ⏳ ETA: 20.6 min
🧠 Iteration 315 | Getting state...
⚙️ Scheduling...
✅ Schedule completed.
🔍 Verifying schedule...
📈 Updating policy...
torch.Size([512, 5, 10, 32])
torch.Size([508, 5, 10, 32])
torch.Size([512, 5, 10, 32])
torch.Size([508, 5, 10, 32])
torch.Size([512, 5, 10, 32])
torch.Size([508, 5, 10, 32])
📊 Reward: -51.427 | Loss: 0.026
⏱ Iter 315 done | 🕒 IterTime: 1.71s | 🕘 Elapsed: 568.2s | ⏳ ETA: 20.6 min
🧠 Iteration 316 | Getting state...
⚙️ Scheduling...
✅ Schedule completed.
🔍 Verifying schedule...
📈 Updating policy...
torch.Size([512, 5, 10, 32])
torch.Size([508, 5, 10, 32])
torch.Size([512, 5, 10, 32])
torch.Size([508, 5, 10, 32])
torch.Size([512, 5, 10, 32])
torch.Size([508, 5, 10, 32])
📊 Reward: -51.777 | Loss: 0.038
⏱ Iter 316 done | 🕒 IterTime: 1.69s | 🕘 Elapsed: 569.9s | ⏳ ETA: 20.6 min
🧠 Iteration 317 | Getting state...
⚙️ Scheduling...
✅ Schedule completed.
🔍 Verifying schedule...
📈 Updating policy...
torch.Size([512, 5, 10, 32])
torch.Size([508, 5, 10, 32])
torch.Size([512, 5, 10, 32])
torch.Size([508, 5, 10, 32])
torch.Size([512, 5, 10, 32])
torch.Size([508, 5, 10, 32])
📊 Reward: -49.677 | Loss: 0.017
⏱ Iter 317 done | 🕒 IterTime: 1.66s | 🕘 Elapsed: 571.5s | ⏳ ETA: 20.5 min
🧠 Iteration 318 | Getting state...
⚙️ Scheduling...
✅ Schedule completed.
🔍 Verifying schedule...
📈 Updating policy...
torch.Size([512, 5, 10, 32])
torch.Size([508, 5, 10, 32])
torch.Size([512, 5, 10, 32])
torch.Size([508, 5, 10, 32])
torch.Size([512, 5, 10, 32])
torch.Size([508, 5, 10, 32])
📊 Reward: -50.827 | Loss: 0.043
⏱ Iter 318 done | 🕒 IterTime: 1.66s | 🕘 Elapsed: 573.2s | ⏳ ETA: 20.5 min
🧠 Iteration 319 | Getting state...
⚙️ Scheduling...
✅ Schedule completed.
🔍 Verifying schedule...
📈 Updating policy...
torch.Size([512, 5, 10, 32])
torch.Size([508, 5, 10, 32])
torch.Size([512, 5, 10, 32])
torch.Size([508, 5, 10, 32])
torch.Size([512, 5, 10, 32])
torch.Size([508, 5, 10, 32])
📊 Reward: -49.027 | Loss: 0.026
⏱ Iter 319 done | 🕒 IterTime: 1.68s | 🕘 Elapsed: 574.9s | ⏳ ETA: 20.5 min
🧠 Iteration 320 | Getting state...
⚙️ Scheduling...
✅ Schedule completed.
🔍 Verifying schedule...
📈 Updating policy...
torch.Size([512, 5, 10, 32])
torch.Size([508, 5, 10, 32])
torch.Size([512, 5, 10, 32])
torch.Size([508, 5, 10, 32])
torch.Size([512, 5, 10, 32])
torch.Size([508, 5, 10, 32])
📊 Reward: -51.527 | Loss: -0.011

🧪 Validating policy...
There are 100 dev instances.
validating time:  1.6155369281768799 

⏱ Iter 320 done | 🕒 IterTime: 3.27s | 🕘 Elapsed: 578.2s | ⏳ ETA: 20.5 min
[15:15:49] 🔄 Refreshing training instances...
📦 num_jobs: 10, num_mas: 5, num_opes: 52
🧠 Iteration 321 | Getting state...
⚙️ Scheduling...
✅ Schedule completed.
🔍 Verifying schedule...
📈 Updating policy...
torch.Size([512, 5, 10, 32])
torch.Size([512, 5, 10, 32])
torch.Size([16, 5, 10, 32])
torch.Size([512, 5, 10, 32])
torch.Size([512, 5, 10, 32])
torch.Size([16, 5, 10, 32])
torch.Size([512, 5, 10, 32])
torch.Size([512, 5, 10, 32])
torch.Size([16, 5, 10, 32])
📊 Reward: -55.828 | Loss: 0.070
⏱ Iter 321 done | 🕒 IterTime: 1.92s | 🕘 Elapsed: 580.1s | ⏳ ETA: 20.5 min
🧠 Iteration 322 | Getting state...
⚙️ Scheduling...
✅ Schedule completed.
🔍 Verifying schedule...
📈 Updating policy...
torch.Size([512, 5, 10, 32])
torch.Size([512, 5, 10, 32])
torch.Size([16, 5, 10, 32])
torch.Size([512, 5, 10, 32])
torch.Size([512, 5, 10, 32])
torch.Size([16, 5, 10, 32])
torch.Size([512, 5, 10, 32])
torch.Size([512, 5, 10, 32])
torch.Size([16, 5, 10, 32])
📊 Reward: -51.878 | Loss: 0.113
⏱ Iter 322 done | 🕒 IterTime: 1.75s | 🕘 Elapsed: 581.8s | ⏳ ETA: 20.4 min
🧠 Iteration 323 | Getting state...
⚙️ Scheduling...
✅ Schedule completed.
🔍 Verifying schedule...
📈 Updating policy...
torch.Size([512, 5, 10, 32])
torch.Size([512, 5, 10, 32])
torch.Size([16, 5, 10, 32])
torch.Size([512, 5, 10, 32])
torch.Size([512, 5, 10, 32])
torch.Size([16, 5, 10, 32])
torch.Size([512, 5, 10, 32])
torch.Size([512, 5, 10, 32])
torch.Size([16, 5, 10, 32])
📊 Reward: -49.027 | Loss: -0.018
⏱ Iter 323 done | 🕒 IterTime: 1.75s | 🕘 Elapsed: 583.6s | ⏳ ETA: 20.4 min
🧠 Iteration 324 | Getting state...
⚙️ Scheduling...
✅ Schedule completed.
🔍 Verifying schedule...
📈 Updating policy...
torch.Size([512, 5, 10, 32])
torch.Size([512, 5, 10, 32])
torch.Size([16, 5, 10, 32])
torch.Size([512, 5, 10, 32])
torch.Size([512, 5, 10, 32])
torch.Size([16, 5, 10, 32])
torch.Size([512, 5, 10, 32])
torch.Size([512, 5, 10, 32])
torch.Size([16, 5, 10, 32])
📊 Reward: -53.428 | Loss: 0.171
⏱ Iter 324 done | 🕒 IterTime: 1.70s | 🕘 Elapsed: 585.3s | ⏳ ETA: 20.4 min
🧠 Iteration 325 | Getting state...
⚙️ Scheduling...
✅ Schedule completed.
🔍 Verifying schedule...
📈 Updating policy...
torch.Size([512, 5, 10, 32])
torch.Size([512, 5, 10, 32])
torch.Size([16, 5, 10, 32])
torch.Size([512, 5, 10, 32])
torch.Size([512, 5, 10, 32])
torch.Size([16, 5, 10, 32])
torch.Size([512, 5, 10, 32])
torch.Size([512, 5, 10, 32])
torch.Size([16, 5, 10, 32])
📊 Reward: -50.677 | Loss: 0.113
⏱ Iter 325 done | 🕒 IterTime: 1.67s | 🕘 Elapsed: 587.0s | ⏳ ETA: 20.3 min
🧠 Iteration 326 | Getting state...
⚙️ Scheduling...
✅ Schedule completed.
🔍 Verifying schedule...
📈 Updating policy...
torch.Size([512, 5, 10, 32])
torch.Size([512, 5, 10, 32])
torch.Size([16, 5, 10, 32])
torch.Size([512, 5, 10, 32])
torch.Size([512, 5, 10, 32])
torch.Size([16, 5, 10, 32])
torch.Size([512, 5, 10, 32])
torch.Size([512, 5, 10, 32])
torch.Size([16, 5, 10, 32])
📊 Reward: -52.878 | Loss: -0.001
⏱ Iter 326 done | 🕒 IterTime: 1.65s | 🕘 Elapsed: 588.6s | ⏳ ETA: 20.3 min
🧠 Iteration 327 | Getting state...
⚙️ Scheduling...
✅ Schedule completed.
🔍 Verifying schedule...
📈 Updating policy...
torch.Size([512, 5, 10, 32])
torch.Size([512, 5, 10, 32])
torch.Size([16, 5, 10, 32])
torch.Size([512, 5, 10, 32])
torch.Size([512, 5, 10, 32])
torch.Size([16, 5, 10, 32])
torch.Size([512, 5, 10, 32])
torch.Size([512, 5, 10, 32])
torch.Size([16, 5, 10, 32])
📊 Reward: -52.278 | Loss: -0.039
⏱ Iter 327 done | 🕒 IterTime: 1.66s | 🕘 Elapsed: 590.3s | ⏳ ETA: 20.2 min
🧠 Iteration 328 | Getting state...
⚙️ Scheduling...
✅ Schedule completed.
🔍 Verifying schedule...
📈 Updating policy...
torch.Size([512, 5, 10, 32])
torch.Size([512, 5, 10, 32])
torch.Size([16, 5, 10, 32])
torch.Size([512, 5, 10, 32])
torch.Size([512, 5, 10, 32])
torch.Size([16, 5, 10, 32])
torch.Size([512, 5, 10, 32])
torch.Size([512, 5, 10, 32])
torch.Size([16, 5, 10, 32])
📊 Reward: -50.777 | Loss: 0.154
⏱ Iter 328 done | 🕒 IterTime: 1.65s | 🕘 Elapsed: 591.9s | ⏳ ETA: 20.2 min
🧠 Iteration 329 | Getting state...
⚙️ Scheduling...
✅ Schedule completed.
🔍 Verifying schedule...
📈 Updating policy...
torch.Size([512, 5, 10, 32])
torch.Size([512, 5, 10, 32])
torch.Size([16, 5, 10, 32])
torch.Size([512, 5, 10, 32])
torch.Size([512, 5, 10, 32])
torch.Size([16, 5, 10, 32])
torch.Size([512, 5, 10, 32])
torch.Size([512, 5, 10, 32])
torch.Size([16, 5, 10, 32])
📊 Reward: -48.877 | Loss: 0.082
⏱ Iter 329 done | 🕒 IterTime: 1.64s | 🕘 Elapsed: 593.6s | ⏳ ETA: 20.2 min
🧠 Iteration 330 | Getting state...
⚙️ Scheduling...
✅ Schedule completed.
🔍 Verifying schedule...
📈 Updating policy...
torch.Size([512, 5, 10, 32])
torch.Size([512, 5, 10, 32])
torch.Size([16, 5, 10, 32])
torch.Size([512, 5, 10, 32])
torch.Size([512, 5, 10, 32])
torch.Size([16, 5, 10, 32])
torch.Size([512, 5, 10, 32])
torch.Size([512, 5, 10, 32])
torch.Size([16, 5, 10, 32])
📊 Reward: -49.827 | Loss: -0.017

🧪 Validating policy...
There are 100 dev instances.
validating time:  1.6365842819213867 

⏱ Iter 330 done | 🕒 IterTime: 3.28s | 🕘 Elapsed: 596.8s | ⏳ ETA: 20.2 min
🧠 Iteration 331 | Getting state...
⚙️ Scheduling...
✅ Schedule completed.
🔍 Verifying schedule...
📈 Updating policy...
torch.Size([512, 5, 10, 32])
torch.Size([512, 5, 10, 32])
torch.Size([16, 5, 10, 32])
torch.Size([512, 5, 10, 32])
torch.Size([512, 5, 10, 32])
torch.Size([16, 5, 10, 32])
torch.Size([512, 5, 10, 32])
torch.Size([512, 5, 10, 32])
torch.Size([16, 5, 10, 32])
📊 Reward: -49.577 | Loss: 0.114
⏱ Iter 331 done | 🕒 IterTime: 1.68s | 🕘 Elapsed: 598.5s | ⏳ ETA: 20.2 min
🧠 Iteration 332 | Getting state...
⚙️ Scheduling...
✅ Schedule completed.
🔍 Verifying schedule...
📈 Updating policy...
torch.Size([512, 5, 10, 32])
torch.Size([512, 5, 10, 32])
torch.Size([16, 5, 10, 32])
torch.Size([512, 5, 10, 32])
torch.Size([512, 5, 10, 32])
torch.Size([16, 5, 10, 32])
torch.Size([512, 5, 10, 32])
torch.Size([512, 5, 10, 32])
torch.Size([16, 5, 10, 32])
📊 Reward: -47.577 | Loss: 0.043
⏱ Iter 332 done | 🕒 IterTime: 1.74s | 🕘 Elapsed: 600.3s | ⏳ ETA: 20.1 min
🧠 Iteration 333 | Getting state...
⚙️ Scheduling...
✅ Schedule completed.
🔍 Verifying schedule...
📈 Updating policy...
torch.Size([512, 5, 10, 32])
torch.Size([512, 5, 10, 32])
torch.Size([16, 5, 10, 32])
torch.Size([512, 5, 10, 32])
torch.Size([512, 5, 10, 32])
torch.Size([16, 5, 10, 32])
torch.Size([512, 5, 10, 32])
torch.Size([512, 5, 10, 32])
torch.Size([16, 5, 10, 32])
📊 Reward: -45.877 | Loss: 0.010
⏱ Iter 333 done | 🕒 IterTime: 1.92s | 🕘 Elapsed: 602.2s | ⏳ ETA: 20.1 min
🧠 Iteration 334 | Getting state...
⚙️ Scheduling...
✅ Schedule completed.
🔍 Verifying schedule...
📈 Updating policy...
torch.Size([512, 5, 10, 32])
torch.Size([512, 5, 10, 32])
torch.Size([16, 5, 10, 32])
torch.Size([512, 5, 10, 32])
torch.Size([512, 5, 10, 32])
torch.Size([16, 5, 10, 32])
torch.Size([512, 5, 10, 32])
torch.Size([512, 5, 10, 32])
torch.Size([16, 5, 10, 32])
📊 Reward: -49.327 | Loss: 0.109
⏱ Iter 334 done | 🕒 IterTime: 1.82s | 🕘 Elapsed: 604.0s | ⏳ ETA: 20.1 min
🧠 Iteration 335 | Getting state...
⚙️ Scheduling...
✅ Schedule completed.
🔍 Verifying schedule...
📈 Updating policy...
torch.Size([512, 5, 10, 32])
torch.Size([512, 5, 10, 32])
torch.Size([16, 5, 10, 32])
torch.Size([512, 5, 10, 32])
torch.Size([512, 5, 10, 32])
torch.Size([16, 5, 10, 32])
torch.Size([512, 5, 10, 32])
torch.Size([512, 5, 10, 32])
torch.Size([16, 5, 10, 32])
📊 Reward: -48.677 | Loss: 0.112
⏱ Iter 335 done | 🕒 IterTime: 1.79s | 🕘 Elapsed: 605.8s | ⏳ ETA: 20.0 min
🧠 Iteration 336 | Getting state...
⚙️ Scheduling...
✅ Schedule completed.
🔍 Verifying schedule...
📈 Updating policy...
torch.Size([512, 5, 10, 32])
torch.Size([512, 5, 10, 32])
torch.Size([16, 5, 10, 32])
torch.Size([512, 5, 10, 32])
torch.Size([512, 5, 10, 32])
torch.Size([16, 5, 10, 32])
torch.Size([512, 5, 10, 32])
torch.Size([512, 5, 10, 32])
torch.Size([16, 5, 10, 32])
📊 Reward: -47.727 | Loss: 0.092
⏱ Iter 336 done | 🕒 IterTime: 1.74s | 🕘 Elapsed: 607.5s | ⏳ ETA: 20.0 min
🧠 Iteration 337 | Getting state...
⚙️ Scheduling...
✅ Schedule completed.
🔍 Verifying schedule...
📈 Updating policy...
torch.Size([512, 5, 10, 32])
torch.Size([512, 5, 10, 32])
torch.Size([16, 5, 10, 32])
torch.Size([512, 5, 10, 32])
torch.Size([512, 5, 10, 32])
torch.Size([16, 5, 10, 32])
torch.Size([512, 5, 10, 32])
torch.Size([512, 5, 10, 32])
torch.Size([16, 5, 10, 32])
📊 Reward: -48.227 | Loss: 0.055
⏱ Iter 337 done | 🕒 IterTime: 1.93s | 🕘 Elapsed: 609.5s | ⏳ ETA: 20.0 min
🧠 Iteration 338 | Getting state...
⚙️ Scheduling...
✅ Schedule completed.
🔍 Verifying schedule...
📈 Updating policy...
torch.Size([512, 5, 10, 32])
torch.Size([512, 5, 10, 32])
torch.Size([16, 5, 10, 32])
torch.Size([512, 5, 10, 32])
torch.Size([512, 5, 10, 32])
torch.Size([16, 5, 10, 32])
torch.Size([512, 5, 10, 32])
torch.Size([512, 5, 10, 32])
torch.Size([16, 5, 10, 32])
📊 Reward: -47.577 | Loss: 0.055
⏱ Iter 338 done | 🕒 IterTime: 1.89s | 🕘 Elapsed: 611.3s | ⏳ ETA: 20.0 min
🧠 Iteration 339 | Getting state...
⚙️ Scheduling...
✅ Schedule completed.
🔍 Verifying schedule...
📈 Updating policy...
torch.Size([512, 5, 10, 32])
torch.Size([512, 5, 10, 32])
torch.Size([16, 5, 10, 32])
torch.Size([512, 5, 10, 32])
torch.Size([512, 5, 10, 32])
torch.Size([16, 5, 10, 32])
torch.Size([512, 5, 10, 32])
torch.Size([512, 5, 10, 32])
torch.Size([16, 5, 10, 32])
📊 Reward: -50.477 | Loss: 0.105
⏱ Iter 339 done | 🕒 IterTime: 1.91s | 🕘 Elapsed: 613.3s | ⏳ ETA: 19.9 min
🧠 Iteration 340 | Getting state...
⚙️ Scheduling...
✅ Schedule completed.
🔍 Verifying schedule...
📈 Updating policy...
torch.Size([512, 5, 10, 32])
torch.Size([512, 5, 10, 32])
torch.Size([16, 5, 10, 32])
torch.Size([512, 5, 10, 32])
torch.Size([512, 5, 10, 32])
torch.Size([16, 5, 10, 32])
torch.Size([512, 5, 10, 32])
torch.Size([512, 5, 10, 32])
torch.Size([16, 5, 10, 32])
📊 Reward: -48.477 | Loss: 0.082

🧪 Validating policy...
There are 100 dev instances.
validating time:  1.6599478721618652 

⏱ Iter 340 done | 🕒 IterTime: 3.33s | 🕘 Elapsed: 616.6s | ⏳ ETA: 19.9 min
[15:16:27] 🔄 Refreshing training instances...
📦 num_jobs: 10, num_mas: 5, num_opes: 47
🧠 Iteration 341 | Getting state...
⚙️ Scheduling...
✅ Schedule completed.
🔍 Verifying schedule...
📈 Updating policy...
torch.Size([512, 5, 10, 32])
torch.Size([428, 5, 10, 32])
torch.Size([512, 5, 10, 32])
torch.Size([428, 5, 10, 32])
torch.Size([512, 5, 10, 32])
torch.Size([428, 5, 10, 32])
📊 Reward: -37.288 | Loss: 0.046
⏱ Iter 341 done | 🕒 IterTime: 1.44s | 🕘 Elapsed: 618.0s | ⏳ ETA: 19.9 min
🧠 Iteration 342 | Getting state...
⚙️ Scheduling...
✅ Schedule completed.
🔍 Verifying schedule...
📈 Updating policy...
torch.Size([512, 5, 10, 32])
torch.Size([428, 5, 10, 32])
torch.Size([512, 5, 10, 32])
torch.Size([428, 5, 10, 32])
torch.Size([512, 5, 10, 32])
torch.Size([428, 5, 10, 32])
📊 Reward: -35.288 | Loss: 0.036
⏱ Iter 342 done | 🕒 IterTime: 1.41s | 🕘 Elapsed: 619.4s | ⏳ ETA: 19.9 min
🧠 Iteration 343 | Getting state...
⚙️ Scheduling...
✅ Schedule completed.
🔍 Verifying schedule...
📈 Updating policy...
torch.Size([512, 5, 10, 32])
torch.Size([428, 5, 10, 32])
torch.Size([512, 5, 10, 32])
torch.Size([428, 5, 10, 32])
torch.Size([512, 5, 10, 32])
torch.Size([428, 5, 10, 32])
📊 Reward: -36.088 | Loss: 0.035
⏱ Iter 343 done | 🕒 IterTime: 1.39s | 🕘 Elapsed: 620.8s | ⏳ ETA: 19.8 min
🧠 Iteration 344 | Getting state...
⚙️ Scheduling...
✅ Schedule completed.
🔍 Verifying schedule...
📈 Updating policy...
torch.Size([512, 5, 10, 32])
torch.Size([428, 5, 10, 32])
torch.Size([512, 5, 10, 32])
torch.Size([428, 5, 10, 32])
torch.Size([512, 5, 10, 32])
torch.Size([428, 5, 10, 32])
📊 Reward: -37.188 | Loss: 0.033
⏱ Iter 344 done | 🕒 IterTime: 1.39s | 🕘 Elapsed: 622.2s | ⏳ ETA: 19.8 min
🧠 Iteration 345 | Getting state...
⚙️ Scheduling...
✅ Schedule completed.
🔍 Verifying schedule...
📈 Updating policy...
torch.Size([512, 5, 10, 32])
torch.Size([428, 5, 10, 32])
torch.Size([512, 5, 10, 32])
torch.Size([428, 5, 10, 32])
torch.Size([512, 5, 10, 32])
torch.Size([428, 5, 10, 32])
📊 Reward: -34.988 | Loss: 0.041
⏱ Iter 345 done | 🕒 IterTime: 1.39s | 🕘 Elapsed: 623.6s | ⏳ ETA: 19.7 min
🧠 Iteration 346 | Getting state...
⚙️ Scheduling...
✅ Schedule completed.
🔍 Verifying schedule...
📈 Updating policy...
torch.Size([512, 5, 10, 32])
torch.Size([428, 5, 10, 32])
torch.Size([512, 5, 10, 32])
torch.Size([428, 5, 10, 32])
torch.Size([512, 5, 10, 32])
torch.Size([428, 5, 10, 32])
📊 Reward: -37.638 | Loss: 0.028
⏱ Iter 346 done | 🕒 IterTime: 1.38s | 🕘 Elapsed: 625.0s | ⏳ ETA: 19.7 min
🧠 Iteration 347 | Getting state...
⚙️ Scheduling...
✅ Schedule completed.
🔍 Verifying schedule...
📈 Updating policy...
torch.Size([512, 5, 10, 32])
torch.Size([428, 5, 10, 32])
torch.Size([512, 5, 10, 32])
torch.Size([428, 5, 10, 32])
torch.Size([512, 5, 10, 32])
torch.Size([428, 5, 10, 32])
📊 Reward: -34.688 | Loss: 0.036
⏱ Iter 347 done | 🕒 IterTime: 1.41s | 🕘 Elapsed: 626.4s | ⏳ ETA: 19.6 min
🧠 Iteration 348 | Getting state...
⚙️ Scheduling...
✅ Schedule completed.
🔍 Verifying schedule...
📈 Updating policy...
torch.Size([512, 5, 10, 32])
torch.Size([428, 5, 10, 32])
torch.Size([512, 5, 10, 32])
torch.Size([428, 5, 10, 32])
torch.Size([512, 5, 10, 32])
torch.Size([428, 5, 10, 32])
📊 Reward: -39.638 | Loss: 0.012
⏱ Iter 348 done | 🕒 IterTime: 1.37s | 🕘 Elapsed: 627.8s | ⏳ ETA: 19.6 min
🧠 Iteration 349 | Getting state...
⚙️ Scheduling...
✅ Schedule completed.
🔍 Verifying schedule...
📈 Updating policy...
torch.Size([512, 5, 10, 32])
torch.Size([428, 5, 10, 32])
torch.Size([512, 5, 10, 32])
torch.Size([428, 5, 10, 32])
torch.Size([512, 5, 10, 32])
torch.Size([428, 5, 10, 32])
📊 Reward: -34.838 | Loss: 0.068
⏱ Iter 349 done | 🕒 IterTime: 1.40s | 🕘 Elapsed: 629.2s | ⏳ ETA: 19.6 min
🧠 Iteration 350 | Getting state...
⚙️ Scheduling...
✅ Schedule completed.
🔍 Verifying schedule...
📈 Updating policy...
torch.Size([512, 5, 10, 32])
torch.Size([428, 5, 10, 32])
torch.Size([512, 5, 10, 32])
torch.Size([428, 5, 10, 32])
torch.Size([512, 5, 10, 32])
torch.Size([428, 5, 10, 32])
📊 Reward: -37.038 | Loss: 0.086

🧪 Validating policy...
There are 100 dev instances.
validating time:  1.6120483875274658 

⏱ Iter 350 done | 🕒 IterTime: 3.01s | 🕘 Elapsed: 632.2s | ⏳ ETA: 19.6 min
🧠 Iteration 351 | Getting state...
⚙️ Scheduling...
✅ Schedule completed.
🔍 Verifying schedule...
📈 Updating policy...
torch.Size([512, 5, 10, 32])
torch.Size([428, 5, 10, 32])
torch.Size([512, 5, 10, 32])
torch.Size([428, 5, 10, 32])
torch.Size([512, 5, 10, 32])
torch.Size([428, 5, 10, 32])
📊 Reward: -37.338 | Loss: 0.044
⏱ Iter 351 done | 🕒 IterTime: 1.39s | 🕘 Elapsed: 633.6s | ⏳ ETA: 19.5 min
🧠 Iteration 352 | Getting state...
⚙️ Scheduling...
✅ Schedule completed.
🔍 Verifying schedule...
📈 Updating policy...
torch.Size([512, 5, 10, 32])
torch.Size([428, 5, 10, 32])
torch.Size([512, 5, 10, 32])
torch.Size([428, 5, 10, 32])
torch.Size([512, 5, 10, 32])
torch.Size([428, 5, 10, 32])
📊 Reward: -38.638 | Loss: 0.032
⏱ Iter 352 done | 🕒 IterTime: 1.38s | 🕘 Elapsed: 634.9s | ⏳ ETA: 19.5 min
🧠 Iteration 353 | Getting state...
⚙️ Scheduling...
✅ Schedule completed.
🔍 Verifying schedule...
📈 Updating policy...
torch.Size([512, 5, 10, 32])
torch.Size([428, 5, 10, 32])
torch.Size([512, 5, 10, 32])
torch.Size([428, 5, 10, 32])
torch.Size([512, 5, 10, 32])
torch.Size([428, 5, 10, 32])
📊 Reward: -37.188 | Loss: 0.036
⏱ Iter 353 done | 🕒 IterTime: 1.39s | 🕘 Elapsed: 636.3s | ⏳ ETA: 19.4 min
🧠 Iteration 354 | Getting state...
⚙️ Scheduling...
✅ Schedule completed.
🔍 Verifying schedule...
📈 Updating policy...
torch.Size([512, 5, 10, 32])
torch.Size([428, 5, 10, 32])
torch.Size([512, 5, 10, 32])
torch.Size([428, 5, 10, 32])
torch.Size([512, 5, 10, 32])
torch.Size([428, 5, 10, 32])
📊 Reward: -36.288 | Loss: 0.038
⏱ Iter 354 done | 🕒 IterTime: 1.41s | 🕘 Elapsed: 637.7s | ⏳ ETA: 19.4 min
🧠 Iteration 355 | Getting state...
⚙️ Scheduling...
✅ Schedule completed.
🔍 Verifying schedule...
📈 Updating policy...
torch.Size([512, 5, 10, 32])
torch.Size([428, 5, 10, 32])
torch.Size([512, 5, 10, 32])
torch.Size([428, 5, 10, 32])
torch.Size([512, 5, 10, 32])
torch.Size([428, 5, 10, 32])
📊 Reward: -35.438 | Loss: 0.079
⏱ Iter 355 done | 🕒 IterTime: 1.38s | 🕘 Elapsed: 639.1s | ⏳ ETA: 19.4 min
🧠 Iteration 356 | Getting state...
⚙️ Scheduling...
✅ Schedule completed.
🔍 Verifying schedule...
📈 Updating policy...
torch.Size([512, 5, 10, 32])
torch.Size([428, 5, 10, 32])
torch.Size([512, 5, 10, 32])
torch.Size([428, 5, 10, 32])
torch.Size([512, 5, 10, 32])
torch.Size([428, 5, 10, 32])
📊 Reward: -36.588 | Loss: 0.054
⏱ Iter 356 done | 🕒 IterTime: 1.37s | 🕘 Elapsed: 640.5s | ⏳ ETA: 19.3 min
🧠 Iteration 357 | Getting state...
⚙️ Scheduling...
✅ Schedule completed.
🔍 Verifying schedule...
📈 Updating policy...
torch.Size([512, 5, 10, 32])
torch.Size([428, 5, 10, 32])
torch.Size([512, 5, 10, 32])
torch.Size([428, 5, 10, 32])
torch.Size([512, 5, 10, 32])
torch.Size([428, 5, 10, 32])
📊 Reward: -39.088 | Loss: 0.039
⏱ Iter 357 done | 🕒 IterTime: 1.39s | 🕘 Elapsed: 641.9s | ⏳ ETA: 19.3 min
🧠 Iteration 358 | Getting state...
⚙️ Scheduling...
✅ Schedule completed.
🔍 Verifying schedule...
📈 Updating policy...
torch.Size([512, 5, 10, 32])
torch.Size([428, 5, 10, 32])
torch.Size([512, 5, 10, 32])
torch.Size([428, 5, 10, 32])
torch.Size([512, 5, 10, 32])
torch.Size([428, 5, 10, 32])
📊 Reward: -37.588 | Loss: 0.064
⏱ Iter 358 done | 🕒 IterTime: 1.37s | 🕘 Elapsed: 643.2s | ⏳ ETA: 19.2 min
🧠 Iteration 359 | Getting state...
⚙️ Scheduling...
✅ Schedule completed.
🔍 Verifying schedule...
📈 Updating policy...
torch.Size([512, 5, 10, 32])
torch.Size([428, 5, 10, 32])
torch.Size([512, 5, 10, 32])
torch.Size([428, 5, 10, 32])
torch.Size([512, 5, 10, 32])
torch.Size([428, 5, 10, 32])
📊 Reward: -36.938 | Loss: 0.059
⏱ Iter 359 done | 🕒 IterTime: 1.37s | 🕘 Elapsed: 644.6s | ⏳ ETA: 19.2 min
🧠 Iteration 360 | Getting state...
⚙️ Scheduling...
✅ Schedule completed.
🔍 Verifying schedule...
📈 Updating policy...
torch.Size([512, 5, 10, 32])
torch.Size([428, 5, 10, 32])
torch.Size([512, 5, 10, 32])
torch.Size([428, 5, 10, 32])
torch.Size([512, 5, 10, 32])
torch.Size([428, 5, 10, 32])
📊 Reward: -36.288 | Loss: 0.076

🧪 Validating policy...
There are 100 dev instances.
validating time:  1.5839862823486328 

⏱ Iter 360 done | 🕒 IterTime: 2.99s | 🕘 Elapsed: 647.6s | ⏳ ETA: 19.2 min
[15:16:58] 🔄 Refreshing training instances...
📦 num_jobs: 10, num_mas: 5, num_opes: 50
🧠 Iteration 361 | Getting state...
⚙️ Scheduling...
✅ Schedule completed.
🔍 Verifying schedule...
📈 Updating policy...
torch.Size([512, 5, 10, 32])
torch.Size([488, 5, 10, 32])
torch.Size([512, 5, 10, 32])
torch.Size([488, 5, 10, 32])
torch.Size([512, 5, 10, 32])
torch.Size([488, 5, 10, 32])
📊 Reward: -37.826 | Loss: 0.030
⏱ Iter 361 done | 🕒 IterTime: 1.63s | 🕘 Elapsed: 649.2s | ⏳ ETA: 19.2 min
🧠 Iteration 362 | Getting state...
⚙️ Scheduling...
✅ Schedule completed.
🔍 Verifying schedule...
📈 Updating policy...
torch.Size([512, 5, 10, 32])
torch.Size([488, 5, 10, 32])
torch.Size([512, 5, 10, 32])
torch.Size([488, 5, 10, 32])
torch.Size([512, 5, 10, 32])
torch.Size([488, 5, 10, 32])
📊 Reward: -40.176 | Loss: 0.030
⏱ Iter 362 done | 🕒 IterTime: 1.60s | 🕘 Elapsed: 650.8s | ⏳ ETA: 19.1 min
🧠 Iteration 363 | Getting state...
⚙️ Scheduling...
✅ Schedule completed.
🔍 Verifying schedule...
📈 Updating policy...
torch.Size([512, 5, 10, 32])
torch.Size([488, 5, 10, 32])
torch.Size([512, 5, 10, 32])
torch.Size([488, 5, 10, 32])
torch.Size([512, 5, 10, 32])
torch.Size([488, 5, 10, 32])
📊 Reward: -38.726 | Loss: 0.042
⏱ Iter 363 done | 🕒 IterTime: 1.59s | 🕘 Elapsed: 652.4s | ⏳ ETA: 19.1 min
🧠 Iteration 364 | Getting state...
⚙️ Scheduling...
✅ Schedule completed.
🔍 Verifying schedule...
📈 Updating policy...
torch.Size([512, 5, 10, 32])
torch.Size([488, 5, 10, 32])
torch.Size([512, 5, 10, 32])
torch.Size([488, 5, 10, 32])
torch.Size([512, 5, 10, 32])
torch.Size([488, 5, 10, 32])
📊 Reward: -39.576 | Loss: 0.011
⏱ Iter 364 done | 🕒 IterTime: 1.51s | 🕘 Elapsed: 653.9s | ⏳ ETA: 19.0 min
🧠 Iteration 365 | Getting state...
⚙️ Scheduling...
✅ Schedule completed.
🔍 Verifying schedule...
📈 Updating policy...
torch.Size([512, 5, 10, 32])
torch.Size([488, 5, 10, 32])
torch.Size([512, 5, 10, 32])
torch.Size([488, 5, 10, 32])
torch.Size([512, 5, 10, 32])
torch.Size([488, 5, 10, 32])
📊 Reward: -38.826 | Loss: 0.032
⏱ Iter 365 done | 🕒 IterTime: 1.52s | 🕘 Elapsed: 655.5s | ⏳ ETA: 19.0 min
🧠 Iteration 366 | Getting state...
⚙️ Scheduling...
✅ Schedule completed.
🔍 Verifying schedule...
📈 Updating policy...
torch.Size([512, 5, 10, 32])
torch.Size([488, 5, 10, 32])
torch.Size([512, 5, 10, 32])
torch.Size([488, 5, 10, 32])
torch.Size([512, 5, 10, 32])
torch.Size([488, 5, 10, 32])
📊 Reward: -40.226 | Loss: 0.026
⏱ Iter 366 done | 🕒 IterTime: 1.51s | 🕘 Elapsed: 657.0s | ⏳ ETA: 19.0 min
🧠 Iteration 367 | Getting state...
⚙️ Scheduling...
✅ Schedule completed.
🔍 Verifying schedule...
📈 Updating policy...
torch.Size([512, 5, 10, 32])
torch.Size([488, 5, 10, 32])
torch.Size([512, 5, 10, 32])
torch.Size([488, 5, 10, 32])
torch.Size([512, 5, 10, 32])
torch.Size([488, 5, 10, 32])
📊 Reward: -37.176 | Loss: 0.014
⏱ Iter 367 done | 🕒 IterTime: 1.51s | 🕘 Elapsed: 658.5s | ⏳ ETA: 18.9 min
🧠 Iteration 368 | Getting state...
⚙️ Scheduling...
✅ Schedule completed.
🔍 Verifying schedule...
📈 Updating policy...
torch.Size([512, 5, 10, 32])
torch.Size([488, 5, 10, 32])
torch.Size([512, 5, 10, 32])
torch.Size([488, 5, 10, 32])
torch.Size([512, 5, 10, 32])
torch.Size([488, 5, 10, 32])
📊 Reward: -42.076 | Loss: 0.034
⏱ Iter 368 done | 🕒 IterTime: 1.51s | 🕘 Elapsed: 660.0s | ⏳ ETA: 18.9 min
🧠 Iteration 369 | Getting state...
⚙️ Scheduling...
✅ Schedule completed.
🔍 Verifying schedule...
📈 Updating policy...
torch.Size([512, 5, 10, 32])
torch.Size([488, 5, 10, 32])
torch.Size([512, 5, 10, 32])
torch.Size([488, 5, 10, 32])
torch.Size([512, 5, 10, 32])
torch.Size([488, 5, 10, 32])
📊 Reward: -39.676 | Loss: 0.045
⏱ Iter 369 done | 🕒 IterTime: 1.51s | 🕘 Elapsed: 661.5s | ⏳ ETA: 18.9 min
🧠 Iteration 370 | Getting state...
⚙️ Scheduling...
✅ Schedule completed.
🔍 Verifying schedule...
📈 Updating policy...
torch.Size([512, 5, 10, 32])
torch.Size([488, 5, 10, 32])
torch.Size([512, 5, 10, 32])
torch.Size([488, 5, 10, 32])
torch.Size([512, 5, 10, 32])
torch.Size([488, 5, 10, 32])
📊 Reward: -38.026 | Loss: 0.044

🧪 Validating policy...
There are 100 dev instances.
validating time:  1.5552761554718018 

⏱ Iter 370 done | 🕒 IterTime: 3.07s | 🕘 Elapsed: 664.6s | ⏳ ETA: 18.9 min
🧠 Iteration 371 | Getting state...
⚙️ Scheduling...
✅ Schedule completed.
🔍 Verifying schedule...
📈 Updating policy...
torch.Size([512, 5, 10, 32])
torch.Size([488, 5, 10, 32])
torch.Size([512, 5, 10, 32])
torch.Size([488, 5, 10, 32])
torch.Size([512, 5, 10, 32])
torch.Size([488, 5, 10, 32])
📊 Reward: -37.626 | Loss: 0.049
⏱ Iter 371 done | 🕒 IterTime: 1.54s | 🕘 Elapsed: 666.1s | ⏳ ETA: 18.8 min
🧠 Iteration 372 | Getting state...
⚙️ Scheduling...
✅ Schedule completed.
🔍 Verifying schedule...
📈 Updating policy...
torch.Size([512, 5, 10, 32])
torch.Size([488, 5, 10, 32])
torch.Size([512, 5, 10, 32])
torch.Size([488, 5, 10, 32])
torch.Size([512, 5, 10, 32])
torch.Size([488, 5, 10, 32])
📊 Reward: -39.576 | Loss: 0.040
⏱ Iter 372 done | 🕒 IterTime: 1.55s | 🕘 Elapsed: 667.7s | ⏳ ETA: 18.8 min
🧠 Iteration 373 | Getting state...
⚙️ Scheduling...
✅ Schedule completed.
🔍 Verifying schedule...
📈 Updating policy...
torch.Size([512, 5, 10, 32])
torch.Size([488, 5, 10, 32])
torch.Size([512, 5, 10, 32])
torch.Size([488, 5, 10, 32])
torch.Size([512, 5, 10, 32])
torch.Size([488, 5, 10, 32])
📊 Reward: -40.726 | Loss: 0.028
⏱ Iter 373 done | 🕒 IterTime: 1.53s | 🕘 Elapsed: 669.2s | ⏳ ETA: 18.7 min
🧠 Iteration 374 | Getting state...
⚙️ Scheduling...
✅ Schedule completed.
🔍 Verifying schedule...
📈 Updating policy...
torch.Size([512, 5, 10, 32])
torch.Size([488, 5, 10, 32])
torch.Size([512, 5, 10, 32])
torch.Size([488, 5, 10, 32])
torch.Size([512, 5, 10, 32])
torch.Size([488, 5, 10, 32])
📊 Reward: -38.576 | Loss: 0.025
⏱ Iter 374 done | 🕒 IterTime: 1.54s | 🕘 Elapsed: 670.7s | ⏳ ETA: 18.7 min
🧠 Iteration 375 | Getting state...
⚙️ Scheduling...
✅ Schedule completed.
🔍 Verifying schedule...
📈 Updating policy...
torch.Size([512, 5, 10, 32])
torch.Size([488, 5, 10, 32])
torch.Size([512, 5, 10, 32])
torch.Size([488, 5, 10, 32])
torch.Size([512, 5, 10, 32])
torch.Size([488, 5, 10, 32])
📊 Reward: -38.426 | Loss: 0.043
⏱ Iter 375 done | 🕒 IterTime: 1.51s | 🕘 Elapsed: 672.3s | ⏳ ETA: 18.7 min
🧠 Iteration 376 | Getting state...
⚙️ Scheduling...
✅ Schedule completed.
🔍 Verifying schedule...
📈 Updating policy...
torch.Size([512, 5, 10, 32])
torch.Size([488, 5, 10, 32])
torch.Size([512, 5, 10, 32])
torch.Size([488, 5, 10, 32])
torch.Size([512, 5, 10, 32])
torch.Size([488, 5, 10, 32])
📊 Reward: -41.976 | Loss: 0.029
⏱ Iter 376 done | 🕒 IterTime: 1.53s | 🕘 Elapsed: 673.8s | ⏳ ETA: 18.6 min
🧠 Iteration 377 | Getting state...
⚙️ Scheduling...
✅ Schedule completed.
🔍 Verifying schedule...
📈 Updating policy...
torch.Size([512, 5, 10, 32])
torch.Size([488, 5, 10, 32])
torch.Size([512, 5, 10, 32])
torch.Size([488, 5, 10, 32])
torch.Size([512, 5, 10, 32])
torch.Size([488, 5, 10, 32])
📊 Reward: -41.426 | Loss: 0.038
⏱ Iter 377 done | 🕒 IterTime: 1.50s | 🕘 Elapsed: 675.3s | ⏳ ETA: 18.6 min
🧠 Iteration 378 | Getting state...
⚙️ Scheduling...
✅ Schedule completed.
🔍 Verifying schedule...
📈 Updating policy...
torch.Size([512, 5, 10, 32])
torch.Size([488, 5, 10, 32])
torch.Size([512, 5, 10, 32])
torch.Size([488, 5, 10, 32])
torch.Size([512, 5, 10, 32])
torch.Size([488, 5, 10, 32])
📊 Reward: -41.126 | Loss: 0.042
⏱ Iter 378 done | 🕒 IterTime: 1.50s | 🕘 Elapsed: 676.8s | ⏳ ETA: 18.6 min
🧠 Iteration 379 | Getting state...
⚙️ Scheduling...
✅ Schedule completed.
🔍 Verifying schedule...
📈 Updating policy...
torch.Size([512, 5, 10, 32])
torch.Size([488, 5, 10, 32])
torch.Size([512, 5, 10, 32])
torch.Size([488, 5, 10, 32])
torch.Size([512, 5, 10, 32])
torch.Size([488, 5, 10, 32])
📊 Reward: -38.526 | Loss: 0.030
⏱ Iter 379 done | 🕒 IterTime: 1.57s | 🕘 Elapsed: 678.3s | ⏳ ETA: 18.5 min
🧠 Iteration 380 | Getting state...
⚙️ Scheduling...
✅ Schedule completed.
🔍 Verifying schedule...
📈 Updating policy...
torch.Size([512, 5, 10, 32])
torch.Size([488, 5, 10, 32])
torch.Size([512, 5, 10, 32])
torch.Size([488, 5, 10, 32])
torch.Size([512, 5, 10, 32])
torch.Size([488, 5, 10, 32])
📊 Reward: -39.926 | Loss: 0.030

🧪 Validating policy...
There are 100 dev instances.
validating time:  1.6253728866577148 

⏱ Iter 380 done | 🕒 IterTime: 3.18s | 🕘 Elapsed: 681.5s | ⏳ ETA: 18.5 min
[15:17:32] 🔄 Refreshing training instances...
📦 num_jobs: 10, num_mas: 5, num_opes: 50
🧠 Iteration 381 | Getting state...
⚙️ Scheduling...
✅ Schedule completed.
🔍 Verifying schedule...
📈 Updating policy...
torch.Size([512, 5, 10, 32])
torch.Size([488, 5, 10, 32])
torch.Size([512, 5, 10, 32])
torch.Size([488, 5, 10, 32])
torch.Size([512, 5, 10, 32])
torch.Size([488, 5, 10, 32])
📊 Reward: -46.099 | Loss: 0.042
⏱ Iter 381 done | 🕒 IterTime: 1.58s | 🕘 Elapsed: 683.1s | ⏳ ETA: 18.5 min
🧠 Iteration 382 | Getting state...
⚙️ Scheduling...
✅ Schedule completed.
🔍 Verifying schedule...
📈 Updating policy...
torch.Size([512, 5, 10, 32])
torch.Size([488, 5, 10, 32])
torch.Size([512, 5, 10, 32])
torch.Size([488, 5, 10, 32])
torch.Size([512, 5, 10, 32])
torch.Size([488, 5, 10, 32])
📊 Reward: -43.049 | Loss: 0.042
⏱ Iter 382 done | 🕒 IterTime: 1.57s | 🕘 Elapsed: 684.7s | ⏳ ETA: 18.5 min
🧠 Iteration 383 | Getting state...
⚙️ Scheduling...
✅ Schedule completed.
🔍 Verifying schedule...
📈 Updating policy...
torch.Size([512, 5, 10, 32])
torch.Size([488, 5, 10, 32])
torch.Size([512, 5, 10, 32])
torch.Size([488, 5, 10, 32])
torch.Size([512, 5, 10, 32])
torch.Size([488, 5, 10, 32])
📊 Reward: -41.849 | Loss: 0.022
⏱ Iter 383 done | 🕒 IterTime: 1.55s | 🕘 Elapsed: 686.2s | ⏳ ETA: 18.4 min
🧠 Iteration 384 | Getting state...
⚙️ Scheduling...
✅ Schedule completed.
🔍 Verifying schedule...
📈 Updating policy...
torch.Size([512, 5, 10, 32])
torch.Size([488, 5, 10, 32])
torch.Size([512, 5, 10, 32])
torch.Size([488, 5, 10, 32])
torch.Size([512, 5, 10, 32])
torch.Size([488, 5, 10, 32])
📊 Reward: -43.999 | Loss: 0.025
⏱ Iter 384 done | 🕒 IterTime: 1.51s | 🕘 Elapsed: 687.7s | ⏳ ETA: 18.4 min
🧠 Iteration 385 | Getting state...
⚙️ Scheduling...
✅ Schedule completed.
🔍 Verifying schedule...
📈 Updating policy...
torch.Size([512, 5, 10, 32])
torch.Size([488, 5, 10, 32])
torch.Size([512, 5, 10, 32])
torch.Size([488, 5, 10, 32])
torch.Size([512, 5, 10, 32])
torch.Size([488, 5, 10, 32])
📊 Reward: -43.999 | Loss: 0.028
⏱ Iter 385 done | 🕒 IterTime: 1.49s | 🕘 Elapsed: 689.2s | ⏳ ETA: 18.3 min
🧠 Iteration 386 | Getting state...
⚙️ Scheduling...
✅ Schedule completed.
🔍 Verifying schedule...
📈 Updating policy...
torch.Size([512, 5, 10, 32])
torch.Size([488, 5, 10, 32])
torch.Size([512, 5, 10, 32])
torch.Size([488, 5, 10, 32])
torch.Size([512, 5, 10, 32])
torch.Size([488, 5, 10, 32])
📊 Reward: -41.849 | Loss: 0.016
⏱ Iter 386 done | 🕒 IterTime: 1.49s | 🕘 Elapsed: 690.7s | ⏳ ETA: 18.3 min
🧠 Iteration 387 | Getting state...
⚙️ Scheduling...
✅ Schedule completed.
🔍 Verifying schedule...
📈 Updating policy...
torch.Size([512, 5, 10, 32])
torch.Size([488, 5, 10, 32])
torch.Size([512, 5, 10, 32])
torch.Size([488, 5, 10, 32])
torch.Size([512, 5, 10, 32])
torch.Size([488, 5, 10, 32])
📊 Reward: -42.799 | Loss: 0.001
⏱ Iter 387 done | 🕒 IterTime: 1.51s | 🕘 Elapsed: 692.2s | ⏳ ETA: 18.3 min
🧠 Iteration 388 | Getting state...
⚙️ Scheduling...
✅ Schedule completed.
🔍 Verifying schedule...
📈 Updating policy...
torch.Size([512, 5, 10, 32])
torch.Size([488, 5, 10, 32])
torch.Size([512, 5, 10, 32])
torch.Size([488, 5, 10, 32])
torch.Size([512, 5, 10, 32])
torch.Size([488, 5, 10, 32])
📊 Reward: -42.049 | Loss: 0.050
⏱ Iter 388 done | 🕒 IterTime: 1.57s | 🕘 Elapsed: 693.8s | ⏳ ETA: 18.2 min
🧠 Iteration 389 | Getting state...
⚙️ Scheduling...
✅ Schedule completed.
🔍 Verifying schedule...
📈 Updating policy...
torch.Size([512, 5, 10, 32])
torch.Size([488, 5, 10, 32])
torch.Size([512, 5, 10, 32])
torch.Size([488, 5, 10, 32])
torch.Size([512, 5, 10, 32])
torch.Size([488, 5, 10, 32])
📊 Reward: -44.499 | Loss: 0.054
⏱ Iter 389 done | 🕒 IterTime: 1.59s | 🕘 Elapsed: 695.4s | ⏳ ETA: 18.2 min
🧠 Iteration 390 | Getting state...
⚙️ Scheduling...
✅ Schedule completed.
🔍 Verifying schedule...
📈 Updating policy...
torch.Size([512, 5, 10, 32])
torch.Size([488, 5, 10, 32])
torch.Size([512, 5, 10, 32])
torch.Size([488, 5, 10, 32])
torch.Size([512, 5, 10, 32])
torch.Size([488, 5, 10, 32])
📊 Reward: -40.449 | Loss: 0.054

🧪 Validating policy...
There are 100 dev instances.
validating time:  1.5594820976257324 

⏱ Iter 390 done | 🕒 IterTime: 3.04s | 🕘 Elapsed: 698.4s | ⏳ ETA: 18.2 min
🧠 Iteration 391 | Getting state...
⚙️ Scheduling...
✅ Schedule completed.
🔍 Verifying schedule...
📈 Updating policy...
torch.Size([512, 5, 10, 32])
torch.Size([488, 5, 10, 32])
torch.Size([512, 5, 10, 32])
torch.Size([488, 5, 10, 32])
torch.Size([512, 5, 10, 32])
torch.Size([488, 5, 10, 32])
📊 Reward: -43.749 | Loss: 0.019
⏱ Iter 391 done | 🕒 IterTime: 1.53s | 🕘 Elapsed: 700.0s | ⏳ ETA: 18.2 min
🧠 Iteration 392 | Getting state...
⚙️ Scheduling...
✅ Schedule completed.
🔍 Verifying schedule...
📈 Updating policy...
torch.Size([512, 5, 10, 32])
torch.Size([488, 5, 10, 32])
torch.Size([512, 5, 10, 32])
torch.Size([488, 5, 10, 32])
torch.Size([512, 5, 10, 32])
torch.Size([488, 5, 10, 32])
📊 Reward: -42.499 | Loss: 0.026
⏱ Iter 392 done | 🕒 IterTime: 1.49s | 🕘 Elapsed: 701.5s | ⏳ ETA: 18.1 min
🧠 Iteration 393 | Getting state...
⚙️ Scheduling...
✅ Schedule completed.
🔍 Verifying schedule...
📈 Updating policy...
torch.Size([512, 5, 10, 32])
torch.Size([488, 5, 10, 32])
torch.Size([512, 5, 10, 32])
torch.Size([488, 5, 10, 32])
torch.Size([512, 5, 10, 32])
torch.Size([488, 5, 10, 32])
📊 Reward: -41.699 | Loss: 0.026
⏱ Iter 393 done | 🕒 IterTime: 1.57s | 🕘 Elapsed: 703.0s | ⏳ ETA: 18.1 min
🧠 Iteration 394 | Getting state...
⚙️ Scheduling...
✅ Schedule completed.
🔍 Verifying schedule...
📈 Updating policy...
torch.Size([512, 5, 10, 32])
torch.Size([488, 5, 10, 32])
torch.Size([512, 5, 10, 32])
torch.Size([488, 5, 10, 32])
torch.Size([512, 5, 10, 32])
torch.Size([488, 5, 10, 32])
📊 Reward: -41.499 | Loss: 0.083
⏱ Iter 394 done | 🕒 IterTime: 1.48s | 🕘 Elapsed: 704.5s | ⏳ ETA: 18.1 min
🧠 Iteration 395 | Getting state...
⚙️ Scheduling...
✅ Schedule completed.
🔍 Verifying schedule...
📈 Updating policy...
torch.Size([512, 5, 10, 32])
torch.Size([488, 5, 10, 32])
torch.Size([512, 5, 10, 32])
torch.Size([488, 5, 10, 32])
torch.Size([512, 5, 10, 32])
torch.Size([488, 5, 10, 32])
📊 Reward: -41.799 | Loss: 0.053
⏱ Iter 395 done | 🕒 IterTime: 1.49s | 🕘 Elapsed: 706.0s | ⏳ ETA: 18.0 min
🧠 Iteration 396 | Getting state...
⚙️ Scheduling...
✅ Schedule completed.
🔍 Verifying schedule...
📈 Updating policy...
torch.Size([512, 5, 10, 32])
torch.Size([488, 5, 10, 32])
torch.Size([512, 5, 10, 32])
torch.Size([488, 5, 10, 32])
torch.Size([512, 5, 10, 32])
torch.Size([488, 5, 10, 32])
📊 Reward: -40.449 | Loss: 0.009
⏱ Iter 396 done | 🕒 IterTime: 1.50s | 🕘 Elapsed: 707.5s | ⏳ ETA: 18.0 min
🧠 Iteration 397 | Getting state...
⚙️ Scheduling...
✅ Schedule completed.
🔍 Verifying schedule...
📈 Updating policy...
torch.Size([512, 5, 10, 32])
torch.Size([488, 5, 10, 32])
torch.Size([512, 5, 10, 32])
torch.Size([488, 5, 10, 32])
torch.Size([512, 5, 10, 32])
torch.Size([488, 5, 10, 32])
📊 Reward: -39.349 | Loss: 0.015
⏱ Iter 397 done | 🕒 IterTime: 1.50s | 🕘 Elapsed: 709.0s | ⏳ ETA: 17.9 min
🧠 Iteration 398 | Getting state...
⚙️ Scheduling...
✅ Schedule completed.
🔍 Verifying schedule...
📈 Updating policy...
torch.Size([512, 5, 10, 32])
torch.Size([488, 5, 10, 32])
torch.Size([512, 5, 10, 32])
torch.Size([488, 5, 10, 32])
torch.Size([512, 5, 10, 32])
torch.Size([488, 5, 10, 32])
📊 Reward: -42.049 | Loss: 0.036
⏱ Iter 398 done | 🕒 IterTime: 1.50s | 🕘 Elapsed: 710.5s | ⏳ ETA: 17.9 min
🧠 Iteration 399 | Getting state...
⚙️ Scheduling...
✅ Schedule completed.
🔍 Verifying schedule...
📈 Updating policy...
torch.Size([512, 5, 10, 32])
torch.Size([488, 5, 10, 32])
torch.Size([512, 5, 10, 32])
torch.Size([488, 5, 10, 32])
torch.Size([512, 5, 10, 32])
torch.Size([488, 5, 10, 32])
📊 Reward: -42.849 | Loss: 0.060
⏱ Iter 399 done | 🕒 IterTime: 1.50s | 🕘 Elapsed: 712.0s | ⏳ ETA: 17.9 min
🧠 Iteration 400 | Getting state...
⚙️ Scheduling...
✅ Schedule completed.
🔍 Verifying schedule...
📈 Updating policy...
torch.Size([512, 5, 10, 32])
torch.Size([488, 5, 10, 32])
torch.Size([512, 5, 10, 32])
torch.Size([488, 5, 10, 32])
torch.Size([512, 5, 10, 32])
torch.Size([488, 5, 10, 32])
📊 Reward: -40.249 | Loss: 0.043

🧪 Validating policy...
There are 100 dev instances.
validating time:  1.6066327095031738 

⏱ Iter 400 done | 🕒 IterTime: 3.12s | 🕘 Elapsed: 715.1s | ⏳ ETA: 17.9 min
[15:18:06] 🔄 Refreshing training instances...
📦 num_jobs: 10, num_mas: 5, num_opes: 46
🧠 Iteration 401 | Getting state...
⚙️ Scheduling...
✅ Schedule completed.
🔍 Verifying schedule...
📈 Updating policy...
torch.Size([512, 5, 10, 32])
torch.Size([408, 5, 10, 32])
torch.Size([512, 5, 10, 32])
torch.Size([408, 5, 10, 32])
torch.Size([512, 5, 10, 32])
torch.Size([408, 5, 10, 32])
📊 Reward: -34.946 | Loss: 0.113
⏱ Iter 401 done | 🕒 IterTime: 1.38s | 🕘 Elapsed: 716.5s | ⏳ ETA: 17.8 min
🧠 Iteration 402 | Getting state...
⚙️ Scheduling...
✅ Schedule completed.
🔍 Verifying schedule...
📈 Updating policy...
torch.Size([512, 5, 10, 32])
torch.Size([408, 5, 10, 32])
torch.Size([512, 5, 10, 32])
torch.Size([408, 5, 10, 32])
torch.Size([512, 5, 10, 32])
torch.Size([408, 5, 10, 32])
📊 Reward: -34.546 | Loss: 0.129
⏱ Iter 402 done | 🕒 IterTime: 1.29s | 🕘 Elapsed: 717.8s | ⏳ ETA: 17.8 min
🧠 Iteration 403 | Getting state...
⚙️ Scheduling...
✅ Schedule completed.
🔍 Verifying schedule...
📈 Updating policy...
torch.Size([512, 5, 10, 32])
torch.Size([408, 5, 10, 32])
torch.Size([512, 5, 10, 32])
torch.Size([408, 5, 10, 32])
torch.Size([512, 5, 10, 32])
torch.Size([408, 5, 10, 32])
📊 Reward: -34.096 | Loss: 0.030
⏱ Iter 403 done | 🕒 IterTime: 1.30s | 🕘 Elapsed: 719.1s | ⏳ ETA: 17.8 min
🧠 Iteration 404 | Getting state...
⚙️ Scheduling...
✅ Schedule completed.
🔍 Verifying schedule...
📈 Updating policy...
torch.Size([512, 5, 10, 32])
torch.Size([408, 5, 10, 32])
torch.Size([512, 5, 10, 32])
torch.Size([408, 5, 10, 32])
torch.Size([512, 5, 10, 32])
torch.Size([408, 5, 10, 32])
📊 Reward: -35.546 | Loss: 0.095
⏱ Iter 404 done | 🕒 IterTime: 1.29s | 🕘 Elapsed: 720.4s | ⏳ ETA: 17.7 min
🧠 Iteration 405 | Getting state...
⚙️ Scheduling...
✅ Schedule completed.
🔍 Verifying schedule...
📈 Updating policy...
torch.Size([512, 5, 10, 32])
torch.Size([408, 5, 10, 32])
torch.Size([512, 5, 10, 32])
torch.Size([408, 5, 10, 32])
torch.Size([512, 5, 10, 32])
torch.Size([408, 5, 10, 32])
📊 Reward: -36.596 | Loss: 0.047
⏱ Iter 405 done | 🕒 IterTime: 1.30s | 🕘 Elapsed: 721.7s | ⏳ ETA: 17.7 min
🧠 Iteration 406 | Getting state...
⚙️ Scheduling...
✅ Schedule completed.
🔍 Verifying schedule...
📈 Updating policy...
torch.Size([512, 5, 10, 32])
torch.Size([408, 5, 10, 32])
torch.Size([512, 5, 10, 32])
torch.Size([408, 5, 10, 32])
torch.Size([512, 5, 10, 32])
torch.Size([408, 5, 10, 32])
📊 Reward: -35.696 | Loss: 0.014
⏱ Iter 406 done | 🕒 IterTime: 1.31s | 🕘 Elapsed: 723.0s | ⏳ ETA: 17.6 min
🧠 Iteration 407 | Getting state...
⚙️ Scheduling...
✅ Schedule completed.
🔍 Verifying schedule...
📈 Updating policy...
torch.Size([512, 5, 10, 32])
torch.Size([408, 5, 10, 32])
torch.Size([512, 5, 10, 32])
torch.Size([408, 5, 10, 32])
torch.Size([512, 5, 10, 32])
torch.Size([408, 5, 10, 32])
📊 Reward: -36.696 | Loss: 0.025
⏱ Iter 407 done | 🕒 IterTime: 1.30s | 🕘 Elapsed: 724.3s | ⏳ ETA: 17.6 min
🧠 Iteration 408 | Getting state...
⚙️ Scheduling...
✅ Schedule completed.
🔍 Verifying schedule...
📈 Updating policy...
torch.Size([512, 5, 10, 32])
torch.Size([408, 5, 10, 32])
torch.Size([512, 5, 10, 32])
torch.Size([408, 5, 10, 32])
torch.Size([512, 5, 10, 32])
torch.Size([408, 5, 10, 32])
📊 Reward: -37.496 | Loss: 0.040
⏱ Iter 408 done | 🕒 IterTime: 1.29s | 🕘 Elapsed: 725.6s | ⏳ ETA: 17.5 min
🧠 Iteration 409 | Getting state...
⚙️ Scheduling...
✅ Schedule completed.
🔍 Verifying schedule...
📈 Updating policy...
torch.Size([512, 5, 10, 32])
torch.Size([408, 5, 10, 32])
torch.Size([512, 5, 10, 32])
torch.Size([408, 5, 10, 32])
torch.Size([512, 5, 10, 32])
torch.Size([408, 5, 10, 32])
📊 Reward: -33.846 | Loss: 0.053
⏱ Iter 409 done | 🕒 IterTime: 1.29s | 🕘 Elapsed: 726.9s | ⏳ ETA: 17.5 min
🧠 Iteration 410 | Getting state...
⚙️ Scheduling...
✅ Schedule completed.
🔍 Verifying schedule...
📈 Updating policy...
torch.Size([512, 5, 10, 32])
torch.Size([408, 5, 10, 32])
torch.Size([512, 5, 10, 32])
torch.Size([408, 5, 10, 32])
torch.Size([512, 5, 10, 32])
torch.Size([408, 5, 10, 32])
📊 Reward: -35.246 | Loss: 0.045

🧪 Validating policy...
There are 100 dev instances.
validating time:  1.5702297687530518 

⏱ Iter 410 done | 🕒 IterTime: 2.87s | 🕘 Elapsed: 729.7s | ⏳ ETA: 17.5 min
🧠 Iteration 411 | Getting state...
⚙️ Scheduling...
✅ Schedule completed.
🔍 Verifying schedule...
📈 Updating policy...
torch.Size([512, 5, 10, 32])
torch.Size([408, 5, 10, 32])
torch.Size([512, 5, 10, 32])
torch.Size([408, 5, 10, 32])
torch.Size([512, 5, 10, 32])
torch.Size([408, 5, 10, 32])
📊 Reward: -34.946 | Loss: 0.077
⏱ Iter 411 done | 🕒 IterTime: 1.28s | 🕘 Elapsed: 731.0s | ⏳ ETA: 17.5 min
🧠 Iteration 412 | Getting state...
⚙️ Scheduling...
✅ Schedule completed.
🔍 Verifying schedule...
📈 Updating policy...
torch.Size([512, 5, 10, 32])
torch.Size([408, 5, 10, 32])
torch.Size([512, 5, 10, 32])
torch.Size([408, 5, 10, 32])
torch.Size([512, 5, 10, 32])
torch.Size([408, 5, 10, 32])
📊 Reward: -33.496 | Loss: 0.076
⏱ Iter 412 done | 🕒 IterTime: 1.28s | 🕘 Elapsed: 732.3s | ⏳ ETA: 17.4 min
🧠 Iteration 413 | Getting state...
⚙️ Scheduling...
✅ Schedule completed.
🔍 Verifying schedule...
📈 Updating policy...
torch.Size([512, 5, 10, 32])
torch.Size([408, 5, 10, 32])
torch.Size([512, 5, 10, 32])
torch.Size([408, 5, 10, 32])
torch.Size([512, 5, 10, 32])
torch.Size([408, 5, 10, 32])
📊 Reward: -34.146 | Loss: 0.007
⏱ Iter 413 done | 🕒 IterTime: 1.31s | 🕘 Elapsed: 733.6s | ⏳ ETA: 17.4 min
🧠 Iteration 414 | Getting state...
⚙️ Scheduling...
✅ Schedule completed.
🔍 Verifying schedule...
📈 Updating policy...
torch.Size([512, 5, 10, 32])
torch.Size([408, 5, 10, 32])
torch.Size([512, 5, 10, 32])
torch.Size([408, 5, 10, 32])
torch.Size([512, 5, 10, 32])
torch.Size([408, 5, 10, 32])
📊 Reward: -33.996 | Loss: 0.042
⏱ Iter 414 done | 🕒 IterTime: 1.33s | 🕘 Elapsed: 735.0s | ⏳ ETA: 17.3 min
🧠 Iteration 415 | Getting state...
⚙️ Scheduling...
✅ Schedule completed.
🔍 Verifying schedule...
📈 Updating policy...
torch.Size([512, 5, 10, 32])
torch.Size([408, 5, 10, 32])
torch.Size([512, 5, 10, 32])
torch.Size([408, 5, 10, 32])
torch.Size([512, 5, 10, 32])
torch.Size([408, 5, 10, 32])
📊 Reward: -35.046 | Loss: 0.020
⏱ Iter 415 done | 🕒 IterTime: 1.29s | 🕘 Elapsed: 736.2s | ⏳ ETA: 17.3 min
🧠 Iteration 416 | Getting state...
⚙️ Scheduling...
✅ Schedule completed.
🔍 Verifying schedule...
📈 Updating policy...
torch.Size([512, 5, 10, 32])
torch.Size([408, 5, 10, 32])
torch.Size([512, 5, 10, 32])
torch.Size([408, 5, 10, 32])
torch.Size([512, 5, 10, 32])
torch.Size([408, 5, 10, 32])
📊 Reward: -34.196 | Loss: 0.079
⏱ Iter 416 done | 🕒 IterTime: 1.28s | 🕘 Elapsed: 737.5s | ⏳ ETA: 17.3 min
🧠 Iteration 417 | Getting state...
⚙️ Scheduling...
✅ Schedule completed.
🔍 Verifying schedule...
📈 Updating policy...
torch.Size([512, 5, 10, 32])
torch.Size([408, 5, 10, 32])
torch.Size([512, 5, 10, 32])
torch.Size([408, 5, 10, 32])
torch.Size([512, 5, 10, 32])
torch.Size([408, 5, 10, 32])
📊 Reward: -36.896 | Loss: 0.070
⏱ Iter 417 done | 🕒 IterTime: 1.28s | 🕘 Elapsed: 738.8s | ⏳ ETA: 17.2 min
🧠 Iteration 418 | Getting state...
⚙️ Scheduling...
✅ Schedule completed.
🔍 Verifying schedule...
📈 Updating policy...
torch.Size([512, 5, 10, 32])
torch.Size([408, 5, 10, 32])
torch.Size([512, 5, 10, 32])
torch.Size([408, 5, 10, 32])
torch.Size([512, 5, 10, 32])
torch.Size([408, 5, 10, 32])
📊 Reward: -36.046 | Loss: 0.058
⏱ Iter 418 done | 🕒 IterTime: 1.29s | 🕘 Elapsed: 740.1s | ⏳ ETA: 17.2 min
🧠 Iteration 419 | Getting state...
⚙️ Scheduling...
✅ Schedule completed.
🔍 Verifying schedule...
📈 Updating policy...
torch.Size([512, 5, 10, 32])
torch.Size([408, 5, 10, 32])
torch.Size([512, 5, 10, 32])
torch.Size([408, 5, 10, 32])
torch.Size([512, 5, 10, 32])
torch.Size([408, 5, 10, 32])
📊 Reward: -36.596 | Loss: 0.020
⏱ Iter 419 done | 🕒 IterTime: 1.30s | 🕘 Elapsed: 741.4s | ⏳ ETA: 17.1 min
🧠 Iteration 420 | Getting state...
⚙️ Scheduling...
✅ Schedule completed.
🔍 Verifying schedule...
📈 Updating policy...
torch.Size([512, 5, 10, 32])
torch.Size([408, 5, 10, 32])
torch.Size([512, 5, 10, 32])
torch.Size([408, 5, 10, 32])
torch.Size([512, 5, 10, 32])
torch.Size([408, 5, 10, 32])
📊 Reward: -36.346 | Loss: 0.036

🧪 Validating policy...
There are 100 dev instances.
validating time:  1.5350887775421143 

⏱ Iter 420 done | 🕒 IterTime: 2.82s | 🕘 Elapsed: 744.2s | ⏳ ETA: 17.1 min
[15:18:35] 🔄 Refreshing training instances...
📦 num_jobs: 10, num_mas: 5, num_opes: 48
🧠 Iteration 421 | Getting state...
⚙️ Scheduling...
✅ Schedule completed.
🔍 Verifying schedule...
📈 Updating policy...
torch.Size([512, 5, 10, 32])
torch.Size([448, 5, 10, 32])
torch.Size([512, 5, 10, 32])
torch.Size([448, 5, 10, 32])
torch.Size([512, 5, 10, 32])
torch.Size([448, 5, 10, 32])
📊 Reward: -34.343 | Loss: 0.064
⏱ Iter 421 done | 🕒 IterTime: 1.46s | 🕘 Elapsed: 745.7s | ⏳ ETA: 17.1 min
🧠 Iteration 422 | Getting state...
⚙️ Scheduling...
✅ Schedule completed.
🔍 Verifying schedule...
📈 Updating policy...
torch.Size([512, 5, 10, 32])
torch.Size([448, 5, 10, 32])
torch.Size([512, 5, 10, 32])
torch.Size([448, 5, 10, 32])
torch.Size([512, 5, 10, 32])
torch.Size([448, 5, 10, 32])
📊 Reward: -34.693 | Loss: 0.023
⏱ Iter 422 done | 🕒 IterTime: 1.37s | 🕘 Elapsed: 747.0s | ⏳ ETA: 17.1 min
🧠 Iteration 423 | Getting state...
⚙️ Scheduling...
✅ Schedule completed.
🔍 Verifying schedule...
📈 Updating policy...
torch.Size([512, 5, 10, 32])
torch.Size([448, 5, 10, 32])
torch.Size([512, 5, 10, 32])
torch.Size([448, 5, 10, 32])
torch.Size([512, 5, 10, 32])
torch.Size([448, 5, 10, 32])
📊 Reward: -36.943 | Loss: 0.036
⏱ Iter 423 done | 🕒 IterTime: 1.39s | 🕘 Elapsed: 748.4s | ⏳ ETA: 17.0 min
🧠 Iteration 424 | Getting state...
⚙️ Scheduling...
✅ Schedule completed.
🔍 Verifying schedule...
📈 Updating policy...
torch.Size([512, 5, 10, 32])
torch.Size([448, 5, 10, 32])
torch.Size([512, 5, 10, 32])
torch.Size([448, 5, 10, 32])
torch.Size([512, 5, 10, 32])
torch.Size([448, 5, 10, 32])
📊 Reward: -33.243 | Loss: 0.028
⏱ Iter 424 done | 🕒 IterTime: 1.38s | 🕘 Elapsed: 749.8s | ⏳ ETA: 17.0 min
🧠 Iteration 425 | Getting state...
⚙️ Scheduling...
✅ Schedule completed.
🔍 Verifying schedule...
📈 Updating policy...
torch.Size([512, 5, 10, 32])
torch.Size([448, 5, 10, 32])
torch.Size([512, 5, 10, 32])
torch.Size([448, 5, 10, 32])
torch.Size([512, 5, 10, 32])
torch.Size([448, 5, 10, 32])
📊 Reward: -33.993 | Loss: 0.065
⏱ Iter 425 done | 🕒 IterTime: 1.39s | 🕘 Elapsed: 751.2s | ⏳ ETA: 16.9 min
🧠 Iteration 426 | Getting state...
⚙️ Scheduling...
✅ Schedule completed.
🔍 Verifying schedule...
📈 Updating policy...
torch.Size([512, 5, 10, 32])
torch.Size([448, 5, 10, 32])
torch.Size([512, 5, 10, 32])
torch.Size([448, 5, 10, 32])
torch.Size([512, 5, 10, 32])
torch.Size([448, 5, 10, 32])
📊 Reward: -34.493 | Loss: 0.062
⏱ Iter 426 done | 🕒 IterTime: 1.37s | 🕘 Elapsed: 752.6s | ⏳ ETA: 16.9 min
🧠 Iteration 427 | Getting state...
⚙️ Scheduling...
✅ Schedule completed.
🔍 Verifying schedule...
📈 Updating policy...
torch.Size([512, 5, 10, 32])
torch.Size([448, 5, 10, 32])
torch.Size([512, 5, 10, 32])
torch.Size([448, 5, 10, 32])
torch.Size([512, 5, 10, 32])
torch.Size([448, 5, 10, 32])
📊 Reward: -34.543 | Loss: 0.054
⏱ Iter 427 done | 🕒 IterTime: 1.53s | 🕘 Elapsed: 754.1s | ⏳ ETA: 16.9 min
🧠 Iteration 428 | Getting state...
⚙️ Scheduling...
✅ Schedule completed.
🔍 Verifying schedule...
📈 Updating policy...
torch.Size([512, 5, 10, 32])
torch.Size([448, 5, 10, 32])
torch.Size([512, 5, 10, 32])
torch.Size([448, 5, 10, 32])
torch.Size([512, 5, 10, 32])
torch.Size([448, 5, 10, 32])
📊 Reward: -32.743 | Loss: 0.024
⏱ Iter 428 done | 🕒 IterTime: 1.50s | 🕘 Elapsed: 755.6s | ⏳ ETA: 16.8 min
🧠 Iteration 429 | Getting state...
⚙️ Scheduling...
✅ Schedule completed.
🔍 Verifying schedule...
📈 Updating policy...
torch.Size([512, 5, 10, 32])
torch.Size([448, 5, 10, 32])
torch.Size([512, 5, 10, 32])
torch.Size([448, 5, 10, 32])
torch.Size([512, 5, 10, 32])
torch.Size([448, 5, 10, 32])
📊 Reward: -34.043 | Loss: 0.029
⏱ Iter 429 done | 🕒 IterTime: 1.58s | 🕘 Elapsed: 757.2s | ⏳ ETA: 16.8 min
🧠 Iteration 430 | Getting state...
⚙️ Scheduling...
✅ Schedule completed.
🔍 Verifying schedule...
📈 Updating policy...
torch.Size([512, 5, 10, 32])
torch.Size([448, 5, 10, 32])
torch.Size([512, 5, 10, 32])
torch.Size([448, 5, 10, 32])
torch.Size([512, 5, 10, 32])
torch.Size([448, 5, 10, 32])
📊 Reward: -37.543 | Loss: 0.053

🧪 Validating policy...
There are 100 dev instances.
validating time:  1.7423114776611328 

⏱ Iter 430 done | 🕒 IterTime: 3.32s | 🕘 Elapsed: 760.5s | ⏳ ETA: 16.8 min
🧠 Iteration 431 | Getting state...
⚙️ Scheduling...
✅ Schedule completed.
🔍 Verifying schedule...
📈 Updating policy...
torch.Size([512, 5, 10, 32])
torch.Size([448, 5, 10, 32])
torch.Size([512, 5, 10, 32])
torch.Size([448, 5, 10, 32])
torch.Size([512, 5, 10, 32])
torch.Size([448, 5, 10, 32])
📊 Reward: -38.493 | Loss: 0.033
⏱ Iter 431 done | 🕒 IterTime: 1.47s | 🕘 Elapsed: 762.0s | ⏳ ETA: 16.8 min
🧠 Iteration 432 | Getting state...
⚙️ Scheduling...
✅ Schedule completed.
🔍 Verifying schedule...
📈 Updating policy...
torch.Size([512, 5, 10, 32])
torch.Size([448, 5, 10, 32])
torch.Size([512, 5, 10, 32])
torch.Size([448, 5, 10, 32])
torch.Size([512, 5, 10, 32])
torch.Size([448, 5, 10, 32])
📊 Reward: -36.543 | Loss: 0.017
⏱ Iter 432 done | 🕒 IterTime: 1.40s | 🕘 Elapsed: 763.4s | ⏳ ETA: 16.7 min
🧠 Iteration 433 | Getting state...
⚙️ Scheduling...
✅ Schedule completed.
🔍 Verifying schedule...
📈 Updating policy...
torch.Size([512, 5, 10, 32])
torch.Size([448, 5, 10, 32])
torch.Size([512, 5, 10, 32])
torch.Size([448, 5, 10, 32])
torch.Size([512, 5, 10, 32])
torch.Size([448, 5, 10, 32])
📊 Reward: -35.593 | Loss: 0.069
⏱ Iter 433 done | 🕒 IterTime: 1.40s | 🕘 Elapsed: 764.8s | ⏳ ETA: 16.7 min
🧠 Iteration 434 | Getting state...
⚙️ Scheduling...
✅ Schedule completed.
🔍 Verifying schedule...
📈 Updating policy...
torch.Size([512, 5, 10, 32])
torch.Size([448, 5, 10, 32])
torch.Size([512, 5, 10, 32])
torch.Size([448, 5, 10, 32])
torch.Size([512, 5, 10, 32])
torch.Size([448, 5, 10, 32])
📊 Reward: -34.393 | Loss: 0.088
⏱ Iter 434 done | 🕒 IterTime: 1.41s | 🕘 Elapsed: 766.2s | ⏳ ETA: 16.7 min
🧠 Iteration 435 | Getting state...
⚙️ Scheduling...
✅ Schedule completed.
🔍 Verifying schedule...
📈 Updating policy...
torch.Size([512, 5, 10, 32])
torch.Size([448, 5, 10, 32])
torch.Size([512, 5, 10, 32])
torch.Size([448, 5, 10, 32])
torch.Size([512, 5, 10, 32])
torch.Size([448, 5, 10, 32])
📊 Reward: -34.443 | Loss: 0.059
⏱ Iter 435 done | 🕒 IterTime: 1.42s | 🕘 Elapsed: 767.6s | ⏳ ETA: 16.6 min
🧠 Iteration 436 | Getting state...
⚙️ Scheduling...
✅ Schedule completed.
🔍 Verifying schedule...
📈 Updating policy...
torch.Size([512, 5, 10, 32])
torch.Size([448, 5, 10, 32])
torch.Size([512, 5, 10, 32])
torch.Size([448, 5, 10, 32])
torch.Size([512, 5, 10, 32])
torch.Size([448, 5, 10, 32])
📊 Reward: -36.243 | Loss: 0.060
⏱ Iter 436 done | 🕒 IterTime: 1.44s | 🕘 Elapsed: 769.1s | ⏳ ETA: 16.6 min
🧠 Iteration 437 | Getting state...
⚙️ Scheduling...
✅ Schedule completed.
🔍 Verifying schedule...
📈 Updating policy...
torch.Size([512, 5, 10, 32])
torch.Size([448, 5, 10, 32])
torch.Size([512, 5, 10, 32])
torch.Size([448, 5, 10, 32])
torch.Size([512, 5, 10, 32])
torch.Size([448, 5, 10, 32])
📊 Reward: -33.243 | Loss: 0.017
⏱ Iter 437 done | 🕒 IterTime: 1.45s | 🕘 Elapsed: 770.5s | ⏳ ETA: 16.5 min
🧠 Iteration 438 | Getting state...
⚙️ Scheduling...
✅ Schedule completed.
🔍 Verifying schedule...
📈 Updating policy...
torch.Size([512, 5, 10, 32])
torch.Size([448, 5, 10, 32])
torch.Size([512, 5, 10, 32])
torch.Size([448, 5, 10, 32])
torch.Size([512, 5, 10, 32])
torch.Size([448, 5, 10, 32])
📊 Reward: -33.143 | Loss: 0.055
⏱ Iter 438 done | 🕒 IterTime: 1.46s | 🕘 Elapsed: 772.0s | ⏳ ETA: 16.5 min
🧠 Iteration 439 | Getting state...
⚙️ Scheduling...
✅ Schedule completed.
🔍 Verifying schedule...
📈 Updating policy...
torch.Size([512, 5, 10, 32])
torch.Size([448, 5, 10, 32])
torch.Size([512, 5, 10, 32])
torch.Size([448, 5, 10, 32])
torch.Size([512, 5, 10, 32])
torch.Size([448, 5, 10, 32])
📊 Reward: -32.843 | Loss: 0.076
⏱ Iter 439 done | 🕒 IterTime: 1.55s | 🕘 Elapsed: 773.5s | ⏳ ETA: 16.5 min
🧠 Iteration 440 | Getting state...
⚙️ Scheduling...
✅ Schedule completed.
🔍 Verifying schedule...
📈 Updating policy...
torch.Size([512, 5, 10, 32])
torch.Size([448, 5, 10, 32])
torch.Size([512, 5, 10, 32])
torch.Size([448, 5, 10, 32])
torch.Size([512, 5, 10, 32])
torch.Size([448, 5, 10, 32])
📊 Reward: -35.393 | Loss: 0.046

🧪 Validating policy...
There are 100 dev instances.
validating time:  1.6547272205352783 

⏱ Iter 440 done | 🕒 IterTime: 3.14s | 🕘 Elapsed: 776.7s | ⏳ ETA: 16.5 min
[15:19:07] 🔄 Refreshing training instances...
📦 num_jobs: 10, num_mas: 5, num_opes: 48
🧠 Iteration 441 | Getting state...
⚙️ Scheduling...
✅ Schedule completed.
🔍 Verifying schedule...
📈 Updating policy...
torch.Size([512, 5, 10, 32])
torch.Size([448, 5, 10, 32])
torch.Size([512, 5, 10, 32])
torch.Size([448, 5, 10, 32])
torch.Size([512, 5, 10, 32])
torch.Size([448, 5, 10, 32])
📊 Reward: -39.639 | Loss: 0.049
⏱ Iter 441 done | 🕒 IterTime: 1.49s | 🕘 Elapsed: 778.2s | ⏳ ETA: 16.4 min
🧠 Iteration 442 | Getting state...
⚙️ Scheduling...
✅ Schedule completed.
🔍 Verifying schedule...
📈 Updating policy...
torch.Size([512, 5, 10, 32])
torch.Size([448, 5, 10, 32])
torch.Size([512, 5, 10, 32])
torch.Size([448, 5, 10, 32])
torch.Size([512, 5, 10, 32])
torch.Size([448, 5, 10, 32])
📊 Reward: -42.089 | Loss: 0.065
⏱ Iter 442 done | 🕒 IterTime: 1.46s | 🕘 Elapsed: 779.6s | ⏳ ETA: 16.4 min
🧠 Iteration 443 | Getting state...
⚙️ Scheduling...
✅ Schedule completed.
🔍 Verifying schedule...
📈 Updating policy...
torch.Size([512, 5, 10, 32])
torch.Size([448, 5, 10, 32])
torch.Size([512, 5, 10, 32])
torch.Size([448, 5, 10, 32])
torch.Size([512, 5, 10, 32])
torch.Size([448, 5, 10, 32])
📊 Reward: -39.989 | Loss: 0.068
⏱ Iter 443 done | 🕒 IterTime: 1.49s | 🕘 Elapsed: 781.1s | ⏳ ETA: 16.4 min
🧠 Iteration 444 | Getting state...
⚙️ Scheduling...
✅ Schedule completed.
🔍 Verifying schedule...
📈 Updating policy...
torch.Size([512, 5, 10, 32])
torch.Size([448, 5, 10, 32])
torch.Size([512, 5, 10, 32])
torch.Size([448, 5, 10, 32])
torch.Size([512, 5, 10, 32])
torch.Size([448, 5, 10, 32])
📊 Reward: -39.889 | Loss: 0.040
⏱ Iter 444 done | 🕒 IterTime: 1.54s | 🕘 Elapsed: 782.6s | ⏳ ETA: 16.3 min
🧠 Iteration 445 | Getting state...
⚙️ Scheduling...
✅ Schedule completed.
🔍 Verifying schedule...
📈 Updating policy...
torch.Size([512, 5, 10, 32])
torch.Size([448, 5, 10, 32])
torch.Size([512, 5, 10, 32])
torch.Size([448, 5, 10, 32])
torch.Size([512, 5, 10, 32])
torch.Size([448, 5, 10, 32])
📊 Reward: -37.839 | Loss: 0.020
⏱ Iter 445 done | 🕒 IterTime: 1.56s | 🕘 Elapsed: 784.2s | ⏳ ETA: 16.3 min
🧠 Iteration 446 | Getting state...
⚙️ Scheduling...
✅ Schedule completed.
🔍 Verifying schedule...
📈 Updating policy...
torch.Size([512, 5, 10, 32])
torch.Size([448, 5, 10, 32])
torch.Size([512, 5, 10, 32])
torch.Size([448, 5, 10, 32])
torch.Size([512, 5, 10, 32])
torch.Size([448, 5, 10, 32])
📊 Reward: -39.389 | Loss: 0.068
⏱ Iter 446 done | 🕒 IterTime: 1.52s | 🕘 Elapsed: 785.7s | ⏳ ETA: 16.3 min
🧠 Iteration 447 | Getting state...
⚙️ Scheduling...
✅ Schedule completed.
🔍 Verifying schedule...
📈 Updating policy...
torch.Size([512, 5, 10, 32])
torch.Size([448, 5, 10, 32])
torch.Size([512, 5, 10, 32])
torch.Size([448, 5, 10, 32])
torch.Size([512, 5, 10, 32])
torch.Size([448, 5, 10, 32])
📊 Reward: -41.139 | Loss: 0.046
⏱ Iter 447 done | 🕒 IterTime: 1.54s | 🕘 Elapsed: 787.3s | ⏳ ETA: 16.2 min
🧠 Iteration 448 | Getting state...
⚙️ Scheduling...
✅ Schedule completed.
🔍 Verifying schedule...
📈 Updating policy...
torch.Size([512, 5, 10, 32])
torch.Size([448, 5, 10, 32])
torch.Size([512, 5, 10, 32])
torch.Size([448, 5, 10, 32])
torch.Size([512, 5, 10, 32])
torch.Size([448, 5, 10, 32])
📊 Reward: -37.639 | Loss: 0.055
⏱ Iter 448 done | 🕒 IterTime: 1.54s | 🕘 Elapsed: 788.8s | ⏳ ETA: 16.2 min
🧠 Iteration 449 | Getting state...
⚙️ Scheduling...
✅ Schedule completed.
🔍 Verifying schedule...
📈 Updating policy...
torch.Size([512, 5, 10, 32])
torch.Size([448, 5, 10, 32])
torch.Size([512, 5, 10, 32])
torch.Size([448, 5, 10, 32])
torch.Size([512, 5, 10, 32])
torch.Size([448, 5, 10, 32])
📊 Reward: -37.339 | Loss: 0.085
⏱ Iter 449 done | 🕒 IterTime: 1.53s | 🕘 Elapsed: 790.3s | ⏳ ETA: 16.2 min
🧠 Iteration 450 | Getting state...
⚙️ Scheduling...
✅ Schedule completed.
🔍 Verifying schedule...
📈 Updating policy...
torch.Size([512, 5, 10, 32])
torch.Size([448, 5, 10, 32])
torch.Size([512, 5, 10, 32])
torch.Size([448, 5, 10, 32])
torch.Size([512, 5, 10, 32])
torch.Size([448, 5, 10, 32])
📊 Reward: -37.789 | Loss: 0.035

🧪 Validating policy...
There are 100 dev instances.
validating time:  1.5712146759033203 

⏱ Iter 450 done | 🕒 IterTime: 3.01s | 🕘 Elapsed: 793.4s | ⏳ ETA: 16.2 min
🧠 Iteration 451 | Getting state...
⚙️ Scheduling...
✅ Schedule completed.
🔍 Verifying schedule...
📈 Updating policy...
torch.Size([512, 5, 10, 32])
torch.Size([448, 5, 10, 32])
torch.Size([512, 5, 10, 32])
torch.Size([448, 5, 10, 32])
torch.Size([512, 5, 10, 32])
torch.Size([448, 5, 10, 32])
📊 Reward: -36.139 | Loss: 0.040
⏱ Iter 451 done | 🕒 IterTime: 1.44s | 🕘 Elapsed: 794.8s | ⏳ ETA: 16.1 min
🧠 Iteration 452 | Getting state...
⚙️ Scheduling...
✅ Schedule completed.
🔍 Verifying schedule...
📈 Updating policy...
torch.Size([512, 5, 10, 32])
torch.Size([448, 5, 10, 32])
torch.Size([512, 5, 10, 32])
torch.Size([448, 5, 10, 32])
torch.Size([512, 5, 10, 32])
torch.Size([448, 5, 10, 32])
📊 Reward: -36.689 | Loss: 0.049
⏱ Iter 452 done | 🕒 IterTime: 1.56s | 🕘 Elapsed: 796.3s | ⏳ ETA: 16.1 min
🧠 Iteration 453 | Getting state...
⚙️ Scheduling...
✅ Schedule completed.
🔍 Verifying schedule...
📈 Updating policy...
torch.Size([512, 5, 10, 32])
torch.Size([448, 5, 10, 32])
torch.Size([512, 5, 10, 32])
torch.Size([448, 5, 10, 32])
torch.Size([512, 5, 10, 32])
torch.Size([448, 5, 10, 32])
📊 Reward: -39.189 | Loss: 0.031
⏱ Iter 453 done | 🕒 IterTime: 1.56s | 🕘 Elapsed: 797.9s | ⏳ ETA: 16.1 min
🧠 Iteration 454 | Getting state...
⚙️ Scheduling...
✅ Schedule completed.
🔍 Verifying schedule...
📈 Updating policy...
torch.Size([512, 5, 10, 32])
torch.Size([448, 5, 10, 32])
torch.Size([512, 5, 10, 32])
torch.Size([448, 5, 10, 32])
torch.Size([512, 5, 10, 32])
torch.Size([448, 5, 10, 32])
📊 Reward: -39.189 | Loss: 0.045
⏱ Iter 454 done | 🕒 IterTime: 1.64s | 🕘 Elapsed: 799.6s | ⏳ ETA: 16.0 min
🧠 Iteration 455 | Getting state...
⚙️ Scheduling...
✅ Schedule completed.
🔍 Verifying schedule...
📈 Updating policy...
torch.Size([512, 5, 10, 32])
torch.Size([448, 5, 10, 32])
torch.Size([512, 5, 10, 32])
torch.Size([448, 5, 10, 32])
torch.Size([512, 5, 10, 32])
torch.Size([448, 5, 10, 32])
📊 Reward: -38.289 | Loss: 0.071
⏱ Iter 455 done | 🕒 IterTime: 1.64s | 🕘 Elapsed: 801.2s | ⏳ ETA: 16.0 min
🧠 Iteration 456 | Getting state...
⚙️ Scheduling...
✅ Schedule completed.
🔍 Verifying schedule...
📈 Updating policy...
torch.Size([512, 5, 10, 32])
torch.Size([448, 5, 10, 32])
torch.Size([512, 5, 10, 32])
torch.Size([448, 5, 10, 32])
torch.Size([512, 5, 10, 32])
torch.Size([448, 5, 10, 32])
📊 Reward: -36.689 | Loss: 0.090
⏱ Iter 456 done | 🕒 IterTime: 1.62s | 🕘 Elapsed: 802.8s | ⏳ ETA: 16.0 min
🧠 Iteration 457 | Getting state...
⚙️ Scheduling...
✅ Schedule completed.
🔍 Verifying schedule...
📈 Updating policy...
torch.Size([512, 5, 10, 32])
torch.Size([448, 5, 10, 32])
torch.Size([512, 5, 10, 32])
torch.Size([448, 5, 10, 32])
torch.Size([512, 5, 10, 32])
torch.Size([448, 5, 10, 32])
📊 Reward: -38.239 | Loss: -0.005
⏱ Iter 457 done | 🕒 IterTime: 1.66s | 🕘 Elapsed: 804.5s | ⏳ ETA: 15.9 min
🧠 Iteration 458 | Getting state...
⚙️ Scheduling...
✅ Schedule completed.
🔍 Verifying schedule...
📈 Updating policy...
torch.Size([512, 5, 10, 32])
torch.Size([448, 5, 10, 32])
torch.Size([512, 5, 10, 32])
torch.Size([448, 5, 10, 32])
torch.Size([512, 5, 10, 32])
torch.Size([448, 5, 10, 32])
📊 Reward: -36.189 | Loss: 0.021
⏱ Iter 458 done | 🕒 IterTime: 1.57s | 🕘 Elapsed: 806.0s | ⏳ ETA: 15.9 min
🧠 Iteration 459 | Getting state...
⚙️ Scheduling...
✅ Schedule completed.
🔍 Verifying schedule...
📈 Updating policy...
torch.Size([512, 5, 10, 32])
torch.Size([448, 5, 10, 32])
torch.Size([512, 5, 10, 32])
torch.Size([448, 5, 10, 32])
torch.Size([512, 5, 10, 32])
torch.Size([448, 5, 10, 32])
📊 Reward: -38.439 | Loss: 0.067
⏱ Iter 459 done | 🕒 IterTime: 1.58s | 🕘 Elapsed: 807.6s | ⏳ ETA: 15.9 min
🧠 Iteration 460 | Getting state...
⚙️ Scheduling...
✅ Schedule completed.
🔍 Verifying schedule...
📈 Updating policy...
torch.Size([512, 5, 10, 32])
torch.Size([448, 5, 10, 32])
torch.Size([512, 5, 10, 32])
torch.Size([448, 5, 10, 32])
torch.Size([512, 5, 10, 32])
torch.Size([448, 5, 10, 32])
📊 Reward: -38.039 | Loss: 0.064

🧪 Validating policy...
There are 100 dev instances.
validating time:  1.6236746311187744 

⏱ Iter 460 done | 🕒 IterTime: 3.23s | 🕘 Elapsed: 810.8s | ⏳ ETA: 15.9 min
[15:19:42] 🔄 Refreshing training instances...
📦 num_jobs: 10, num_mas: 5, num_opes: 48
🧠 Iteration 461 | Getting state...
⚙️ Scheduling...
✅ Schedule completed.
🔍 Verifying schedule...
📈 Updating policy...
torch.Size([512, 5, 10, 32])
torch.Size([448, 5, 10, 32])
torch.Size([512, 5, 10, 32])
torch.Size([448, 5, 10, 32])
torch.Size([512, 5, 10, 32])
torch.Size([448, 5, 10, 32])
📊 Reward: -34.572 | Loss: 0.047
⏱ Iter 461 done | 🕒 IterTime: 1.52s | 🕘 Elapsed: 812.4s | ⏳ ETA: 15.8 min
🧠 Iteration 462 | Getting state...
⚙️ Scheduling...
✅ Schedule completed.
🔍 Verifying schedule...
📈 Updating policy...
torch.Size([512, 5, 10, 32])
torch.Size([448, 5, 10, 32])
torch.Size([512, 5, 10, 32])
torch.Size([448, 5, 10, 32])
torch.Size([512, 5, 10, 32])
torch.Size([448, 5, 10, 32])
📊 Reward: -35.322 | Loss: 0.054
⏱ Iter 462 done | 🕒 IterTime: 1.48s | 🕘 Elapsed: 813.8s | ⏳ ETA: 15.8 min
🧠 Iteration 463 | Getting state...
⚙️ Scheduling...
✅ Schedule completed.
🔍 Verifying schedule...
📈 Updating policy...
torch.Size([512, 5, 10, 32])
torch.Size([448, 5, 10, 32])
torch.Size([512, 5, 10, 32])
torch.Size([448, 5, 10, 32])
torch.Size([512, 5, 10, 32])
torch.Size([448, 5, 10, 32])
📊 Reward: -35.422 | Loss: 0.054
⏱ Iter 463 done | 🕒 IterTime: 1.47s | 🕘 Elapsed: 815.3s | ⏳ ETA: 15.8 min
🧠 Iteration 464 | Getting state...
⚙️ Scheduling...
✅ Schedule completed.
🔍 Verifying schedule...
📈 Updating policy...
torch.Size([512, 5, 10, 32])
torch.Size([448, 5, 10, 32])
torch.Size([512, 5, 10, 32])
torch.Size([448, 5, 10, 32])
torch.Size([512, 5, 10, 32])
torch.Size([448, 5, 10, 32])
📊 Reward: -36.472 | Loss: 0.061
⏱ Iter 464 done | 🕒 IterTime: 1.44s | 🕘 Elapsed: 816.8s | ⏳ ETA: 15.7 min
🧠 Iteration 465 | Getting state...
⚙️ Scheduling...
✅ Schedule completed.
🔍 Verifying schedule...
📈 Updating policy...
torch.Size([512, 5, 10, 32])
torch.Size([448, 5, 10, 32])
torch.Size([512, 5, 10, 32])
torch.Size([448, 5, 10, 32])
torch.Size([512, 5, 10, 32])
torch.Size([448, 5, 10, 32])
📊 Reward: -36.822 | Loss: 0.062
⏱ Iter 465 done | 🕒 IterTime: 1.46s | 🕘 Elapsed: 818.2s | ⏳ ETA: 15.7 min
🧠 Iteration 466 | Getting state...
⚙️ Scheduling...
✅ Schedule completed.
🔍 Verifying schedule...
📈 Updating policy...
torch.Size([512, 5, 10, 32])
torch.Size([448, 5, 10, 32])
torch.Size([512, 5, 10, 32])
torch.Size([448, 5, 10, 32])
torch.Size([512, 5, 10, 32])
torch.Size([448, 5, 10, 32])
📊 Reward: -37.572 | Loss: 0.110
⏱ Iter 466 done | 🕒 IterTime: 1.50s | 🕘 Elapsed: 819.7s | ⏳ ETA: 15.7 min
🧠 Iteration 467 | Getting state...
⚙️ Scheduling...
✅ Schedule completed.
🔍 Verifying schedule...
📈 Updating policy...
torch.Size([512, 5, 10, 32])
torch.Size([448, 5, 10, 32])
torch.Size([512, 5, 10, 32])
torch.Size([448, 5, 10, 32])
torch.Size([512, 5, 10, 32])
torch.Size([448, 5, 10, 32])
📊 Reward: -36.522 | Loss: 0.073
⏱ Iter 467 done | 🕒 IterTime: 1.51s | 🕘 Elapsed: 821.2s | ⏳ ETA: 15.6 min
🧠 Iteration 468 | Getting state...
⚙️ Scheduling...
✅ Schedule completed.
🔍 Verifying schedule...
📈 Updating policy...
torch.Size([512, 5, 10, 32])
torch.Size([448, 5, 10, 32])
torch.Size([512, 5, 10, 32])
torch.Size([448, 5, 10, 32])
torch.Size([512, 5, 10, 32])
torch.Size([448, 5, 10, 32])
📊 Reward: -37.272 | Loss: 0.030
⏱ Iter 468 done | 🕒 IterTime: 1.56s | 🕘 Elapsed: 822.8s | ⏳ ETA: 15.6 min
🧠 Iteration 469 | Getting state...
⚙️ Scheduling...
✅ Schedule completed.
🔍 Verifying schedule...
📈 Updating policy...
torch.Size([512, 5, 10, 32])
torch.Size([448, 5, 10, 32])
torch.Size([512, 5, 10, 32])
torch.Size([448, 5, 10, 32])
torch.Size([512, 5, 10, 32])
torch.Size([448, 5, 10, 32])
📊 Reward: -37.822 | Loss: 0.029
⏱ Iter 469 done | 🕒 IterTime: 1.55s | 🕘 Elapsed: 824.3s | ⏳ ETA: 15.6 min
🧠 Iteration 470 | Getting state...
⚙️ Scheduling...
✅ Schedule completed.
🔍 Verifying schedule...
📈 Updating policy...
torch.Size([512, 5, 10, 32])
torch.Size([448, 5, 10, 32])
torch.Size([512, 5, 10, 32])
torch.Size([448, 5, 10, 32])
torch.Size([512, 5, 10, 32])
torch.Size([448, 5, 10, 32])
📊 Reward: -38.172 | Loss: 0.043

🧪 Validating policy...
There are 100 dev instances.
validating time:  1.5796105861663818 

⏱ Iter 470 done | 🕒 IterTime: 3.07s | 🕘 Elapsed: 827.4s | ⏳ ETA: 15.6 min
🧠 Iteration 471 | Getting state...
⚙️ Scheduling...
✅ Schedule completed.
🔍 Verifying schedule...
📈 Updating policy...
torch.Size([512, 5, 10, 32])
torch.Size([448, 5, 10, 32])
torch.Size([512, 5, 10, 32])
torch.Size([448, 5, 10, 32])
torch.Size([512, 5, 10, 32])
torch.Size([448, 5, 10, 32])
📊 Reward: -35.272 | Loss: 0.065
⏱ Iter 471 done | 🕒 IterTime: 1.49s | 🕘 Elapsed: 828.9s | ⏳ ETA: 15.5 min
🧠 Iteration 472 | Getting state...
⚙️ Scheduling...
✅ Schedule completed.
🔍 Verifying schedule...
📈 Updating policy...
torch.Size([512, 5, 10, 32])
torch.Size([448, 5, 10, 32])
torch.Size([512, 5, 10, 32])
torch.Size([448, 5, 10, 32])
torch.Size([512, 5, 10, 32])
torch.Size([448, 5, 10, 32])
📊 Reward: -36.272 | Loss: 0.035
⏱ Iter 472 done | 🕒 IterTime: 1.57s | 🕘 Elapsed: 830.5s | ⏳ ETA: 15.5 min
🧠 Iteration 473 | Getting state...
⚙️ Scheduling...
✅ Schedule completed.
🔍 Verifying schedule...
📈 Updating policy...
torch.Size([512, 5, 10, 32])
torch.Size([448, 5, 10, 32])
torch.Size([512, 5, 10, 32])
torch.Size([448, 5, 10, 32])
torch.Size([512, 5, 10, 32])
torch.Size([448, 5, 10, 32])
📊 Reward: -37.122 | Loss: 0.075
⏱ Iter 473 done | 🕒 IterTime: 1.54s | 🕘 Elapsed: 832.0s | ⏳ ETA: 15.5 min
🧠 Iteration 474 | Getting state...
⚙️ Scheduling...
✅ Schedule completed.
🔍 Verifying schedule...
📈 Updating policy...
torch.Size([512, 5, 10, 32])
torch.Size([448, 5, 10, 32])
torch.Size([512, 5, 10, 32])
torch.Size([448, 5, 10, 32])
torch.Size([512, 5, 10, 32])
torch.Size([448, 5, 10, 32])
📊 Reward: -35.772 | Loss: 0.051
⏱ Iter 474 done | 🕒 IterTime: 1.49s | 🕘 Elapsed: 833.5s | ⏳ ETA: 15.4 min
🧠 Iteration 475 | Getting state...
⚙️ Scheduling...
✅ Schedule completed.
🔍 Verifying schedule...
📈 Updating policy...
torch.Size([512, 5, 10, 32])
torch.Size([448, 5, 10, 32])
torch.Size([512, 5, 10, 32])
torch.Size([448, 5, 10, 32])
torch.Size([512, 5, 10, 32])
torch.Size([448, 5, 10, 32])
📊 Reward: -37.072 | Loss: 0.049
⏱ Iter 475 done | 🕒 IterTime: 1.46s | 🕘 Elapsed: 835.0s | ⏳ ETA: 15.4 min
🧠 Iteration 476 | Getting state...
⚙️ Scheduling...
✅ Schedule completed.
🔍 Verifying schedule...
📈 Updating policy...
torch.Size([512, 5, 10, 32])
torch.Size([448, 5, 10, 32])
torch.Size([512, 5, 10, 32])
torch.Size([448, 5, 10, 32])
torch.Size([512, 5, 10, 32])
torch.Size([448, 5, 10, 32])
📊 Reward: -35.522 | Loss: 0.038
⏱ Iter 476 done | 🕒 IterTime: 1.44s | 🕘 Elapsed: 836.4s | ⏳ ETA: 15.3 min
🧠 Iteration 477 | Getting state...
⚙️ Scheduling...
✅ Schedule completed.
🔍 Verifying schedule...
📈 Updating policy...
torch.Size([512, 5, 10, 32])
torch.Size([448, 5, 10, 32])
torch.Size([512, 5, 10, 32])
torch.Size([448, 5, 10, 32])
torch.Size([512, 5, 10, 32])
torch.Size([448, 5, 10, 32])
📊 Reward: -34.472 | Loss: 0.037
⏱ Iter 477 done | 🕒 IterTime: 1.57s | 🕘 Elapsed: 838.0s | ⏳ ETA: 15.3 min
🧠 Iteration 478 | Getting state...
⚙️ Scheduling...
✅ Schedule completed.
🔍 Verifying schedule...
📈 Updating policy...
torch.Size([512, 5, 10, 32])
torch.Size([448, 5, 10, 32])
torch.Size([512, 5, 10, 32])
torch.Size([448, 5, 10, 32])
torch.Size([512, 5, 10, 32])
torch.Size([448, 5, 10, 32])
📊 Reward: -38.172 | Loss: 0.064
⏱ Iter 478 done | 🕒 IterTime: 1.65s | 🕘 Elapsed: 839.6s | ⏳ ETA: 15.3 min
🧠 Iteration 479 | Getting state...
⚙️ Scheduling...
✅ Schedule completed.
🔍 Verifying schedule...
📈 Updating policy...
torch.Size([512, 5, 10, 32])
torch.Size([448, 5, 10, 32])
torch.Size([512, 5, 10, 32])
torch.Size([448, 5, 10, 32])
torch.Size([512, 5, 10, 32])
torch.Size([448, 5, 10, 32])
📊 Reward: -34.722 | Loss: 0.078
⏱ Iter 479 done | 🕒 IterTime: 1.63s | 🕘 Elapsed: 841.3s | ⏳ ETA: 15.3 min
🧠 Iteration 480 | Getting state...
⚙️ Scheduling...
✅ Schedule completed.
🔍 Verifying schedule...
📈 Updating policy...
torch.Size([512, 5, 10, 32])
torch.Size([448, 5, 10, 32])
torch.Size([512, 5, 10, 32])
torch.Size([448, 5, 10, 32])
torch.Size([512, 5, 10, 32])
torch.Size([448, 5, 10, 32])
📊 Reward: -34.422 | Loss: 0.040

🧪 Validating policy...
There are 100 dev instances.
validating time:  1.7018213272094727 

⏱ Iter 480 done | 🕒 IterTime: 3.37s | 🕘 Elapsed: 844.6s | ⏳ ETA: 15.3 min
[15:20:15] 🔄 Refreshing training instances...
📦 num_jobs: 10, num_mas: 5, num_opes: 52
🧠 Iteration 481 | Getting state...
⚙️ Scheduling...
✅ Schedule completed.
🔍 Verifying schedule...
📈 Updating policy...
torch.Size([512, 5, 10, 32])
torch.Size([512, 5, 10, 32])
torch.Size([16, 5, 10, 32])
torch.Size([512, 5, 10, 32])
torch.Size([512, 5, 10, 32])
torch.Size([16, 5, 10, 32])
torch.Size([512, 5, 10, 32])
torch.Size([512, 5, 10, 32])
torch.Size([16, 5, 10, 32])
📊 Reward: -39.441 | Loss: 0.107
⏱ Iter 481 done | 🕒 IterTime: 1.98s | 🕘 Elapsed: 846.6s | ⏳ ETA: 15.2 min
🧠 Iteration 482 | Getting state...
⚙️ Scheduling...
✅ Schedule completed.
🔍 Verifying schedule...
📈 Updating policy...
torch.Size([512, 5, 10, 32])
torch.Size([512, 5, 10, 32])
torch.Size([16, 5, 10, 32])
torch.Size([512, 5, 10, 32])
torch.Size([512, 5, 10, 32])
torch.Size([16, 5, 10, 32])
torch.Size([512, 5, 10, 32])
torch.Size([512, 5, 10, 32])
torch.Size([16, 5, 10, 32])
📊 Reward: -42.241 | Loss: -0.001
⏱ Iter 482 done | 🕒 IterTime: 1.95s | 🕘 Elapsed: 848.6s | ⏳ ETA: 15.2 min
🧠 Iteration 483 | Getting state...
⚙️ Scheduling...
✅ Schedule completed.
🔍 Verifying schedule...
📈 Updating policy...
torch.Size([512, 5, 10, 32])
torch.Size([512, 5, 10, 32])
torch.Size([16, 5, 10, 32])
torch.Size([512, 5, 10, 32])
torch.Size([512, 5, 10, 32])
torch.Size([16, 5, 10, 32])
torch.Size([512, 5, 10, 32])
torch.Size([512, 5, 10, 32])
torch.Size([16, 5, 10, 32])
📊 Reward: -39.191 | Loss: 0.012
⏱ Iter 483 done | 🕒 IterTime: 2.05s | 🕘 Elapsed: 850.6s | ⏳ ETA: 15.2 min
🧠 Iteration 484 | Getting state...
⚙️ Scheduling...
✅ Schedule completed.
🔍 Verifying schedule...
📈 Updating policy...
torch.Size([512, 5, 10, 32])
torch.Size([512, 5, 10, 32])
torch.Size([16, 5, 10, 32])
torch.Size([512, 5, 10, 32])
torch.Size([512, 5, 10, 32])
torch.Size([16, 5, 10, 32])
torch.Size([512, 5, 10, 32])
torch.Size([512, 5, 10, 32])
torch.Size([16, 5, 10, 32])
📊 Reward: -39.641 | Loss: 0.033
⏱ Iter 484 done | 🕒 IterTime: 1.89s | 🕘 Elapsed: 852.5s | ⏳ ETA: 15.1 min
🧠 Iteration 485 | Getting state...
⚙️ Scheduling...
✅ Schedule completed.
🔍 Verifying schedule...
📈 Updating policy...
torch.Size([512, 5, 10, 32])
torch.Size([512, 5, 10, 32])
torch.Size([16, 5, 10, 32])
torch.Size([512, 5, 10, 32])
torch.Size([512, 5, 10, 32])
torch.Size([16, 5, 10, 32])
torch.Size([512, 5, 10, 32])
torch.Size([512, 5, 10, 32])
torch.Size([16, 5, 10, 32])
📊 Reward: -39.591 | Loss: 0.069
⏱ Iter 485 done | 🕒 IterTime: 1.89s | 🕘 Elapsed: 854.4s | ⏳ ETA: 15.1 min
🧠 Iteration 486 | Getting state...
⚙️ Scheduling...
✅ Schedule completed.
🔍 Verifying schedule...
📈 Updating policy...
torch.Size([512, 5, 10, 32])
torch.Size([512, 5, 10, 32])
torch.Size([16, 5, 10, 32])
torch.Size([512, 5, 10, 32])
torch.Size([512, 5, 10, 32])
torch.Size([16, 5, 10, 32])
torch.Size([512, 5, 10, 32])
torch.Size([512, 5, 10, 32])
torch.Size([16, 5, 10, 32])
📊 Reward: -39.291 | Loss: 0.079
⏱ Iter 486 done | 🕒 IterTime: 1.85s | 🕘 Elapsed: 856.2s | ⏳ ETA: 15.1 min
🧠 Iteration 487 | Getting state...
⚙️ Scheduling...
✅ Schedule completed.
🔍 Verifying schedule...
📈 Updating policy...
torch.Size([512, 5, 10, 32])
torch.Size([512, 5, 10, 32])
torch.Size([16, 5, 10, 32])
torch.Size([512, 5, 10, 32])
torch.Size([512, 5, 10, 32])
torch.Size([16, 5, 10, 32])
torch.Size([512, 5, 10, 32])
torch.Size([512, 5, 10, 32])
torch.Size([16, 5, 10, 32])
📊 Reward: -40.491 | Loss: 0.040
⏱ Iter 487 done | 🕒 IterTime: 1.88s | 🕘 Elapsed: 858.1s | ⏳ ETA: 15.1 min
🧠 Iteration 488 | Getting state...
⚙️ Scheduling...
✅ Schedule completed.
🔍 Verifying schedule...
📈 Updating policy...
torch.Size([512, 5, 10, 32])
torch.Size([512, 5, 10, 32])
torch.Size([16, 5, 10, 32])
torch.Size([512, 5, 10, 32])
torch.Size([512, 5, 10, 32])
torch.Size([16, 5, 10, 32])
torch.Size([512, 5, 10, 32])
torch.Size([512, 5, 10, 32])
torch.Size([16, 5, 10, 32])
📊 Reward: -40.391 | Loss: 0.049
⏱ Iter 488 done | 🕒 IterTime: 1.80s | 🕘 Elapsed: 859.9s | ⏳ ETA: 15.0 min
🧠 Iteration 489 | Getting state...
⚙️ Scheduling...
✅ Schedule completed.
🔍 Verifying schedule...
📈 Updating policy...
torch.Size([512, 5, 10, 32])
torch.Size([512, 5, 10, 32])
torch.Size([16, 5, 10, 32])
torch.Size([512, 5, 10, 32])
torch.Size([512, 5, 10, 32])
torch.Size([16, 5, 10, 32])
torch.Size([512, 5, 10, 32])
torch.Size([512, 5, 10, 32])
torch.Size([16, 5, 10, 32])
📊 Reward: -37.741 | Loss: 0.012
⏱ Iter 489 done | 🕒 IterTime: 1.96s | 🕘 Elapsed: 861.9s | ⏳ ETA: 15.0 min
🧠 Iteration 490 | Getting state...
⚙️ Scheduling...
✅ Schedule completed.
🔍 Verifying schedule...
📈 Updating policy...
torch.Size([512, 5, 10, 32])
torch.Size([512, 5, 10, 32])
torch.Size([16, 5, 10, 32])
torch.Size([512, 5, 10, 32])
torch.Size([512, 5, 10, 32])
torch.Size([16, 5, 10, 32])
torch.Size([512, 5, 10, 32])
torch.Size([512, 5, 10, 32])
torch.Size([16, 5, 10, 32])
📊 Reward: -38.941 | Loss: 0.064

🧪 Validating policy...
There are 100 dev instances.
validating time:  1.577730417251587 

⏱ Iter 490 done | 🕒 IterTime: 3.47s | 🕘 Elapsed: 865.3s | ⏳ ETA: 15.0 min
🧠 Iteration 491 | Getting state...
⚙️ Scheduling...
✅ Schedule completed.
🔍 Verifying schedule...
📈 Updating policy...
torch.Size([512, 5, 10, 32])
torch.Size([512, 5, 10, 32])
torch.Size([16, 5, 10, 32])
torch.Size([512, 5, 10, 32])
torch.Size([512, 5, 10, 32])
torch.Size([16, 5, 10, 32])
torch.Size([512, 5, 10, 32])
torch.Size([512, 5, 10, 32])
torch.Size([16, 5, 10, 32])
📊 Reward: -37.891 | Loss: 0.065
⏱ Iter 491 done | 🕒 IterTime: 1.96s | 🕘 Elapsed: 867.3s | ⏳ ETA: 15.0 min
🧠 Iteration 492 | Getting state...
⚙️ Scheduling...
✅ Schedule completed.
🔍 Verifying schedule...
📈 Updating policy...
torch.Size([512, 5, 10, 32])
torch.Size([512, 5, 10, 32])
torch.Size([16, 5, 10, 32])
torch.Size([512, 5, 10, 32])
torch.Size([512, 5, 10, 32])
torch.Size([16, 5, 10, 32])
torch.Size([512, 5, 10, 32])
torch.Size([512, 5, 10, 32])
torch.Size([16, 5, 10, 32])
📊 Reward: -40.041 | Loss: 0.005
⏱ Iter 492 done | 🕒 IterTime: 1.91s | 🕘 Elapsed: 869.2s | ⏳ ETA: 15.0 min
🧠 Iteration 493 | Getting state...
⚙️ Scheduling...
✅ Schedule completed.
🔍 Verifying schedule...
📈 Updating policy...
torch.Size([512, 5, 10, 32])
torch.Size([512, 5, 10, 32])
torch.Size([16, 5, 10, 32])
torch.Size([512, 5, 10, 32])
torch.Size([512, 5, 10, 32])
torch.Size([16, 5, 10, 32])
torch.Size([512, 5, 10, 32])
torch.Size([512, 5, 10, 32])
torch.Size([16, 5, 10, 32])
📊 Reward: -40.441 | Loss: 0.033
⏱ Iter 493 done | 🕒 IterTime: 1.76s | 🕘 Elapsed: 871.0s | ⏳ ETA: 14.9 min
🧠 Iteration 494 | Getting state...
⚙️ Scheduling...
✅ Schedule completed.
🔍 Verifying schedule...
📈 Updating policy...
torch.Size([512, 5, 10, 32])
torch.Size([512, 5, 10, 32])
torch.Size([16, 5, 10, 32])
torch.Size([512, 5, 10, 32])
torch.Size([512, 5, 10, 32])
torch.Size([16, 5, 10, 32])
torch.Size([512, 5, 10, 32])
torch.Size([512, 5, 10, 32])
torch.Size([16, 5, 10, 32])
📊 Reward: -43.291 | Loss: 0.159
⏱ Iter 494 done | 🕒 IterTime: 1.84s | 🕘 Elapsed: 872.8s | ⏳ ETA: 14.9 min
🧠 Iteration 495 | Getting state...
⚙️ Scheduling...
✅ Schedule completed.
🔍 Verifying schedule...
📈 Updating policy...
torch.Size([512, 5, 10, 32])
torch.Size([512, 5, 10, 32])
torch.Size([16, 5, 10, 32])
torch.Size([512, 5, 10, 32])
torch.Size([512, 5, 10, 32])
torch.Size([16, 5, 10, 32])
torch.Size([512, 5, 10, 32])
torch.Size([512, 5, 10, 32])
torch.Size([16, 5, 10, 32])
📊 Reward: -44.141 | Loss: 0.032
⏱ Iter 495 done | 🕒 IterTime: 1.80s | 🕘 Elapsed: 874.6s | ⏳ ETA: 14.9 min
🧠 Iteration 496 | Getting state...
⚙️ Scheduling...
✅ Schedule completed.
🔍 Verifying schedule...
📈 Updating policy...
torch.Size([512, 5, 10, 32])
torch.Size([512, 5, 10, 32])
torch.Size([16, 5, 10, 32])
torch.Size([512, 5, 10, 32])
torch.Size([512, 5, 10, 32])
torch.Size([16, 5, 10, 32])
torch.Size([512, 5, 10, 32])
torch.Size([512, 5, 10, 32])
torch.Size([16, 5, 10, 32])
📊 Reward: -41.391 | Loss: 0.033
⏱ Iter 496 done | 🕒 IterTime: 1.85s | 🕘 Elapsed: 876.5s | ⏳ ETA: 14.8 min
🧠 Iteration 497 | Getting state...
⚙️ Scheduling...
✅ Schedule completed.
🔍 Verifying schedule...
📈 Updating policy...
torch.Size([512, 5, 10, 32])
torch.Size([512, 5, 10, 32])
torch.Size([16, 5, 10, 32])
torch.Size([512, 5, 10, 32])
torch.Size([512, 5, 10, 32])
torch.Size([16, 5, 10, 32])
torch.Size([512, 5, 10, 32])
torch.Size([512, 5, 10, 32])
torch.Size([16, 5, 10, 32])
📊 Reward: -37.491 | Loss: 0.006
⏱ Iter 497 done | 🕒 IterTime: 1.78s | 🕘 Elapsed: 878.2s | ⏳ ETA: 14.8 min
🧠 Iteration 498 | Getting state...
⚙️ Scheduling...
✅ Schedule completed.
🔍 Verifying schedule...
📈 Updating policy...
torch.Size([512, 5, 10, 32])
torch.Size([512, 5, 10, 32])
torch.Size([16, 5, 10, 32])
torch.Size([512, 5, 10, 32])
torch.Size([512, 5, 10, 32])
torch.Size([16, 5, 10, 32])
torch.Size([512, 5, 10, 32])
torch.Size([512, 5, 10, 32])
torch.Size([16, 5, 10, 32])
📊 Reward: -39.791 | Loss: 0.097
⏱ Iter 498 done | 🕒 IterTime: 1.97s | 🕘 Elapsed: 880.2s | ⏳ ETA: 14.8 min
🧠 Iteration 499 | Getting state...
⚙️ Scheduling...
✅ Schedule completed.
🔍 Verifying schedule...
📈 Updating policy...
torch.Size([512, 5, 10, 32])
torch.Size([512, 5, 10, 32])
torch.Size([16, 5, 10, 32])
torch.Size([512, 5, 10, 32])
torch.Size([512, 5, 10, 32])
torch.Size([16, 5, 10, 32])
torch.Size([512, 5, 10, 32])
torch.Size([512, 5, 10, 32])
torch.Size([16, 5, 10, 32])
📊 Reward: -40.541 | Loss: 0.097
⏱ Iter 499 done | 🕒 IterTime: 1.99s | 🕘 Elapsed: 882.2s | ⏳ ETA: 14.8 min
🧠 Iteration 500 | Getting state...
⚙️ Scheduling...
✅ Schedule completed.
🔍 Verifying schedule...
📈 Updating policy...
torch.Size([512, 5, 10, 32])
torch.Size([512, 5, 10, 32])
torch.Size([16, 5, 10, 32])
torch.Size([512, 5, 10, 32])
torch.Size([512, 5, 10, 32])
torch.Size([16, 5, 10, 32])
torch.Size([512, 5, 10, 32])
torch.Size([512, 5, 10, 32])
torch.Size([16, 5, 10, 32])
📊 Reward: -37.941 | Loss: -0.006

🧪 Validating policy...
There are 100 dev instances.
validating time:  1.6715147495269775 

⏱ Iter 500 done | 🕒 IterTime: 3.74s | 🕘 Elapsed: 885.9s | ⏳ ETA: 14.8 min
[15:20:57] 🔄 Refreshing training instances...
📦 num_jobs: 10, num_mas: 5, num_opes: 52
🧠 Iteration 501 | Getting state...
⚙️ Scheduling...
✅ Schedule completed.
🔍 Verifying schedule...
📈 Updating policy...
torch.Size([512, 5, 10, 32])
torch.Size([512, 5, 10, 32])
torch.Size([16, 5, 10, 32])
torch.Size([512, 5, 10, 32])
torch.Size([512, 5, 10, 32])
torch.Size([16, 5, 10, 32])
torch.Size([512, 5, 10, 32])
torch.Size([512, 5, 10, 32])
torch.Size([16, 5, 10, 32])
📊 Reward: -44.640 | Loss: 0.017
⏱ Iter 501 done | 🕒 IterTime: 1.89s | 🕘 Elapsed: 887.8s | ⏳ ETA: 14.7 min
🧠 Iteration 502 | Getting state...
⚙️ Scheduling...
✅ Schedule completed.
🔍 Verifying schedule...
📈 Updating policy...
torch.Size([512, 5, 10, 32])
torch.Size([512, 5, 10, 32])
torch.Size([16, 5, 10, 32])
torch.Size([512, 5, 10, 32])
torch.Size([512, 5, 10, 32])
torch.Size([16, 5, 10, 32])
torch.Size([512, 5, 10, 32])
torch.Size([512, 5, 10, 32])
torch.Size([16, 5, 10, 32])
📊 Reward: -42.990 | Loss: 0.073
⏱ Iter 502 done | 🕒 IterTime: 1.87s | 🕘 Elapsed: 889.7s | ⏳ ETA: 14.7 min
🧠 Iteration 503 | Getting state...
⚙️ Scheduling...
✅ Schedule completed.
🔍 Verifying schedule...
📈 Updating policy...
torch.Size([512, 5, 10, 32])
torch.Size([512, 5, 10, 32])
torch.Size([16, 5, 10, 32])
torch.Size([512, 5, 10, 32])
torch.Size([512, 5, 10, 32])
torch.Size([16, 5, 10, 32])
torch.Size([512, 5, 10, 32])
torch.Size([512, 5, 10, 32])
torch.Size([16, 5, 10, 32])
📊 Reward: -45.340 | Loss: 0.065
⏱ Iter 503 done | 🕒 IterTime: 1.77s | 🕘 Elapsed: 891.5s | ⏳ ETA: 14.7 min
🧠 Iteration 504 | Getting state...
⚙️ Scheduling...
✅ Schedule completed.
🔍 Verifying schedule...
📈 Updating policy...
torch.Size([512, 5, 10, 32])
torch.Size([512, 5, 10, 32])
torch.Size([16, 5, 10, 32])
torch.Size([512, 5, 10, 32])
torch.Size([512, 5, 10, 32])
torch.Size([16, 5, 10, 32])
torch.Size([512, 5, 10, 32])
torch.Size([512, 5, 10, 32])
torch.Size([16, 5, 10, 32])
📊 Reward: -42.590 | Loss: 0.017
⏱ Iter 504 done | 🕒 IterTime: 1.84s | 🕘 Elapsed: 893.3s | ⏳ ETA: 14.7 min
🧠 Iteration 505 | Getting state...
⚙️ Scheduling...
✅ Schedule completed.
🔍 Verifying schedule...
📈 Updating policy...
torch.Size([512, 5, 10, 32])
torch.Size([512, 5, 10, 32])
torch.Size([16, 5, 10, 32])
torch.Size([512, 5, 10, 32])
torch.Size([512, 5, 10, 32])
torch.Size([16, 5, 10, 32])
torch.Size([512, 5, 10, 32])
torch.Size([512, 5, 10, 32])
torch.Size([16, 5, 10, 32])
📊 Reward: -44.290 | Loss: 0.040
⏱ Iter 505 done | 🕒 IterTime: 1.83s | 🕘 Elapsed: 895.1s | ⏳ ETA: 14.6 min
🧠 Iteration 506 | Getting state...
⚙️ Scheduling...
✅ Schedule completed.
🔍 Verifying schedule...
📈 Updating policy...
torch.Size([512, 5, 10, 32])
torch.Size([512, 5, 10, 32])
torch.Size([16, 5, 10, 32])
torch.Size([512, 5, 10, 32])
torch.Size([512, 5, 10, 32])
torch.Size([16, 5, 10, 32])
torch.Size([512, 5, 10, 32])
torch.Size([512, 5, 10, 32])
torch.Size([16, 5, 10, 32])
📊 Reward: -44.590 | Loss: 0.073
⏱ Iter 506 done | 🕒 IterTime: 1.84s | 🕘 Elapsed: 897.0s | ⏳ ETA: 14.6 min
🧠 Iteration 507 | Getting state...
⚙️ Scheduling...
✅ Schedule completed.
🔍 Verifying schedule...
📈 Updating policy...
torch.Size([512, 5, 10, 32])
torch.Size([512, 5, 10, 32])
torch.Size([16, 5, 10, 32])
torch.Size([512, 5, 10, 32])
torch.Size([512, 5, 10, 32])
torch.Size([16, 5, 10, 32])
torch.Size([512, 5, 10, 32])
torch.Size([512, 5, 10, 32])
torch.Size([16, 5, 10, 32])
📊 Reward: -41.990 | Loss: 0.040
⏱ Iter 507 done | 🕒 IterTime: 1.82s | 🕘 Elapsed: 898.8s | ⏳ ETA: 14.6 min
🧠 Iteration 508 | Getting state...
⚙️ Scheduling...
✅ Schedule completed.
🔍 Verifying schedule...
📈 Updating policy...
torch.Size([512, 5, 10, 32])
torch.Size([512, 5, 10, 32])
torch.Size([16, 5, 10, 32])
torch.Size([512, 5, 10, 32])
torch.Size([512, 5, 10, 32])
torch.Size([16, 5, 10, 32])
torch.Size([512, 5, 10, 32])
torch.Size([512, 5, 10, 32])
torch.Size([16, 5, 10, 32])
📊 Reward: -43.740 | Loss: 0.129
⏱ Iter 508 done | 🕒 IterTime: 1.88s | 🕘 Elapsed: 900.7s | ⏳ ETA: 14.5 min
🧠 Iteration 509 | Getting state...
⚙️ Scheduling...
✅ Schedule completed.
🔍 Verifying schedule...
📈 Updating policy...
torch.Size([512, 5, 10, 32])
torch.Size([512, 5, 10, 32])
torch.Size([16, 5, 10, 32])
torch.Size([512, 5, 10, 32])
torch.Size([512, 5, 10, 32])
torch.Size([16, 5, 10, 32])
torch.Size([512, 5, 10, 32])
torch.Size([512, 5, 10, 32])
torch.Size([16, 5, 10, 32])
📊 Reward: -40.890 | Loss: 0.129
⏱ Iter 509 done | 🕒 IterTime: 1.97s | 🕘 Elapsed: 902.7s | ⏳ ETA: 14.5 min
🧠 Iteration 510 | Getting state...
⚙️ Scheduling...
✅ Schedule completed.
🔍 Verifying schedule...
📈 Updating policy...
torch.Size([512, 5, 10, 32])
torch.Size([512, 5, 10, 32])
torch.Size([16, 5, 10, 32])
torch.Size([512, 5, 10, 32])
torch.Size([512, 5, 10, 32])
torch.Size([16, 5, 10, 32])
torch.Size([512, 5, 10, 32])
torch.Size([512, 5, 10, 32])
torch.Size([16, 5, 10, 32])
📊 Reward: -40.040 | Loss: 0.012

🧪 Validating policy...
There are 100 dev instances.
validating time:  1.6099450588226318 

⏱ Iter 510 done | 🕒 IterTime: 3.51s | 🕘 Elapsed: 906.2s | ⏳ ETA: 14.5 min
🧠 Iteration 511 | Getting state...
⚙️ Scheduling...
✅ Schedule completed.
🔍 Verifying schedule...
📈 Updating policy...
torch.Size([512, 5, 10, 32])
torch.Size([512, 5, 10, 32])
torch.Size([16, 5, 10, 32])
torch.Size([512, 5, 10, 32])
torch.Size([512, 5, 10, 32])
torch.Size([16, 5, 10, 32])
torch.Size([512, 5, 10, 32])
torch.Size([512, 5, 10, 32])
torch.Size([16, 5, 10, 32])
📊 Reward: -42.140 | Loss: -0.044
⏱ Iter 511 done | 🕒 IterTime: 1.85s | 🕘 Elapsed: 908.0s | ⏳ ETA: 14.5 min
🧠 Iteration 512 | Getting state...
⚙️ Scheduling...
✅ Schedule completed.
🔍 Verifying schedule...
📈 Updating policy...
torch.Size([512, 5, 10, 32])
torch.Size([512, 5, 10, 32])
torch.Size([16, 5, 10, 32])
torch.Size([512, 5, 10, 32])
torch.Size([512, 5, 10, 32])
torch.Size([16, 5, 10, 32])
torch.Size([512, 5, 10, 32])
torch.Size([512, 5, 10, 32])
torch.Size([16, 5, 10, 32])
📊 Reward: -42.540 | Loss: 0.082
⏱ Iter 512 done | 🕒 IterTime: 1.81s | 🕘 Elapsed: 909.8s | ⏳ ETA: 14.5 min
🧠 Iteration 513 | Getting state...
⚙️ Scheduling...
✅ Schedule completed.
🔍 Verifying schedule...
📈 Updating policy...
torch.Size([512, 5, 10, 32])
torch.Size([512, 5, 10, 32])
torch.Size([16, 5, 10, 32])
torch.Size([512, 5, 10, 32])
torch.Size([512, 5, 10, 32])
torch.Size([16, 5, 10, 32])
torch.Size([512, 5, 10, 32])
torch.Size([512, 5, 10, 32])
torch.Size([16, 5, 10, 32])
📊 Reward: -42.290 | Loss: 0.089
⏱ Iter 513 done | 🕒 IterTime: 1.83s | 🕘 Elapsed: 911.7s | ⏳ ETA: 14.4 min
🧠 Iteration 514 | Getting state...
⚙️ Scheduling...
✅ Schedule completed.
🔍 Verifying schedule...
📈 Updating policy...
torch.Size([512, 5, 10, 32])
torch.Size([512, 5, 10, 32])
torch.Size([16, 5, 10, 32])
torch.Size([512, 5, 10, 32])
torch.Size([512, 5, 10, 32])
torch.Size([16, 5, 10, 32])
torch.Size([512, 5, 10, 32])
torch.Size([512, 5, 10, 32])
torch.Size([16, 5, 10, 32])
📊 Reward: -41.740 | Loss: 0.038
⏱ Iter 514 done | 🕒 IterTime: 1.82s | 🕘 Elapsed: 913.5s | ⏳ ETA: 14.4 min
🧠 Iteration 515 | Getting state...
⚙️ Scheduling...
✅ Schedule completed.
🔍 Verifying schedule...
📈 Updating policy...
torch.Size([512, 5, 10, 32])
torch.Size([512, 5, 10, 32])
torch.Size([16, 5, 10, 32])
torch.Size([512, 5, 10, 32])
torch.Size([512, 5, 10, 32])
torch.Size([16, 5, 10, 32])
torch.Size([512, 5, 10, 32])
torch.Size([512, 5, 10, 32])
torch.Size([16, 5, 10, 32])
📊 Reward: -42.940 | Loss: -0.008
⏱ Iter 515 done | 🕒 IterTime: 1.83s | 🕘 Elapsed: 915.3s | ⏳ ETA: 14.4 min
🧠 Iteration 516 | Getting state...
⚙️ Scheduling...
✅ Schedule completed.
🔍 Verifying schedule...
📈 Updating policy...
torch.Size([512, 5, 10, 32])
torch.Size([512, 5, 10, 32])
torch.Size([16, 5, 10, 32])
torch.Size([512, 5, 10, 32])
torch.Size([512, 5, 10, 32])
torch.Size([16, 5, 10, 32])
torch.Size([512, 5, 10, 32])
torch.Size([512, 5, 10, 32])
torch.Size([16, 5, 10, 32])
📊 Reward: -43.690 | Loss: 0.049
⏱ Iter 516 done | 🕒 IterTime: 1.86s | 🕘 Elapsed: 917.2s | ⏳ ETA: 14.3 min
🧠 Iteration 517 | Getting state...
⚙️ Scheduling...
✅ Schedule completed.
🔍 Verifying schedule...
📈 Updating policy...
torch.Size([512, 5, 10, 32])
torch.Size([512, 5, 10, 32])
torch.Size([16, 5, 10, 32])
torch.Size([512, 5, 10, 32])
torch.Size([512, 5, 10, 32])
torch.Size([16, 5, 10, 32])
torch.Size([512, 5, 10, 32])
torch.Size([512, 5, 10, 32])
torch.Size([16, 5, 10, 32])
📊 Reward: -39.940 | Loss: 0.031
⏱ Iter 517 done | 🕒 IterTime: 1.87s | 🕘 Elapsed: 919.0s | ⏳ ETA: 14.3 min
🧠 Iteration 518 | Getting state...
⚙️ Scheduling...
✅ Schedule completed.
🔍 Verifying schedule...
📈 Updating policy...
torch.Size([512, 5, 10, 32])
torch.Size([512, 5, 10, 32])
torch.Size([16, 5, 10, 32])
torch.Size([512, 5, 10, 32])
torch.Size([512, 5, 10, 32])
torch.Size([16, 5, 10, 32])
torch.Size([512, 5, 10, 32])
torch.Size([512, 5, 10, 32])
torch.Size([16, 5, 10, 32])
📊 Reward: -40.140 | Loss: 0.100
⏱ Iter 518 done | 🕒 IterTime: 1.91s | 🕘 Elapsed: 921.0s | ⏳ ETA: 14.3 min
🧠 Iteration 519 | Getting state...
⚙️ Scheduling...
✅ Schedule completed.
🔍 Verifying schedule...
📈 Updating policy...
torch.Size([512, 5, 10, 32])
torch.Size([512, 5, 10, 32])
torch.Size([16, 5, 10, 32])
torch.Size([512, 5, 10, 32])
torch.Size([512, 5, 10, 32])
torch.Size([16, 5, 10, 32])
torch.Size([512, 5, 10, 32])
torch.Size([512, 5, 10, 32])
torch.Size([16, 5, 10, 32])
📊 Reward: -43.190 | Loss: 0.027
⏱ Iter 519 done | 🕒 IterTime: 1.85s | 🕘 Elapsed: 922.8s | ⏳ ETA: 14.3 min
🧠 Iteration 520 | Getting state...
⚙️ Scheduling...
✅ Schedule completed.
🔍 Verifying schedule...
📈 Updating policy...
torch.Size([512, 5, 10, 32])
torch.Size([512, 5, 10, 32])
torch.Size([16, 5, 10, 32])
torch.Size([512, 5, 10, 32])
torch.Size([512, 5, 10, 32])
torch.Size([16, 5, 10, 32])
torch.Size([512, 5, 10, 32])
torch.Size([512, 5, 10, 32])
torch.Size([16, 5, 10, 32])
📊 Reward: -42.540 | Loss: 0.015

🧪 Validating policy...
There are 100 dev instances.
validating time:  1.6175050735473633 

⏱ Iter 520 done | 🕒 IterTime: 3.44s | 🕘 Elapsed: 926.2s | ⏳ ETA: 14.2 min
[15:21:37] 🔄 Refreshing training instances...
📦 num_jobs: 10, num_mas: 5, num_opes: 56
🧠 Iteration 521 | Getting state...
⚙️ Scheduling...
✅ Schedule completed.
🔍 Verifying schedule...
📈 Updating policy...
torch.Size([512, 5, 10, 32])
torch.Size([512, 5, 10, 32])
torch.Size([96, 5, 10, 32])
torch.Size([512, 5, 10, 32])
torch.Size([512, 5, 10, 32])
torch.Size([96, 5, 10, 32])
torch.Size([512, 5, 10, 32])
torch.Size([512, 5, 10, 32])
torch.Size([96, 5, 10, 32])
📊 Reward: -47.410 | Loss: 0.049
⏱ Iter 521 done | 🕒 IterTime: 2.23s | 🕘 Elapsed: 928.5s | ⏳ ETA: 14.2 min
🧠 Iteration 522 | Getting state...
⚙️ Scheduling...
✅ Schedule completed.
🔍 Verifying schedule...
📈 Updating policy...
torch.Size([512, 5, 10, 32])
torch.Size([512, 5, 10, 32])
torch.Size([96, 5, 10, 32])
torch.Size([512, 5, 10, 32])
torch.Size([512, 5, 10, 32])
torch.Size([96, 5, 10, 32])
torch.Size([512, 5, 10, 32])
torch.Size([512, 5, 10, 32])
torch.Size([96, 5, 10, 32])
📊 Reward: -46.560 | Loss: 0.063
⏱ Iter 522 done | 🕒 IterTime: 2.08s | 🕘 Elapsed: 930.6s | ⏳ ETA: 14.2 min
🧠 Iteration 523 | Getting state...
⚙️ Scheduling...
✅ Schedule completed.
🔍 Verifying schedule...
📈 Updating policy...
torch.Size([512, 5, 10, 32])
torch.Size([512, 5, 10, 32])
torch.Size([96, 5, 10, 32])
torch.Size([512, 5, 10, 32])
torch.Size([512, 5, 10, 32])
torch.Size([96, 5, 10, 32])
torch.Size([512, 5, 10, 32])
torch.Size([512, 5, 10, 32])
torch.Size([96, 5, 10, 32])
📊 Reward: -49.310 | Loss: -0.010
⏱ Iter 523 done | 🕒 IterTime: 2.02s | 🕘 Elapsed: 932.6s | ⏳ ETA: 14.2 min
🧠 Iteration 524 | Getting state...
⚙️ Scheduling...
✅ Schedule completed.
🔍 Verifying schedule...
📈 Updating policy...
torch.Size([512, 5, 10, 32])
torch.Size([512, 5, 10, 32])
torch.Size([96, 5, 10, 32])
torch.Size([512, 5, 10, 32])
torch.Size([512, 5, 10, 32])
torch.Size([96, 5, 10, 32])
torch.Size([512, 5, 10, 32])
torch.Size([512, 5, 10, 32])
torch.Size([96, 5, 10, 32])
📊 Reward: -47.910 | Loss: 0.045
⏱ Iter 524 done | 🕒 IterTime: 2.10s | 🕘 Elapsed: 934.7s | ⏳ ETA: 14.2 min
🧠 Iteration 525 | Getting state...
⚙️ Scheduling...
✅ Schedule completed.
🔍 Verifying schedule...
📈 Updating policy...
torch.Size([512, 5, 10, 32])
torch.Size([512, 5, 10, 32])
torch.Size([96, 5, 10, 32])
torch.Size([512, 5, 10, 32])
torch.Size([512, 5, 10, 32])
torch.Size([96, 5, 10, 32])
torch.Size([512, 5, 10, 32])
torch.Size([512, 5, 10, 32])
torch.Size([96, 5, 10, 32])
📊 Reward: -48.010 | Loss: 0.026
⏱ Iter 525 done | 🕒 IterTime: 2.14s | 🕘 Elapsed: 936.8s | ⏳ ETA: 14.1 min
🧠 Iteration 526 | Getting state...
⚙️ Scheduling...
✅ Schedule completed.
🔍 Verifying schedule...
📈 Updating policy...
torch.Size([512, 5, 10, 32])
torch.Size([512, 5, 10, 32])
torch.Size([96, 5, 10, 32])
torch.Size([512, 5, 10, 32])
torch.Size([512, 5, 10, 32])
torch.Size([96, 5, 10, 32])
torch.Size([512, 5, 10, 32])
torch.Size([512, 5, 10, 32])
torch.Size([96, 5, 10, 32])
📊 Reward: -46.710 | Loss: 0.014
⏱ Iter 526 done | 🕒 IterTime: 2.18s | 🕘 Elapsed: 939.0s | ⏳ ETA: 14.1 min
🧠 Iteration 527 | Getting state...
⚙️ Scheduling...
✅ Schedule completed.
🔍 Verifying schedule...
📈 Updating policy...
torch.Size([512, 5, 10, 32])
torch.Size([512, 5, 10, 32])
torch.Size([96, 5, 10, 32])
torch.Size([512, 5, 10, 32])
torch.Size([512, 5, 10, 32])
torch.Size([96, 5, 10, 32])
torch.Size([512, 5, 10, 32])
torch.Size([512, 5, 10, 32])
torch.Size([96, 5, 10, 32])
📊 Reward: -47.760 | Loss: 0.016
⏱ Iter 527 done | 🕒 IterTime: 2.16s | 🕘 Elapsed: 941.2s | ⏳ ETA: 14.1 min
🧠 Iteration 528 | Getting state...
⚙️ Scheduling...
✅ Schedule completed.
🔍 Verifying schedule...
📈 Updating policy...
torch.Size([512, 5, 10, 32])
torch.Size([512, 5, 10, 32])
torch.Size([96, 5, 10, 32])
torch.Size([512, 5, 10, 32])
torch.Size([512, 5, 10, 32])
torch.Size([96, 5, 10, 32])
torch.Size([512, 5, 10, 32])
torch.Size([512, 5, 10, 32])
torch.Size([96, 5, 10, 32])
📊 Reward: -49.110 | Loss: 0.042
⏱ Iter 528 done | 🕒 IterTime: 2.15s | 🕘 Elapsed: 943.3s | ⏳ ETA: 14.1 min
🧠 Iteration 529 | Getting state...
⚙️ Scheduling...
✅ Schedule completed.
🔍 Verifying schedule...
📈 Updating policy...
torch.Size([512, 5, 10, 32])
torch.Size([512, 5, 10, 32])
torch.Size([96, 5, 10, 32])
torch.Size([512, 5, 10, 32])
torch.Size([512, 5, 10, 32])
torch.Size([96, 5, 10, 32])
torch.Size([512, 5, 10, 32])
torch.Size([512, 5, 10, 32])
torch.Size([96, 5, 10, 32])
📊 Reward: -47.960 | Loss: 0.073
⏱ Iter 529 done | 🕒 IterTime: 2.12s | 🕘 Elapsed: 945.4s | ⏳ ETA: 14.0 min
🧠 Iteration 530 | Getting state...
⚙️ Scheduling...
✅ Schedule completed.
🔍 Verifying schedule...
📈 Updating policy...
torch.Size([512, 5, 10, 32])
torch.Size([512, 5, 10, 32])
torch.Size([96, 5, 10, 32])
torch.Size([512, 5, 10, 32])
torch.Size([512, 5, 10, 32])
torch.Size([96, 5, 10, 32])
torch.Size([512, 5, 10, 32])
torch.Size([512, 5, 10, 32])
torch.Size([96, 5, 10, 32])
📊 Reward: -46.760 | Loss: 0.039

🧪 Validating policy...
There are 100 dev instances.
validating time:  1.6849417686462402 

⏱ Iter 530 done | 🕒 IterTime: 3.77s | 🕘 Elapsed: 949.2s | ⏳ ETA: 14.0 min
🧠 Iteration 531 | Getting state...
⚙️ Scheduling...
✅ Schedule completed.
🔍 Verifying schedule...
📈 Updating policy...
torch.Size([512, 5, 10, 32])
torch.Size([512, 5, 10, 32])
torch.Size([96, 5, 10, 32])
torch.Size([512, 5, 10, 32])
torch.Size([512, 5, 10, 32])
torch.Size([96, 5, 10, 32])
torch.Size([512, 5, 10, 32])
torch.Size([512, 5, 10, 32])
torch.Size([96, 5, 10, 32])
📊 Reward: -45.260 | Loss: 0.035
⏱ Iter 531 done | 🕒 IterTime: 2.05s | 🕘 Elapsed: 951.2s | ⏳ ETA: 14.0 min
🧠 Iteration 532 | Getting state...
⚙️ Scheduling...
✅ Schedule completed.
🔍 Verifying schedule...
📈 Updating policy...
torch.Size([512, 5, 10, 32])
torch.Size([512, 5, 10, 32])
torch.Size([96, 5, 10, 32])
torch.Size([512, 5, 10, 32])
torch.Size([512, 5, 10, 32])
torch.Size([96, 5, 10, 32])
torch.Size([512, 5, 10, 32])
torch.Size([512, 5, 10, 32])
torch.Size([96, 5, 10, 32])
📊 Reward: -46.260 | Loss: 0.018
⏱ Iter 532 done | 🕒 IterTime: 2.03s | 🕘 Elapsed: 953.3s | ⏳ ETA: 14.0 min
🧠 Iteration 533 | Getting state...
⚙️ Scheduling...
✅ Schedule completed.
🔍 Verifying schedule...
📈 Updating policy...
torch.Size([512, 5, 10, 32])
torch.Size([512, 5, 10, 32])
torch.Size([96, 5, 10, 32])
torch.Size([512, 5, 10, 32])
torch.Size([512, 5, 10, 32])
torch.Size([96, 5, 10, 32])
torch.Size([512, 5, 10, 32])
torch.Size([512, 5, 10, 32])
torch.Size([96, 5, 10, 32])
📊 Reward: -46.060 | Loss: 0.037
⏱ Iter 533 done | 🕒 IterTime: 2.13s | 🕘 Elapsed: 955.4s | ⏳ ETA: 14.0 min
🧠 Iteration 534 | Getting state...
⚙️ Scheduling...
✅ Schedule completed.
🔍 Verifying schedule...
📈 Updating policy...
torch.Size([512, 5, 10, 32])
torch.Size([512, 5, 10, 32])
torch.Size([96, 5, 10, 32])
torch.Size([512, 5, 10, 32])
torch.Size([512, 5, 10, 32])
torch.Size([96, 5, 10, 32])
torch.Size([512, 5, 10, 32])
torch.Size([512, 5, 10, 32])
torch.Size([96, 5, 10, 32])
📊 Reward: -45.410 | Loss: 0.003
⏱ Iter 534 done | 🕒 IterTime: 2.22s | 🕘 Elapsed: 957.6s | ⏳ ETA: 13.9 min
🧠 Iteration 535 | Getting state...
⚙️ Scheduling...
✅ Schedule completed.
🔍 Verifying schedule...
📈 Updating policy...
torch.Size([512, 5, 10, 32])
torch.Size([512, 5, 10, 32])
torch.Size([96, 5, 10, 32])
torch.Size([512, 5, 10, 32])
torch.Size([512, 5, 10, 32])
torch.Size([96, 5, 10, 32])
torch.Size([512, 5, 10, 32])
torch.Size([512, 5, 10, 32])
torch.Size([96, 5, 10, 32])
📊 Reward: -49.560 | Loss: 0.032
⏱ Iter 535 done | 🕒 IterTime: 2.20s | 🕘 Elapsed: 959.8s | ⏳ ETA: 13.9 min
🧠 Iteration 536 | Getting state...
⚙️ Scheduling...
✅ Schedule completed.
🔍 Verifying schedule...
📈 Updating policy...
torch.Size([512, 5, 10, 32])
torch.Size([512, 5, 10, 32])
torch.Size([96, 5, 10, 32])
torch.Size([512, 5, 10, 32])
torch.Size([512, 5, 10, 32])
torch.Size([96, 5, 10, 32])
torch.Size([512, 5, 10, 32])
torch.Size([512, 5, 10, 32])
torch.Size([96, 5, 10, 32])
📊 Reward: -47.360 | Loss: 0.056
⏱ Iter 536 done | 🕒 IterTime: 2.25s | 🕘 Elapsed: 962.1s | ⏳ ETA: 13.9 min
🧠 Iteration 537 | Getting state...
⚙️ Scheduling...
✅ Schedule completed.
🔍 Verifying schedule...
📈 Updating policy...
torch.Size([512, 5, 10, 32])
torch.Size([512, 5, 10, 32])
torch.Size([96, 5, 10, 32])
torch.Size([512, 5, 10, 32])
torch.Size([512, 5, 10, 32])
torch.Size([96, 5, 10, 32])
torch.Size([512, 5, 10, 32])
torch.Size([512, 5, 10, 32])
torch.Size([96, 5, 10, 32])
📊 Reward: -46.960 | Loss: 0.016
⏱ Iter 537 done | 🕒 IterTime: 2.28s | 🕘 Elapsed: 964.4s | ⏳ ETA: 13.9 min
🧠 Iteration 538 | Getting state...
⚙️ Scheduling...
✅ Schedule completed.
🔍 Verifying schedule...
📈 Updating policy...
torch.Size([512, 5, 10, 32])
torch.Size([512, 5, 10, 32])
torch.Size([96, 5, 10, 32])
torch.Size([512, 5, 10, 32])
torch.Size([512, 5, 10, 32])
torch.Size([96, 5, 10, 32])
torch.Size([512, 5, 10, 32])
torch.Size([512, 5, 10, 32])
torch.Size([96, 5, 10, 32])
📊 Reward: -46.810 | Loss: 0.052
⏱ Iter 538 done | 🕒 IterTime: 2.27s | 🕘 Elapsed: 966.6s | ⏳ ETA: 13.8 min
🧠 Iteration 539 | Getting state...
⚙️ Scheduling...
✅ Schedule completed.
🔍 Verifying schedule...
📈 Updating policy...
torch.Size([512, 5, 10, 32])
torch.Size([512, 5, 10, 32])
torch.Size([96, 5, 10, 32])
torch.Size([512, 5, 10, 32])
torch.Size([512, 5, 10, 32])
torch.Size([96, 5, 10, 32])
torch.Size([512, 5, 10, 32])
torch.Size([512, 5, 10, 32])
torch.Size([96, 5, 10, 32])
📊 Reward: -48.060 | Loss: 0.003
⏱ Iter 539 done | 🕒 IterTime: 2.32s | 🕘 Elapsed: 968.9s | ⏳ ETA: 13.8 min
🧠 Iteration 540 | Getting state...
⚙️ Scheduling...
✅ Schedule completed.
🔍 Verifying schedule...
📈 Updating policy...
torch.Size([512, 5, 10, 32])
torch.Size([512, 5, 10, 32])
torch.Size([96, 5, 10, 32])
torch.Size([512, 5, 10, 32])
torch.Size([512, 5, 10, 32])
torch.Size([96, 5, 10, 32])
torch.Size([512, 5, 10, 32])
torch.Size([512, 5, 10, 32])
torch.Size([96, 5, 10, 32])
📊 Reward: -47.610 | Loss: 0.044

🧪 Validating policy...
There are 100 dev instances.
validating time:  1.7797696590423584 

⏱ Iter 540 done | 🕒 IterTime: 4.11s | 🕘 Elapsed: 973.1s | ⏳ ETA: 13.8 min
[15:22:24] 🔄 Refreshing training instances...
📦 num_jobs: 10, num_mas: 5, num_opes: 55
🧠 Iteration 541 | Getting state...
⚙️ Scheduling...
✅ Schedule completed.
🔍 Verifying schedule...
📈 Updating policy...
torch.Size([512, 5, 10, 32])
torch.Size([512, 5, 10, 32])
torch.Size([76, 5, 10, 32])
torch.Size([512, 5, 10, 32])
torch.Size([512, 5, 10, 32])
torch.Size([76, 5, 10, 32])
torch.Size([512, 5, 10, 32])
torch.Size([512, 5, 10, 32])
torch.Size([76, 5, 10, 32])
📊 Reward: -42.919 | Loss: 0.078
⏱ Iter 541 done | 🕒 IterTime: 2.33s | 🕘 Elapsed: 975.4s | ⏳ ETA: 13.8 min
🧠 Iteration 542 | Getting state...
⚙️ Scheduling...
✅ Schedule completed.
🔍 Verifying schedule...
📈 Updating policy...
torch.Size([512, 5, 10, 32])
torch.Size([512, 5, 10, 32])
torch.Size([76, 5, 10, 32])
torch.Size([512, 5, 10, 32])
torch.Size([512, 5, 10, 32])
torch.Size([76, 5, 10, 32])
torch.Size([512, 5, 10, 32])
torch.Size([512, 5, 10, 32])
torch.Size([76, 5, 10, 32])
📊 Reward: -41.769 | Loss: 0.047
⏱ Iter 542 done | 🕒 IterTime: 2.19s | 🕘 Elapsed: 977.6s | ⏳ ETA: 13.8 min
🧠 Iteration 543 | Getting state...
⚙️ Scheduling...
✅ Schedule completed.
🔍 Verifying schedule...
📈 Updating policy...
torch.Size([512, 5, 10, 32])
torch.Size([512, 5, 10, 32])
torch.Size([76, 5, 10, 32])
torch.Size([512, 5, 10, 32])
torch.Size([512, 5, 10, 32])
torch.Size([76, 5, 10, 32])
torch.Size([512, 5, 10, 32])
torch.Size([512, 5, 10, 32])
torch.Size([76, 5, 10, 32])
📊 Reward: -44.419 | Loss: 0.039
⏱ Iter 543 done | 🕒 IterTime: 2.17s | 🕘 Elapsed: 979.8s | ⏳ ETA: 13.7 min
🧠 Iteration 544 | Getting state...
⚙️ Scheduling...
✅ Schedule completed.
🔍 Verifying schedule...
📈 Updating policy...
torch.Size([512, 5, 10, 32])
torch.Size([512, 5, 10, 32])
torch.Size([76, 5, 10, 32])
torch.Size([512, 5, 10, 32])
torch.Size([512, 5, 10, 32])
torch.Size([76, 5, 10, 32])
torch.Size([512, 5, 10, 32])
torch.Size([512, 5, 10, 32])
torch.Size([76, 5, 10, 32])
📊 Reward: -45.169 | Loss: 0.000
⏱ Iter 544 done | 🕒 IterTime: 2.19s | 🕘 Elapsed: 982.0s | ⏳ ETA: 13.7 min
🧠 Iteration 545 | Getting state...
⚙️ Scheduling...
✅ Schedule completed.
🔍 Verifying schedule...
📈 Updating policy...
torch.Size([512, 5, 10, 32])
torch.Size([512, 5, 10, 32])
torch.Size([76, 5, 10, 32])
torch.Size([512, 5, 10, 32])
torch.Size([512, 5, 10, 32])
torch.Size([76, 5, 10, 32])
torch.Size([512, 5, 10, 32])
torch.Size([512, 5, 10, 32])
torch.Size([76, 5, 10, 32])
📊 Reward: -44.469 | Loss: 0.062
⏱ Iter 545 done | 🕒 IterTime: 2.21s | 🕘 Elapsed: 984.2s | ⏳ ETA: 13.7 min
🧠 Iteration 546 | Getting state...
⚙️ Scheduling...
✅ Schedule completed.
🔍 Verifying schedule...
📈 Updating policy...
torch.Size([512, 5, 10, 32])
torch.Size([512, 5, 10, 32])
torch.Size([76, 5, 10, 32])
torch.Size([512, 5, 10, 32])
torch.Size([512, 5, 10, 32])
torch.Size([76, 5, 10, 32])
torch.Size([512, 5, 10, 32])
torch.Size([512, 5, 10, 32])
torch.Size([76, 5, 10, 32])
📊 Reward: -43.069 | Loss: 0.015
⏱ Iter 546 done | 🕒 IterTime: 2.17s | 🕘 Elapsed: 986.3s | ⏳ ETA: 13.7 min
🧠 Iteration 547 | Getting state...
⚙️ Scheduling...
✅ Schedule completed.
🔍 Verifying schedule...
📈 Updating policy...
torch.Size([512, 5, 10, 32])
torch.Size([512, 5, 10, 32])
torch.Size([76, 5, 10, 32])
torch.Size([512, 5, 10, 32])
torch.Size([512, 5, 10, 32])
torch.Size([76, 5, 10, 32])
torch.Size([512, 5, 10, 32])
torch.Size([512, 5, 10, 32])
torch.Size([76, 5, 10, 32])
📊 Reward: -46.119 | Loss: 0.059
⏱ Iter 547 done | 🕒 IterTime: 2.19s | 🕘 Elapsed: 988.5s | ⏳ ETA: 13.6 min
🧠 Iteration 548 | Getting state...
⚙️ Scheduling...
✅ Schedule completed.
🔍 Verifying schedule...
📈 Updating policy...
torch.Size([512, 5, 10, 32])
torch.Size([512, 5, 10, 32])
torch.Size([76, 5, 10, 32])
torch.Size([512, 5, 10, 32])
torch.Size([512, 5, 10, 32])
torch.Size([76, 5, 10, 32])
torch.Size([512, 5, 10, 32])
torch.Size([512, 5, 10, 32])
torch.Size([76, 5, 10, 32])
📊 Reward: -43.369 | Loss: -0.007
⏱ Iter 548 done | 🕒 IterTime: 2.23s | 🕘 Elapsed: 990.7s | ⏳ ETA: 13.6 min
🧠 Iteration 549 | Getting state...
⚙️ Scheduling...
✅ Schedule completed.
🔍 Verifying schedule...
📈 Updating policy...
torch.Size([512, 5, 10, 32])
torch.Size([512, 5, 10, 32])
torch.Size([76, 5, 10, 32])
torch.Size([512, 5, 10, 32])
torch.Size([512, 5, 10, 32])
torch.Size([76, 5, 10, 32])
torch.Size([512, 5, 10, 32])
torch.Size([512, 5, 10, 32])
torch.Size([76, 5, 10, 32])
📊 Reward: -43.819 | Loss: 0.034
⏱ Iter 549 done | 🕒 IterTime: 2.27s | 🕘 Elapsed: 993.0s | ⏳ ETA: 13.6 min
🧠 Iteration 550 | Getting state...
⚙️ Scheduling...
✅ Schedule completed.
🔍 Verifying schedule...
📈 Updating policy...
torch.Size([512, 5, 10, 32])
torch.Size([512, 5, 10, 32])
torch.Size([76, 5, 10, 32])
torch.Size([512, 5, 10, 32])
torch.Size([512, 5, 10, 32])
torch.Size([76, 5, 10, 32])
torch.Size([512, 5, 10, 32])
torch.Size([512, 5, 10, 32])
torch.Size([76, 5, 10, 32])
📊 Reward: -43.519 | Loss: 0.052

🧪 Validating policy...
There are 100 dev instances.
validating time:  1.7269246578216553 

⏱ Iter 550 done | 🕒 IterTime: 3.93s | 🕘 Elapsed: 997.0s | ⏳ ETA: 13.6 min
🧠 Iteration 551 | Getting state...
⚙️ Scheduling...
✅ Schedule completed.
🔍 Verifying schedule...
📈 Updating policy...
torch.Size([512, 5, 10, 32])
torch.Size([512, 5, 10, 32])
torch.Size([76, 5, 10, 32])
torch.Size([512, 5, 10, 32])
torch.Size([512, 5, 10, 32])
torch.Size([76, 5, 10, 32])
torch.Size([512, 5, 10, 32])
torch.Size([512, 5, 10, 32])
torch.Size([76, 5, 10, 32])
📊 Reward: -46.719 | Loss: -0.010
⏱ Iter 551 done | 🕒 IterTime: 2.23s | 🕘 Elapsed: 999.2s | ⏳ ETA: 13.6 min
🧠 Iteration 552 | Getting state...
⚙️ Scheduling...
✅ Schedule completed.
🔍 Verifying schedule...
📈 Updating policy...
torch.Size([512, 5, 10, 32])
torch.Size([512, 5, 10, 32])
torch.Size([76, 5, 10, 32])
torch.Size([512, 5, 10, 32])
torch.Size([512, 5, 10, 32])
torch.Size([76, 5, 10, 32])
torch.Size([512, 5, 10, 32])
torch.Size([512, 5, 10, 32])
torch.Size([76, 5, 10, 32])
📊 Reward: -43.019 | Loss: 0.052
⏱ Iter 552 done | 🕒 IterTime: 2.35s | 🕘 Elapsed: 1001.5s | ⏳ ETA: 13.5 min
🧠 Iteration 553 | Getting state...
⚙️ Scheduling...
✅ Schedule completed.
🔍 Verifying schedule...
📈 Updating policy...
torch.Size([512, 5, 10, 32])
torch.Size([512, 5, 10, 32])
torch.Size([76, 5, 10, 32])
torch.Size([512, 5, 10, 32])
torch.Size([512, 5, 10, 32])
torch.Size([76, 5, 10, 32])
torch.Size([512, 5, 10, 32])
torch.Size([512, 5, 10, 32])
torch.Size([76, 5, 10, 32])
📊 Reward: -45.769 | Loss: 0.021
⏱ Iter 553 done | 🕒 IterTime: 2.24s | 🕘 Elapsed: 1003.8s | ⏳ ETA: 13.5 min
🧠 Iteration 554 | Getting state...
⚙️ Scheduling...
✅ Schedule completed.
🔍 Verifying schedule...
📈 Updating policy...
torch.Size([512, 5, 10, 32])
torch.Size([512, 5, 10, 32])
torch.Size([76, 5, 10, 32])
torch.Size([512, 5, 10, 32])
torch.Size([512, 5, 10, 32])
torch.Size([76, 5, 10, 32])
torch.Size([512, 5, 10, 32])
torch.Size([512, 5, 10, 32])
torch.Size([76, 5, 10, 32])
📊 Reward: -45.869 | Loss: 0.002
⏱ Iter 554 done | 🕒 IterTime: 2.27s | 🕘 Elapsed: 1006.1s | ⏳ ETA: 13.5 min
🧠 Iteration 555 | Getting state...
⚙️ Scheduling...
✅ Schedule completed.
🔍 Verifying schedule...
📈 Updating policy...
torch.Size([512, 5, 10, 32])
torch.Size([512, 5, 10, 32])
torch.Size([76, 5, 10, 32])
torch.Size([512, 5, 10, 32])
torch.Size([512, 5, 10, 32])
torch.Size([76, 5, 10, 32])
torch.Size([512, 5, 10, 32])
torch.Size([512, 5, 10, 32])
torch.Size([76, 5, 10, 32])
📊 Reward: -44.919 | Loss: 0.067
⏱ Iter 555 done | 🕒 IterTime: 2.29s | 🕘 Elapsed: 1008.3s | ⏳ ETA: 13.5 min
🧠 Iteration 556 | Getting state...
⚙️ Scheduling...
✅ Schedule completed.
🔍 Verifying schedule...
📈 Updating policy...
torch.Size([512, 5, 10, 32])
torch.Size([512, 5, 10, 32])
torch.Size([76, 5, 10, 32])
torch.Size([512, 5, 10, 32])
torch.Size([512, 5, 10, 32])
torch.Size([76, 5, 10, 32])
torch.Size([512, 5, 10, 32])
torch.Size([512, 5, 10, 32])
torch.Size([76, 5, 10, 32])
📊 Reward: -42.719 | Loss: -0.014
⏱ Iter 556 done | 🕒 IterTime: 2.25s | 🕘 Elapsed: 1010.6s | ⏳ ETA: 13.5 min
🧠 Iteration 557 | Getting state...
⚙️ Scheduling...
✅ Schedule completed.
🔍 Verifying schedule...
📈 Updating policy...
torch.Size([512, 5, 10, 32])
torch.Size([512, 5, 10, 32])
torch.Size([76, 5, 10, 32])
torch.Size([512, 5, 10, 32])
torch.Size([512, 5, 10, 32])
torch.Size([76, 5, 10, 32])
torch.Size([512, 5, 10, 32])
torch.Size([512, 5, 10, 32])
torch.Size([76, 5, 10, 32])
📊 Reward: -44.119 | Loss: 0.055
⏱ Iter 557 done | 🕒 IterTime: 2.18s | 🕘 Elapsed: 1012.8s | ⏳ ETA: 13.4 min
🧠 Iteration 558 | Getting state...
⚙️ Scheduling...
✅ Schedule completed.
🔍 Verifying schedule...
📈 Updating policy...
torch.Size([512, 5, 10, 32])
torch.Size([512, 5, 10, 32])
torch.Size([76, 5, 10, 32])
torch.Size([512, 5, 10, 32])
torch.Size([512, 5, 10, 32])
torch.Size([76, 5, 10, 32])
torch.Size([512, 5, 10, 32])
torch.Size([512, 5, 10, 32])
torch.Size([76, 5, 10, 32])
📊 Reward: -45.719 | Loss: 0.067
⏱ Iter 558 done | 🕒 IterTime: 2.11s | 🕘 Elapsed: 1014.9s | ⏳ ETA: 13.4 min
🧠 Iteration 559 | Getting state...
⚙️ Scheduling...
✅ Schedule completed.
🔍 Verifying schedule...
📈 Updating policy...
torch.Size([512, 5, 10, 32])
torch.Size([512, 5, 10, 32])
torch.Size([76, 5, 10, 32])
torch.Size([512, 5, 10, 32])
torch.Size([512, 5, 10, 32])
torch.Size([76, 5, 10, 32])
torch.Size([512, 5, 10, 32])
torch.Size([512, 5, 10, 32])
torch.Size([76, 5, 10, 32])
📊 Reward: -42.419 | Loss: -0.000
⏱ Iter 559 done | 🕒 IterTime: 2.10s | 🕘 Elapsed: 1017.0s | ⏳ ETA: 13.4 min
🧠 Iteration 560 | Getting state...
⚙️ Scheduling...
✅ Schedule completed.
🔍 Verifying schedule...
📈 Updating policy...
torch.Size([512, 5, 10, 32])
torch.Size([512, 5, 10, 32])
torch.Size([76, 5, 10, 32])
torch.Size([512, 5, 10, 32])
torch.Size([512, 5, 10, 32])
torch.Size([76, 5, 10, 32])
torch.Size([512, 5, 10, 32])
torch.Size([512, 5, 10, 32])
torch.Size([76, 5, 10, 32])
📊 Reward: -45.569 | Loss: 0.042

🧪 Validating policy...
There are 100 dev instances.
validating time:  1.7462477684020996 

⏱ Iter 560 done | 🕒 IterTime: 3.83s | 🕘 Elapsed: 1020.8s | ⏳ ETA: 13.4 min
[15:23:12] 🔄 Refreshing training instances...
📦 num_jobs: 10, num_mas: 5, num_opes: 47
🧠 Iteration 561 | Getting state...
⚙️ Scheduling...
✅ Schedule completed.
🔍 Verifying schedule...
📈 Updating policy...
torch.Size([512, 5, 10, 32])
torch.Size([428, 5, 10, 32])
torch.Size([512, 5, 10, 32])
torch.Size([428, 5, 10, 32])
torch.Size([512, 5, 10, 32])
torch.Size([428, 5, 10, 32])
📊 Reward: -29.745 | Loss: 0.068
⏱ Iter 561 done | 🕒 IterTime: 1.59s | 🕘 Elapsed: 1022.4s | ⏳ ETA: 13.3 min
🧠 Iteration 562 | Getting state...
⚙️ Scheduling...
✅ Schedule completed.
🔍 Verifying schedule...
📈 Updating policy...
torch.Size([512, 5, 10, 32])
torch.Size([428, 5, 10, 32])
torch.Size([512, 5, 10, 32])
torch.Size([428, 5, 10, 32])
torch.Size([512, 5, 10, 32])
torch.Size([428, 5, 10, 32])
📊 Reward: -31.045 | Loss: 0.089
⏱ Iter 562 done | 🕒 IterTime: 1.56s | 🕘 Elapsed: 1024.0s | ⏳ ETA: 13.3 min
🧠 Iteration 563 | Getting state...
⚙️ Scheduling...
✅ Schedule completed.
🔍 Verifying schedule...
📈 Updating policy...
torch.Size([512, 5, 10, 32])
torch.Size([428, 5, 10, 32])
torch.Size([512, 5, 10, 32])
torch.Size([428, 5, 10, 32])
torch.Size([512, 5, 10, 32])
torch.Size([428, 5, 10, 32])
📊 Reward: -29.995 | Loss: 0.054
⏱ Iter 563 done | 🕒 IterTime: 1.55s | 🕘 Elapsed: 1025.5s | ⏳ ETA: 13.3 min
🧠 Iteration 564 | Getting state...
⚙️ Scheduling...
✅ Schedule completed.
🔍 Verifying schedule...
📈 Updating policy...
torch.Size([512, 5, 10, 32])
torch.Size([428, 5, 10, 32])
torch.Size([512, 5, 10, 32])
torch.Size([428, 5, 10, 32])
torch.Size([512, 5, 10, 32])
torch.Size([428, 5, 10, 32])
📊 Reward: -27.495 | Loss: 0.053
⏱ Iter 564 done | 🕒 IterTime: 1.51s | 🕘 Elapsed: 1027.0s | ⏳ ETA: 13.2 min
🧠 Iteration 565 | Getting state...
⚙️ Scheduling...
✅ Schedule completed.
🔍 Verifying schedule...
📈 Updating policy...
torch.Size([512, 5, 10, 32])
torch.Size([428, 5, 10, 32])
torch.Size([512, 5, 10, 32])
torch.Size([428, 5, 10, 32])
torch.Size([512, 5, 10, 32])
torch.Size([428, 5, 10, 32])
📊 Reward: -30.145 | Loss: 0.041
⏱ Iter 565 done | 🕒 IterTime: 1.52s | 🕘 Elapsed: 1028.5s | ⏳ ETA: 13.2 min
🧠 Iteration 566 | Getting state...
⚙️ Scheduling...
✅ Schedule completed.
🔍 Verifying schedule...
📈 Updating policy...
torch.Size([512, 5, 10, 32])
torch.Size([428, 5, 10, 32])
torch.Size([512, 5, 10, 32])
torch.Size([428, 5, 10, 32])
torch.Size([512, 5, 10, 32])
torch.Size([428, 5, 10, 32])
📊 Reward: -31.195 | Loss: 0.041
⏱ Iter 566 done | 🕒 IterTime: 1.49s | 🕘 Elapsed: 1030.0s | ⏳ ETA: 13.2 min
🧠 Iteration 567 | Getting state...
⚙️ Scheduling...
✅ Schedule completed.
🔍 Verifying schedule...
📈 Updating policy...
torch.Size([512, 5, 10, 32])
torch.Size([428, 5, 10, 32])
torch.Size([512, 5, 10, 32])
torch.Size([428, 5, 10, 32])
torch.Size([512, 5, 10, 32])
torch.Size([428, 5, 10, 32])
📊 Reward: -29.095 | Loss: 0.059
⏱ Iter 567 done | 🕒 IterTime: 1.46s | 🕘 Elapsed: 1031.5s | ⏳ ETA: 13.1 min
🧠 Iteration 568 | Getting state...
⚙️ Scheduling...
✅ Schedule completed.
🔍 Verifying schedule...
📈 Updating policy...
torch.Size([512, 5, 10, 32])
torch.Size([428, 5, 10, 32])
torch.Size([512, 5, 10, 32])
torch.Size([428, 5, 10, 32])
torch.Size([512, 5, 10, 32])
torch.Size([428, 5, 10, 32])
📊 Reward: -26.945 | Loss: 0.017
⏱ Iter 568 done | 🕒 IterTime: 1.51s | 🕘 Elapsed: 1033.0s | ⏳ ETA: 13.1 min
🧠 Iteration 569 | Getting state...
⚙️ Scheduling...
✅ Schedule completed.
🔍 Verifying schedule...
📈 Updating policy...
torch.Size([512, 5, 10, 32])
torch.Size([428, 5, 10, 32])
torch.Size([512, 5, 10, 32])
torch.Size([428, 5, 10, 32])
torch.Size([512, 5, 10, 32])
torch.Size([428, 5, 10, 32])
📊 Reward: -27.595 | Loss: 0.039
⏱ Iter 569 done | 🕒 IterTime: 1.51s | 🕘 Elapsed: 1034.5s | ⏳ ETA: 13.1 min
🧠 Iteration 570 | Getting state...
⚙️ Scheduling...
✅ Schedule completed.
🔍 Verifying schedule...
📈 Updating policy...
torch.Size([512, 5, 10, 32])
torch.Size([428, 5, 10, 32])
torch.Size([512, 5, 10, 32])
torch.Size([428, 5, 10, 32])
torch.Size([512, 5, 10, 32])
torch.Size([428, 5, 10, 32])
📊 Reward: -29.345 | Loss: 0.121

🧪 Validating policy...
There are 100 dev instances.
validating time:  1.6636981964111328 

⏱ Iter 570 done | 🕒 IterTime: 3.15s | 🕘 Elapsed: 1037.7s | ⏳ ETA: 13.0 min
🧠 Iteration 571 | Getting state...
⚙️ Scheduling...
✅ Schedule completed.
🔍 Verifying schedule...
📈 Updating policy...
torch.Size([512, 5, 10, 32])
torch.Size([428, 5, 10, 32])
torch.Size([512, 5, 10, 32])
torch.Size([428, 5, 10, 32])
torch.Size([512, 5, 10, 32])
torch.Size([428, 5, 10, 32])
📊 Reward: -31.995 | Loss: 0.117
⏱ Iter 571 done | 🕒 IterTime: 1.53s | 🕘 Elapsed: 1039.2s | ⏳ ETA: 13.0 min
🧠 Iteration 572 | Getting state...
⚙️ Scheduling...
✅ Schedule completed.
🔍 Verifying schedule...
📈 Updating policy...
torch.Size([512, 5, 10, 32])
torch.Size([428, 5, 10, 32])
torch.Size([512, 5, 10, 32])
torch.Size([428, 5, 10, 32])
torch.Size([512, 5, 10, 32])
torch.Size([428, 5, 10, 32])
📊 Reward: -29.095 | Loss: 0.076
⏱ Iter 572 done | 🕒 IterTime: 1.52s | 🕘 Elapsed: 1040.7s | ⏳ ETA: 13.0 min
🧠 Iteration 573 | Getting state...
⚙️ Scheduling...
✅ Schedule completed.
🔍 Verifying schedule...
📈 Updating policy...
torch.Size([512, 5, 10, 32])
torch.Size([428, 5, 10, 32])
torch.Size([512, 5, 10, 32])
torch.Size([428, 5, 10, 32])
torch.Size([512, 5, 10, 32])
torch.Size([428, 5, 10, 32])
📊 Reward: -26.095 | Loss: 0.073
⏱ Iter 573 done | 🕒 IterTime: 1.55s | 🕘 Elapsed: 1042.3s | ⏳ ETA: 12.9 min
🧠 Iteration 574 | Getting state...
⚙️ Scheduling...
✅ Schedule completed.
🔍 Verifying schedule...
📈 Updating policy...
torch.Size([512, 5, 10, 32])
torch.Size([428, 5, 10, 32])
torch.Size([512, 5, 10, 32])
torch.Size([428, 5, 10, 32])
torch.Size([512, 5, 10, 32])
torch.Size([428, 5, 10, 32])
📊 Reward: -27.545 | Loss: 0.067
⏱ Iter 574 done | 🕒 IterTime: 1.54s | 🕘 Elapsed: 1043.8s | ⏳ ETA: 12.9 min
🧠 Iteration 575 | Getting state...
⚙️ Scheduling...
✅ Schedule completed.
🔍 Verifying schedule...
📈 Updating policy...
torch.Size([512, 5, 10, 32])
torch.Size([428, 5, 10, 32])
torch.Size([512, 5, 10, 32])
torch.Size([428, 5, 10, 32])
torch.Size([512, 5, 10, 32])
torch.Size([428, 5, 10, 32])
📊 Reward: -28.045 | Loss: 0.109
⏱ Iter 575 done | 🕒 IterTime: 1.54s | 🕘 Elapsed: 1045.4s | ⏳ ETA: 12.9 min
🧠 Iteration 576 | Getting state...
⚙️ Scheduling...
✅ Schedule completed.
🔍 Verifying schedule...
📈 Updating policy...
torch.Size([512, 5, 10, 32])
torch.Size([428, 5, 10, 32])
torch.Size([512, 5, 10, 32])
torch.Size([428, 5, 10, 32])
torch.Size([512, 5, 10, 32])
torch.Size([428, 5, 10, 32])
📊 Reward: -29.745 | Loss: 0.065
⏱ Iter 576 done | 🕒 IterTime: 1.55s | 🕘 Elapsed: 1046.9s | ⏳ ETA: 12.8 min
🧠 Iteration 577 | Getting state...
⚙️ Scheduling...
✅ Schedule completed.
🔍 Verifying schedule...
📈 Updating policy...
torch.Size([512, 5, 10, 32])
torch.Size([428, 5, 10, 32])
torch.Size([512, 5, 10, 32])
torch.Size([428, 5, 10, 32])
torch.Size([512, 5, 10, 32])
torch.Size([428, 5, 10, 32])
📊 Reward: -26.895 | Loss: 0.062
⏱ Iter 577 done | 🕒 IterTime: 1.50s | 🕘 Elapsed: 1048.4s | ⏳ ETA: 12.8 min
🧠 Iteration 578 | Getting state...
⚙️ Scheduling...
✅ Schedule completed.
🔍 Verifying schedule...
📈 Updating policy...
torch.Size([512, 5, 10, 32])
torch.Size([428, 5, 10, 32])
torch.Size([512, 5, 10, 32])
torch.Size([428, 5, 10, 32])
torch.Size([512, 5, 10, 32])
torch.Size([428, 5, 10, 32])
📊 Reward: -29.445 | Loss: 0.078
⏱ Iter 578 done | 🕒 IterTime: 1.50s | 🕘 Elapsed: 1049.9s | ⏳ ETA: 12.8 min
🧠 Iteration 579 | Getting state...
⚙️ Scheduling...
✅ Schedule completed.
🔍 Verifying schedule...
📈 Updating policy...
torch.Size([512, 5, 10, 32])
torch.Size([428, 5, 10, 32])
torch.Size([512, 5, 10, 32])
torch.Size([428, 5, 10, 32])
torch.Size([512, 5, 10, 32])
torch.Size([428, 5, 10, 32])
📊 Reward: -26.595 | Loss: 0.084
⏱ Iter 579 done | 🕒 IterTime: 1.50s | 🕘 Elapsed: 1051.4s | ⏳ ETA: 12.7 min
🧠 Iteration 580 | Getting state...
⚙️ Scheduling...
✅ Schedule completed.
🔍 Verifying schedule...
📈 Updating policy...
torch.Size([512, 5, 10, 32])
torch.Size([428, 5, 10, 32])
torch.Size([512, 5, 10, 32])
torch.Size([428, 5, 10, 32])
torch.Size([512, 5, 10, 32])
torch.Size([428, 5, 10, 32])
📊 Reward: -28.145 | Loss: 0.097

🧪 Validating policy...
There are 100 dev instances.
validating time:  1.6982617378234863 

⏱ Iter 580 done | 🕒 IterTime: 3.19s | 🕘 Elapsed: 1054.6s | ⏳ ETA: 12.7 min
[15:23:45] 🔄 Refreshing training instances...
📦 num_jobs: 10, num_mas: 5, num_opes: 48
🧠 Iteration 581 | Getting state...
⚙️ Scheduling...
✅ Schedule completed.
🔍 Verifying schedule...
📈 Updating policy...
torch.Size([512, 5, 10, 32])
torch.Size([448, 5, 10, 32])
torch.Size([512, 5, 10, 32])
torch.Size([448, 5, 10, 32])
torch.Size([512, 5, 10, 32])
torch.Size([448, 5, 10, 32])
📊 Reward: -37.677 | Loss: 0.042
⏱ Iter 581 done | 🕒 IterTime: 1.62s | 🕘 Elapsed: 1056.2s | ⏳ ETA: 12.7 min
🧠 Iteration 582 | Getting state...
⚙️ Scheduling...
✅ Schedule completed.
🔍 Verifying schedule...
📈 Updating policy...
torch.Size([512, 5, 10, 32])
torch.Size([448, 5, 10, 32])
torch.Size([512, 5, 10, 32])
torch.Size([448, 5, 10, 32])
torch.Size([512, 5, 10, 32])
torch.Size([448, 5, 10, 32])
📊 Reward: -36.627 | Loss: 0.055
⏱ Iter 582 done | 🕒 IterTime: 1.63s | 🕘 Elapsed: 1057.9s | ⏳ ETA: 12.7 min
🧠 Iteration 583 | Getting state...
⚙️ Scheduling...
✅ Schedule completed.
🔍 Verifying schedule...
📈 Updating policy...
torch.Size([512, 5, 10, 32])
torch.Size([448, 5, 10, 32])
torch.Size([512, 5, 10, 32])
torch.Size([448, 5, 10, 32])
torch.Size([512, 5, 10, 32])
torch.Size([448, 5, 10, 32])
📊 Reward: -39.327 | Loss: 0.046
⏱ Iter 583 done | 🕒 IterTime: 1.64s | 🕘 Elapsed: 1059.5s | ⏳ ETA: 12.6 min
🧠 Iteration 584 | Getting state...
⚙️ Scheduling...
✅ Schedule completed.
🔍 Verifying schedule...
📈 Updating policy...
torch.Size([512, 5, 10, 32])
torch.Size([448, 5, 10, 32])
torch.Size([512, 5, 10, 32])
torch.Size([448, 5, 10, 32])
torch.Size([512, 5, 10, 32])
torch.Size([448, 5, 10, 32])
📊 Reward: -37.527 | Loss: 0.041
⏱ Iter 584 done | 🕒 IterTime: 1.58s | 🕘 Elapsed: 1061.1s | ⏳ ETA: 12.6 min
🧠 Iteration 585 | Getting state...
⚙️ Scheduling...
✅ Schedule completed.
🔍 Verifying schedule...
📈 Updating policy...
torch.Size([512, 5, 10, 32])
torch.Size([448, 5, 10, 32])
torch.Size([512, 5, 10, 32])
torch.Size([448, 5, 10, 32])
torch.Size([512, 5, 10, 32])
torch.Size([448, 5, 10, 32])
📊 Reward: -37.877 | Loss: 0.034
⏱ Iter 585 done | 🕒 IterTime: 1.56s | 🕘 Elapsed: 1062.7s | ⏳ ETA: 12.6 min
🧠 Iteration 586 | Getting state...
⚙️ Scheduling...
✅ Schedule completed.
🔍 Verifying schedule...
📈 Updating policy...
torch.Size([512, 5, 10, 32])
torch.Size([448, 5, 10, 32])
torch.Size([512, 5, 10, 32])
torch.Size([448, 5, 10, 32])
torch.Size([512, 5, 10, 32])
torch.Size([448, 5, 10, 32])
📊 Reward: -38.627 | Loss: 0.025
⏱ Iter 586 done | 🕒 IterTime: 1.59s | 🕘 Elapsed: 1064.2s | ⏳ ETA: 12.5 min
🧠 Iteration 587 | Getting state...
⚙️ Scheduling...
✅ Schedule completed.
🔍 Verifying schedule...
📈 Updating policy...
torch.Size([512, 5, 10, 32])
torch.Size([448, 5, 10, 32])
torch.Size([512, 5, 10, 32])
torch.Size([448, 5, 10, 32])
torch.Size([512, 5, 10, 32])
torch.Size([448, 5, 10, 32])
📊 Reward: -38.077 | Loss: 0.059
⏱ Iter 587 done | 🕒 IterTime: 1.60s | 🕘 Elapsed: 1065.9s | ⏳ ETA: 12.5 min
🧠 Iteration 588 | Getting state...
⚙️ Scheduling...
✅ Schedule completed.
🔍 Verifying schedule...
📈 Updating policy...
torch.Size([512, 5, 10, 32])
torch.Size([448, 5, 10, 32])
torch.Size([512, 5, 10, 32])
torch.Size([448, 5, 10, 32])
torch.Size([512, 5, 10, 32])
torch.Size([448, 5, 10, 32])
📊 Reward: -36.477 | Loss: 0.041
⏱ Iter 588 done | 🕒 IterTime: 1.61s | 🕘 Elapsed: 1067.5s | ⏳ ETA: 12.5 min
🧠 Iteration 589 | Getting state...
⚙️ Scheduling...
✅ Schedule completed.
🔍 Verifying schedule...
📈 Updating policy...
torch.Size([512, 5, 10, 32])
torch.Size([448, 5, 10, 32])
torch.Size([512, 5, 10, 32])
torch.Size([448, 5, 10, 32])
torch.Size([512, 5, 10, 32])
torch.Size([448, 5, 10, 32])
📊 Reward: -39.177 | Loss: 0.017
⏱ Iter 589 done | 🕒 IterTime: 1.59s | 🕘 Elapsed: 1069.1s | ⏳ ETA: 12.4 min
🧠 Iteration 590 | Getting state...
⚙️ Scheduling...
✅ Schedule completed.
🔍 Verifying schedule...
📈 Updating policy...
torch.Size([512, 5, 10, 32])
torch.Size([448, 5, 10, 32])
torch.Size([512, 5, 10, 32])
torch.Size([448, 5, 10, 32])
torch.Size([512, 5, 10, 32])
torch.Size([448, 5, 10, 32])
📊 Reward: -37.627 | Loss: 0.030

🧪 Validating policy...
There are 100 dev instances.
validating time:  1.7242467403411865 

⏱ Iter 590 done | 🕒 IterTime: 3.33s | 🕘 Elapsed: 1072.4s | ⏳ ETA: 12.4 min
🧠 Iteration 591 | Getting state...
⚙️ Scheduling...
✅ Schedule completed.
🔍 Verifying schedule...
📈 Updating policy...
torch.Size([512, 5, 10, 32])
torch.Size([448, 5, 10, 32])
torch.Size([512, 5, 10, 32])
torch.Size([448, 5, 10, 32])
torch.Size([512, 5, 10, 32])
torch.Size([448, 5, 10, 32])
📊 Reward: -38.327 | Loss: 0.065
⏱ Iter 591 done | 🕒 IterTime: 1.75s | 🕘 Elapsed: 1074.1s | ⏳ ETA: 12.4 min
🧠 Iteration 592 | Getting state...
⚙️ Scheduling...
✅ Schedule completed.
🔍 Verifying schedule...
📈 Updating policy...
torch.Size([512, 5, 10, 32])
torch.Size([448, 5, 10, 32])
torch.Size([512, 5, 10, 32])
torch.Size([448, 5, 10, 32])
torch.Size([512, 5, 10, 32])
torch.Size([448, 5, 10, 32])
📊 Reward: -39.627 | Loss: 0.015
⏱ Iter 592 done | 🕒 IterTime: 1.61s | 🕘 Elapsed: 1075.8s | ⏳ ETA: 12.4 min
🧠 Iteration 593 | Getting state...
⚙️ Scheduling...
✅ Schedule completed.
🔍 Verifying schedule...
📈 Updating policy...
torch.Size([512, 5, 10, 32])
torch.Size([448, 5, 10, 32])
torch.Size([512, 5, 10, 32])
torch.Size([448, 5, 10, 32])
torch.Size([512, 5, 10, 32])
torch.Size([448, 5, 10, 32])
📊 Reward: -36.677 | Loss: 0.020
⏱ Iter 593 done | 🕒 IterTime: 1.61s | 🕘 Elapsed: 1077.4s | ⏳ ETA: 12.3 min
🧠 Iteration 594 | Getting state...
⚙️ Scheduling...
✅ Schedule completed.
🔍 Verifying schedule...
📈 Updating policy...
torch.Size([512, 5, 10, 32])
torch.Size([448, 5, 10, 32])
torch.Size([512, 5, 10, 32])
torch.Size([448, 5, 10, 32])
torch.Size([512, 5, 10, 32])
torch.Size([448, 5, 10, 32])
📊 Reward: -36.427 | Loss: 0.027
⏱ Iter 594 done | 🕒 IterTime: 1.69s | 🕘 Elapsed: 1079.1s | ⏳ ETA: 12.3 min
🧠 Iteration 595 | Getting state...
⚙️ Scheduling...
✅ Schedule completed.
🔍 Verifying schedule...
📈 Updating policy...
torch.Size([512, 5, 10, 32])
torch.Size([448, 5, 10, 32])
torch.Size([512, 5, 10, 32])
torch.Size([448, 5, 10, 32])
torch.Size([512, 5, 10, 32])
torch.Size([448, 5, 10, 32])
📊 Reward: -37.477 | Loss: 0.003
⏱ Iter 595 done | 🕒 IterTime: 1.60s | 🕘 Elapsed: 1080.6s | ⏳ ETA: 12.3 min
🧠 Iteration 596 | Getting state...
⚙️ Scheduling...
✅ Schedule completed.
🔍 Verifying schedule...
📈 Updating policy...
torch.Size([512, 5, 10, 32])
torch.Size([448, 5, 10, 32])
torch.Size([512, 5, 10, 32])
torch.Size([448, 5, 10, 32])
torch.Size([512, 5, 10, 32])
torch.Size([448, 5, 10, 32])
📊 Reward: -37.427 | Loss: 0.028
⏱ Iter 596 done | 🕒 IterTime: 1.60s | 🕘 Elapsed: 1082.3s | ⏳ ETA: 12.2 min
🧠 Iteration 597 | Getting state...
⚙️ Scheduling...
✅ Schedule completed.
🔍 Verifying schedule...
📈 Updating policy...
torch.Size([512, 5, 10, 32])
torch.Size([448, 5, 10, 32])
torch.Size([512, 5, 10, 32])
torch.Size([448, 5, 10, 32])
torch.Size([512, 5, 10, 32])
torch.Size([448, 5, 10, 32])
📊 Reward: -37.977 | Loss: 0.019
⏱ Iter 597 done | 🕒 IterTime: 1.58s | 🕘 Elapsed: 1083.8s | ⏳ ETA: 12.2 min
🧠 Iteration 598 | Getting state...
⚙️ Scheduling...
✅ Schedule completed.
🔍 Verifying schedule...
📈 Updating policy...
torch.Size([512, 5, 10, 32])
torch.Size([448, 5, 10, 32])
torch.Size([512, 5, 10, 32])
torch.Size([448, 5, 10, 32])
torch.Size([512, 5, 10, 32])
torch.Size([448, 5, 10, 32])
📊 Reward: -35.777 | Loss: 0.018
⏱ Iter 598 done | 🕒 IterTime: 1.60s | 🕘 Elapsed: 1085.4s | ⏳ ETA: 12.2 min
🧠 Iteration 599 | Getting state...
⚙️ Scheduling...
✅ Schedule completed.
🔍 Verifying schedule...
📈 Updating policy...
torch.Size([512, 5, 10, 32])
torch.Size([448, 5, 10, 32])
torch.Size([512, 5, 10, 32])
torch.Size([448, 5, 10, 32])
torch.Size([512, 5, 10, 32])
torch.Size([448, 5, 10, 32])
📊 Reward: -39.227 | Loss: 0.033
⏱ Iter 599 done | 🕒 IterTime: 1.59s | 🕘 Elapsed: 1087.0s | ⏳ ETA: 12.1 min
🧠 Iteration 600 | Getting state...
⚙️ Scheduling...
✅ Schedule completed.
🔍 Verifying schedule...
📈 Updating policy...
torch.Size([512, 5, 10, 32])
torch.Size([448, 5, 10, 32])
torch.Size([512, 5, 10, 32])
torch.Size([448, 5, 10, 32])
torch.Size([512, 5, 10, 32])
torch.Size([448, 5, 10, 32])
📊 Reward: -36.727 | Loss: 0.050

🧪 Validating policy...
There are 100 dev instances.
validating time:  1.7317118644714355 

⏱ Iter 600 done | 🕒 IterTime: 3.35s | 🕘 Elapsed: 1090.4s | ⏳ ETA: 12.1 min
[15:24:21] 🔄 Refreshing training instances...
📦 num_jobs: 10, num_mas: 5, num_opes: 50
🧠 Iteration 601 | Getting state...
⚙️ Scheduling...
✅ Schedule completed.
🔍 Verifying schedule...
📈 Updating policy...
torch.Size([512, 5, 10, 32])
torch.Size([488, 5, 10, 32])
torch.Size([512, 5, 10, 32])
torch.Size([488, 5, 10, 32])
torch.Size([512, 5, 10, 32])
torch.Size([488, 5, 10, 32])
📊 Reward: -37.165 | Loss: 0.038
⏱ Iter 601 done | 🕒 IterTime: 1.80s | 🕘 Elapsed: 1092.2s | ⏳ ETA: 12.1 min
🧠 Iteration 602 | Getting state...
⚙️ Scheduling...
✅ Schedule completed.
🔍 Verifying schedule...
📈 Updating policy...
torch.Size([512, 5, 10, 32])
torch.Size([488, 5, 10, 32])
torch.Size([512, 5, 10, 32])
torch.Size([488, 5, 10, 32])
torch.Size([512, 5, 10, 32])
torch.Size([488, 5, 10, 32])
📊 Reward: -38.865 | Loss: 0.013
⏱ Iter 602 done | 🕒 IterTime: 1.67s | 🕘 Elapsed: 1093.8s | ⏳ ETA: 12.1 min
🧠 Iteration 603 | Getting state...
⚙️ Scheduling...
✅ Schedule completed.
🔍 Verifying schedule...
📈 Updating policy...
torch.Size([512, 5, 10, 32])
torch.Size([488, 5, 10, 32])
torch.Size([512, 5, 10, 32])
torch.Size([488, 5, 10, 32])
torch.Size([512, 5, 10, 32])
torch.Size([488, 5, 10, 32])
📊 Reward: -37.165 | Loss: 0.011
⏱ Iter 603 done | 🕒 IterTime: 1.69s | 🕘 Elapsed: 1095.5s | ⏳ ETA: 12.0 min
🧠 Iteration 604 | Getting state...
⚙️ Scheduling...
✅ Schedule completed.
🔍 Verifying schedule...
📈 Updating policy...
torch.Size([512, 5, 10, 32])
torch.Size([488, 5, 10, 32])
torch.Size([512, 5, 10, 32])
torch.Size([488, 5, 10, 32])
torch.Size([512, 5, 10, 32])
torch.Size([488, 5, 10, 32])
📊 Reward: -37.165 | Loss: 0.028
⏱ Iter 604 done | 🕒 IterTime: 1.69s | 🕘 Elapsed: 1097.2s | ⏳ ETA: 12.0 min
🧠 Iteration 605 | Getting state...
⚙️ Scheduling...
✅ Schedule completed.
🔍 Verifying schedule...
📈 Updating policy...
torch.Size([512, 5, 10, 32])
torch.Size([488, 5, 10, 32])
torch.Size([512, 5, 10, 32])
torch.Size([488, 5, 10, 32])
torch.Size([512, 5, 10, 32])
torch.Size([488, 5, 10, 32])
📊 Reward: -38.815 | Loss: 0.050
⏱ Iter 605 done | 🕒 IterTime: 1.69s | 🕘 Elapsed: 1098.9s | ⏳ ETA: 12.0 min
🧠 Iteration 606 | Getting state...
⚙️ Scheduling...
✅ Schedule completed.
🔍 Verifying schedule...
📈 Updating policy...
torch.Size([512, 5, 10, 32])
torch.Size([488, 5, 10, 32])
torch.Size([512, 5, 10, 32])
torch.Size([488, 5, 10, 32])
torch.Size([512, 5, 10, 32])
torch.Size([488, 5, 10, 32])
📊 Reward: -35.315 | Loss: 0.035
⏱ Iter 606 done | 🕒 IterTime: 1.72s | 🕘 Elapsed: 1100.6s | ⏳ ETA: 11.9 min
🧠 Iteration 607 | Getting state...
⚙️ Scheduling...
✅ Schedule completed.
🔍 Verifying schedule...
📈 Updating policy...
torch.Size([512, 5, 10, 32])
torch.Size([488, 5, 10, 32])
torch.Size([512, 5, 10, 32])
torch.Size([488, 5, 10, 32])
torch.Size([512, 5, 10, 32])
torch.Size([488, 5, 10, 32])
📊 Reward: -38.765 | Loss: 0.061
⏱ Iter 607 done | 🕒 IterTime: 1.68s | 🕘 Elapsed: 1102.3s | ⏳ ETA: 11.9 min
🧠 Iteration 608 | Getting state...
⚙️ Scheduling...
✅ Schedule completed.
🔍 Verifying schedule...
📈 Updating policy...
torch.Size([512, 5, 10, 32])
torch.Size([488, 5, 10, 32])
torch.Size([512, 5, 10, 32])
torch.Size([488, 5, 10, 32])
torch.Size([512, 5, 10, 32])
torch.Size([488, 5, 10, 32])
📊 Reward: -36.215 | Loss: 0.019
⏱ Iter 608 done | 🕒 IterTime: 1.65s | 🕘 Elapsed: 1103.9s | ⏳ ETA: 11.9 min
🧠 Iteration 609 | Getting state...
⚙️ Scheduling...
✅ Schedule completed.
🔍 Verifying schedule...
📈 Updating policy...
torch.Size([512, 5, 10, 32])
torch.Size([488, 5, 10, 32])
torch.Size([512, 5, 10, 32])
torch.Size([488, 5, 10, 32])
torch.Size([512, 5, 10, 32])
torch.Size([488, 5, 10, 32])
📊 Reward: -36.215 | Loss: 0.061
⏱ Iter 609 done | 🕒 IterTime: 1.77s | 🕘 Elapsed: 1105.7s | ⏳ ETA: 11.8 min
🧠 Iteration 610 | Getting state...
⚙️ Scheduling...
✅ Schedule completed.
🔍 Verifying schedule...
📈 Updating policy...
torch.Size([512, 5, 10, 32])
torch.Size([488, 5, 10, 32])
torch.Size([512, 5, 10, 32])
torch.Size([488, 5, 10, 32])
torch.Size([512, 5, 10, 32])
torch.Size([488, 5, 10, 32])
📊 Reward: -37.515 | Loss: 0.035

🧪 Validating policy...
There are 100 dev instances.
validating time:  1.8087804317474365 

⏱ Iter 610 done | 🕒 IterTime: 3.68s | 🕘 Elapsed: 1109.4s | ⏳ ETA: 11.8 min
🧠 Iteration 611 | Getting state...
⚙️ Scheduling...
✅ Schedule completed.
🔍 Verifying schedule...
📈 Updating policy...
torch.Size([512, 5, 10, 32])
torch.Size([488, 5, 10, 32])
torch.Size([512, 5, 10, 32])
torch.Size([488, 5, 10, 32])
torch.Size([512, 5, 10, 32])
torch.Size([488, 5, 10, 32])
📊 Reward: -36.565 | Loss: 0.011
⏱ Iter 611 done | 🕒 IterTime: 1.82s | 🕘 Elapsed: 1111.2s | ⏳ ETA: 11.8 min
🧠 Iteration 612 | Getting state...
⚙️ Scheduling...
✅ Schedule completed.
🔍 Verifying schedule...
📈 Updating policy...
torch.Size([512, 5, 10, 32])
torch.Size([488, 5, 10, 32])
torch.Size([512, 5, 10, 32])
torch.Size([488, 5, 10, 32])
torch.Size([512, 5, 10, 32])
torch.Size([488, 5, 10, 32])
📊 Reward: -38.065 | Loss: 0.026
⏱ Iter 612 done | 🕒 IterTime: 1.81s | 🕘 Elapsed: 1113.0s | ⏳ ETA: 11.8 min
🧠 Iteration 613 | Getting state...
⚙️ Scheduling...
✅ Schedule completed.
🔍 Verifying schedule...
📈 Updating policy...
torch.Size([512, 5, 10, 32])
torch.Size([488, 5, 10, 32])
torch.Size([512, 5, 10, 32])
torch.Size([488, 5, 10, 32])
torch.Size([512, 5, 10, 32])
torch.Size([488, 5, 10, 32])
📊 Reward: -35.815 | Loss: 0.034
⏱ Iter 613 done | 🕒 IterTime: 1.78s | 🕘 Elapsed: 1114.8s | ⏳ ETA: 11.7 min
🧠 Iteration 614 | Getting state...
⚙️ Scheduling...
✅ Schedule completed.
🔍 Verifying schedule...
📈 Updating policy...
torch.Size([512, 5, 10, 32])
torch.Size([488, 5, 10, 32])
torch.Size([512, 5, 10, 32])
torch.Size([488, 5, 10, 32])
torch.Size([512, 5, 10, 32])
torch.Size([488, 5, 10, 32])
📊 Reward: -37.115 | Loss: 0.067
⏱ Iter 614 done | 🕒 IterTime: 1.69s | 🕘 Elapsed: 1116.5s | ⏳ ETA: 11.7 min
🧠 Iteration 615 | Getting state...
⚙️ Scheduling...
✅ Schedule completed.
🔍 Verifying schedule...
📈 Updating policy...
torch.Size([512, 5, 10, 32])
torch.Size([488, 5, 10, 32])
torch.Size([512, 5, 10, 32])
torch.Size([488, 5, 10, 32])
torch.Size([512, 5, 10, 32])
torch.Size([488, 5, 10, 32])
📊 Reward: -35.915 | Loss: 0.043
⏱ Iter 615 done | 🕒 IterTime: 1.76s | 🕘 Elapsed: 1118.3s | ⏳ ETA: 11.7 min
🧠 Iteration 616 | Getting state...
⚙️ Scheduling...
✅ Schedule completed.
🔍 Verifying schedule...
📈 Updating policy...
torch.Size([512, 5, 10, 32])
torch.Size([488, 5, 10, 32])
torch.Size([512, 5, 10, 32])
torch.Size([488, 5, 10, 32])
torch.Size([512, 5, 10, 32])
torch.Size([488, 5, 10, 32])
📊 Reward: -35.965 | Loss: 0.012
⏱ Iter 616 done | 🕒 IterTime: 1.73s | 🕘 Elapsed: 1120.0s | ⏳ ETA: 11.6 min
🧠 Iteration 617 | Getting state...
⚙️ Scheduling...
✅ Schedule completed.
🔍 Verifying schedule...
📈 Updating policy...
torch.Size([512, 5, 10, 32])
torch.Size([488, 5, 10, 32])
torch.Size([512, 5, 10, 32])
torch.Size([488, 5, 10, 32])
torch.Size([512, 5, 10, 32])
torch.Size([488, 5, 10, 32])
📊 Reward: -37.265 | Loss: 0.026
⏱ Iter 617 done | 🕒 IterTime: 1.78s | 🕘 Elapsed: 1121.8s | ⏳ ETA: 11.6 min
🧠 Iteration 618 | Getting state...
⚙️ Scheduling...
✅ Schedule completed.
🔍 Verifying schedule...
📈 Updating policy...
torch.Size([512, 5, 10, 32])
torch.Size([488, 5, 10, 32])
torch.Size([512, 5, 10, 32])
torch.Size([488, 5, 10, 32])
torch.Size([512, 5, 10, 32])
torch.Size([488, 5, 10, 32])
📊 Reward: -35.915 | Loss: 0.087
⏱ Iter 618 done | 🕒 IterTime: 1.69s | 🕘 Elapsed: 1123.5s | ⏳ ETA: 11.6 min
🧠 Iteration 619 | Getting state...
⚙️ Scheduling...
✅ Schedule completed.
🔍 Verifying schedule...
📈 Updating policy...
torch.Size([512, 5, 10, 32])
torch.Size([488, 5, 10, 32])
torch.Size([512, 5, 10, 32])
torch.Size([488, 5, 10, 32])
torch.Size([512, 5, 10, 32])
torch.Size([488, 5, 10, 32])
📊 Reward: -36.415 | Loss: 0.058
⏱ Iter 619 done | 🕒 IterTime: 1.79s | 🕘 Elapsed: 1125.2s | ⏳ ETA: 11.5 min
🧠 Iteration 620 | Getting state...
⚙️ Scheduling...
✅ Schedule completed.
🔍 Verifying schedule...
📈 Updating policy...
torch.Size([512, 5, 10, 32])
torch.Size([488, 5, 10, 32])
torch.Size([512, 5, 10, 32])
torch.Size([488, 5, 10, 32])
torch.Size([512, 5, 10, 32])
torch.Size([488, 5, 10, 32])
📊 Reward: -36.065 | Loss: 0.047

🧪 Validating policy...
There are 100 dev instances.
validating time:  1.8514702320098877 

⏱ Iter 620 done | 🕒 IterTime: 3.65s | 🕘 Elapsed: 1128.9s | ⏳ ETA: 11.5 min
[15:25:00] 🔄 Refreshing training instances...
📦 num_jobs: 10, num_mas: 5, num_opes: 55
🧠 Iteration 621 | Getting state...
⚙️ Scheduling...
✅ Schedule completed.
🔍 Verifying schedule...
📈 Updating policy...
torch.Size([512, 5, 10, 32])
torch.Size([512, 5, 10, 32])
torch.Size([76, 5, 10, 32])
torch.Size([512, 5, 10, 32])
torch.Size([512, 5, 10, 32])
torch.Size([76, 5, 10, 32])
torch.Size([512, 5, 10, 32])
torch.Size([512, 5, 10, 32])
torch.Size([76, 5, 10, 32])
📊 Reward: -47.476 | Loss: 0.071
⏱ Iter 621 done | 🕒 IterTime: 2.36s | 🕘 Elapsed: 1131.3s | ⏳ ETA: 11.5 min
🧠 Iteration 622 | Getting state...
⚙️ Scheduling...
✅ Schedule completed.
🔍 Verifying schedule...
📈 Updating policy...
torch.Size([512, 5, 10, 32])
torch.Size([512, 5, 10, 32])
torch.Size([76, 5, 10, 32])
torch.Size([512, 5, 10, 32])
torch.Size([512, 5, 10, 32])
torch.Size([76, 5, 10, 32])
torch.Size([512, 5, 10, 32])
torch.Size([512, 5, 10, 32])
torch.Size([76, 5, 10, 32])
📊 Reward: -50.326 | Loss: 0.002
⏱ Iter 622 done | 🕒 IterTime: 2.32s | 🕘 Elapsed: 1133.6s | ⏳ ETA: 11.5 min
🧠 Iteration 623 | Getting state...
⚙️ Scheduling...
✅ Schedule completed.
🔍 Verifying schedule...
📈 Updating policy...
torch.Size([512, 5, 10, 32])
torch.Size([512, 5, 10, 32])
torch.Size([76, 5, 10, 32])
torch.Size([512, 5, 10, 32])
torch.Size([512, 5, 10, 32])
torch.Size([76, 5, 10, 32])
torch.Size([512, 5, 10, 32])
torch.Size([512, 5, 10, 32])
torch.Size([76, 5, 10, 32])
📊 Reward: -46.576 | Loss: 0.015
⏱ Iter 623 done | 🕒 IterTime: 2.29s | 🕘 Elapsed: 1135.9s | ⏳ ETA: 11.5 min
🧠 Iteration 624 | Getting state...
⚙️ Scheduling...
✅ Schedule completed.
🔍 Verifying schedule...
📈 Updating policy...
torch.Size([512, 5, 10, 32])
torch.Size([512, 5, 10, 32])
torch.Size([76, 5, 10, 32])
torch.Size([512, 5, 10, 32])
torch.Size([512, 5, 10, 32])
torch.Size([76, 5, 10, 32])
torch.Size([512, 5, 10, 32])
torch.Size([512, 5, 10, 32])
torch.Size([76, 5, 10, 32])
📊 Reward: -45.576 | Loss: 0.058
⏱ Iter 624 done | 🕒 IterTime: 2.29s | 🕘 Elapsed: 1138.2s | ⏳ ETA: 11.4 min
🧠 Iteration 625 | Getting state...
⚙️ Scheduling...
✅ Schedule completed.
🔍 Verifying schedule...
📈 Updating policy...
torch.Size([512, 5, 10, 32])
torch.Size([512, 5, 10, 32])
torch.Size([76, 5, 10, 32])
torch.Size([512, 5, 10, 32])
torch.Size([512, 5, 10, 32])
torch.Size([76, 5, 10, 32])
torch.Size([512, 5, 10, 32])
torch.Size([512, 5, 10, 32])
torch.Size([76, 5, 10, 32])
📊 Reward: -48.876 | Loss: -0.005
⏱ Iter 625 done | 🕒 IterTime: 2.29s | 🕘 Elapsed: 1140.4s | ⏳ ETA: 11.4 min
🧠 Iteration 626 | Getting state...
⚙️ Scheduling...
✅ Schedule completed.
🔍 Verifying schedule...
📈 Updating policy...
torch.Size([512, 5, 10, 32])
torch.Size([512, 5, 10, 32])
torch.Size([76, 5, 10, 32])
torch.Size([512, 5, 10, 32])
torch.Size([512, 5, 10, 32])
torch.Size([76, 5, 10, 32])
torch.Size([512, 5, 10, 32])
torch.Size([512, 5, 10, 32])
torch.Size([76, 5, 10, 32])
📊 Reward: -48.426 | Loss: 0.045
⏱ Iter 626 done | 🕒 IterTime: 2.18s | 🕘 Elapsed: 1142.6s | ⏳ ETA: 11.4 min
🧠 Iteration 627 | Getting state...
⚙️ Scheduling...
✅ Schedule completed.
🔍 Verifying schedule...
📈 Updating policy...
torch.Size([512, 5, 10, 32])
torch.Size([512, 5, 10, 32])
torch.Size([76, 5, 10, 32])
torch.Size([512, 5, 10, 32])
torch.Size([512, 5, 10, 32])
torch.Size([76, 5, 10, 32])
torch.Size([512, 5, 10, 32])
torch.Size([512, 5, 10, 32])
torch.Size([76, 5, 10, 32])
📊 Reward: -48.326 | Loss: 0.098
⏱ Iter 627 done | 🕒 IterTime: 2.39s | 🕘 Elapsed: 1145.0s | ⏳ ETA: 11.4 min
🧠 Iteration 628 | Getting state...
⚙️ Scheduling...
✅ Schedule completed.
🔍 Verifying schedule...
📈 Updating policy...
torch.Size([512, 5, 10, 32])
torch.Size([512, 5, 10, 32])
torch.Size([76, 5, 10, 32])
torch.Size([512, 5, 10, 32])
torch.Size([512, 5, 10, 32])
torch.Size([76, 5, 10, 32])
torch.Size([512, 5, 10, 32])
torch.Size([512, 5, 10, 32])
torch.Size([76, 5, 10, 32])
📊 Reward: -48.176 | Loss: -0.006
⏱ Iter 628 done | 🕒 IterTime: 2.15s | 🕘 Elapsed: 1147.2s | ⏳ ETA: 11.3 min
🧠 Iteration 629 | Getting state...
⚙️ Scheduling...
✅ Schedule completed.
🔍 Verifying schedule...
📈 Updating policy...
torch.Size([512, 5, 10, 32])
torch.Size([512, 5, 10, 32])
torch.Size([76, 5, 10, 32])
torch.Size([512, 5, 10, 32])
torch.Size([512, 5, 10, 32])
torch.Size([76, 5, 10, 32])
torch.Size([512, 5, 10, 32])
torch.Size([512, 5, 10, 32])
torch.Size([76, 5, 10, 32])
📊 Reward: -49.326 | Loss: 0.029
⏱ Iter 629 done | 🕒 IterTime: 2.16s | 🕘 Elapsed: 1149.3s | ⏳ ETA: 11.3 min
🧠 Iteration 630 | Getting state...
⚙️ Scheduling...
✅ Schedule completed.
🔍 Verifying schedule...
📈 Updating policy...
torch.Size([512, 5, 10, 32])
torch.Size([512, 5, 10, 32])
torch.Size([76, 5, 10, 32])
torch.Size([512, 5, 10, 32])
torch.Size([512, 5, 10, 32])
torch.Size([76, 5, 10, 32])
torch.Size([512, 5, 10, 32])
torch.Size([512, 5, 10, 32])
torch.Size([76, 5, 10, 32])
📊 Reward: -48.026 | Loss: 0.039

🧪 Validating policy...
There are 100 dev instances.
validating time:  1.6801881790161133 

⏱ Iter 630 done | 🕒 IterTime: 3.91s | 🕘 Elapsed: 1153.2s | ⏳ ETA: 11.3 min
🧠 Iteration 631 | Getting state...
⚙️ Scheduling...
✅ Schedule completed.
🔍 Verifying schedule...
📈 Updating policy...
torch.Size([512, 5, 10, 32])
torch.Size([512, 5, 10, 32])
torch.Size([76, 5, 10, 32])
torch.Size([512, 5, 10, 32])
torch.Size([512, 5, 10, 32])
torch.Size([76, 5, 10, 32])
torch.Size([512, 5, 10, 32])
torch.Size([512, 5, 10, 32])
torch.Size([76, 5, 10, 32])
📊 Reward: -46.976 | Loss: -0.024
⏱ Iter 631 done | 🕒 IterTime: 2.25s | 🕘 Elapsed: 1155.5s | ⏳ ETA: 11.3 min
🧠 Iteration 632 | Getting state...
⚙️ Scheduling...
✅ Schedule completed.
🔍 Verifying schedule...
📈 Updating policy...
torch.Size([512, 5, 10, 32])
torch.Size([512, 5, 10, 32])
torch.Size([76, 5, 10, 32])
torch.Size([512, 5, 10, 32])
torch.Size([512, 5, 10, 32])
torch.Size([76, 5, 10, 32])
torch.Size([512, 5, 10, 32])
torch.Size([512, 5, 10, 32])
torch.Size([76, 5, 10, 32])
📊 Reward: -47.326 | Loss: 0.078
⏱ Iter 632 done | 🕒 IterTime: 2.22s | 🕘 Elapsed: 1157.7s | ⏳ ETA: 11.2 min
🧠 Iteration 633 | Getting state...
⚙️ Scheduling...
✅ Schedule completed.
🔍 Verifying schedule...
📈 Updating policy...
torch.Size([512, 5, 10, 32])
torch.Size([512, 5, 10, 32])
torch.Size([76, 5, 10, 32])
torch.Size([512, 5, 10, 32])
torch.Size([512, 5, 10, 32])
torch.Size([76, 5, 10, 32])
torch.Size([512, 5, 10, 32])
torch.Size([512, 5, 10, 32])
torch.Size([76, 5, 10, 32])
📊 Reward: -46.776 | Loss: 0.006
⏱ Iter 633 done | 🕒 IterTime: 2.16s | 🕘 Elapsed: 1159.9s | ⏳ ETA: 11.2 min
🧠 Iteration 634 | Getting state...
⚙️ Scheduling...
✅ Schedule completed.
🔍 Verifying schedule...
📈 Updating policy...
torch.Size([512, 5, 10, 32])
torch.Size([512, 5, 10, 32])
torch.Size([76, 5, 10, 32])
torch.Size([512, 5, 10, 32])
torch.Size([512, 5, 10, 32])
torch.Size([76, 5, 10, 32])
torch.Size([512, 5, 10, 32])
torch.Size([512, 5, 10, 32])
torch.Size([76, 5, 10, 32])
📊 Reward: -46.776 | Loss: 0.029
⏱ Iter 634 done | 🕒 IterTime: 2.25s | 🕘 Elapsed: 1162.1s | ⏳ ETA: 11.2 min
🧠 Iteration 635 | Getting state...
⚙️ Scheduling...
✅ Schedule completed.
🔍 Verifying schedule...
📈 Updating policy...
torch.Size([512, 5, 10, 32])
torch.Size([512, 5, 10, 32])
torch.Size([76, 5, 10, 32])
torch.Size([512, 5, 10, 32])
torch.Size([512, 5, 10, 32])
torch.Size([76, 5, 10, 32])
torch.Size([512, 5, 10, 32])
torch.Size([512, 5, 10, 32])
torch.Size([76, 5, 10, 32])
📊 Reward: -49.226 | Loss: -0.007
⏱ Iter 635 done | 🕒 IterTime: 2.24s | 🕘 Elapsed: 1164.4s | ⏳ ETA: 11.2 min
🧠 Iteration 636 | Getting state...
⚙️ Scheduling...
✅ Schedule completed.
🔍 Verifying schedule...
📈 Updating policy...
torch.Size([512, 5, 10, 32])
torch.Size([512, 5, 10, 32])
torch.Size([76, 5, 10, 32])
torch.Size([512, 5, 10, 32])
torch.Size([512, 5, 10, 32])
torch.Size([76, 5, 10, 32])
torch.Size([512, 5, 10, 32])
torch.Size([512, 5, 10, 32])
torch.Size([76, 5, 10, 32])
📊 Reward: -48.126 | Loss: -0.007
⏱ Iter 636 done | 🕒 IterTime: 2.26s | 🕘 Elapsed: 1166.6s | ⏳ ETA: 11.1 min
🧠 Iteration 637 | Getting state...
⚙️ Scheduling...
✅ Schedule completed.
🔍 Verifying schedule...
📈 Updating policy...
torch.Size([512, 5, 10, 32])
torch.Size([512, 5, 10, 32])
torch.Size([76, 5, 10, 32])
torch.Size([512, 5, 10, 32])
torch.Size([512, 5, 10, 32])
torch.Size([76, 5, 10, 32])
torch.Size([512, 5, 10, 32])
torch.Size([512, 5, 10, 32])
torch.Size([76, 5, 10, 32])
📊 Reward: -47.576 | Loss: 0.052
⏱ Iter 637 done | 🕒 IterTime: 2.19s | 🕘 Elapsed: 1168.8s | ⏳ ETA: 11.1 min
🧠 Iteration 638 | Getting state...
⚙️ Scheduling...
✅ Schedule completed.
🔍 Verifying schedule...
📈 Updating policy...
torch.Size([512, 5, 10, 32])
torch.Size([512, 5, 10, 32])
torch.Size([76, 5, 10, 32])
torch.Size([512, 5, 10, 32])
torch.Size([512, 5, 10, 32])
torch.Size([76, 5, 10, 32])
torch.Size([512, 5, 10, 32])
torch.Size([512, 5, 10, 32])
torch.Size([76, 5, 10, 32])
📊 Reward: -46.426 | Loss: 0.010
⏱ Iter 638 done | 🕒 IterTime: 2.19s | 🕘 Elapsed: 1171.0s | ⏳ ETA: 11.1 min
🧠 Iteration 639 | Getting state...
⚙️ Scheduling...
✅ Schedule completed.
🔍 Verifying schedule...
📈 Updating policy...
torch.Size([512, 5, 10, 32])
torch.Size([512, 5, 10, 32])
torch.Size([76, 5, 10, 32])
torch.Size([512, 5, 10, 32])
torch.Size([512, 5, 10, 32])
torch.Size([76, 5, 10, 32])
torch.Size([512, 5, 10, 32])
torch.Size([512, 5, 10, 32])
torch.Size([76, 5, 10, 32])
📊 Reward: -45.076 | Loss: 0.079
⏱ Iter 639 done | 🕒 IterTime: 2.29s | 🕘 Elapsed: 1173.3s | ⏳ ETA: 11.0 min
🧠 Iteration 640 | Getting state...
⚙️ Scheduling...
✅ Schedule completed.
🔍 Verifying schedule...
📈 Updating policy...
torch.Size([512, 5, 10, 32])
torch.Size([512, 5, 10, 32])
torch.Size([76, 5, 10, 32])
torch.Size([512, 5, 10, 32])
torch.Size([512, 5, 10, 32])
torch.Size([76, 5, 10, 32])
torch.Size([512, 5, 10, 32])
torch.Size([512, 5, 10, 32])
torch.Size([76, 5, 10, 32])
📊 Reward: -46.626 | Loss: -0.002

🧪 Validating policy...
There are 100 dev instances.
validating time:  1.8239736557006836 

⏱ Iter 640 done | 🕒 IterTime: 4.07s | 🕘 Elapsed: 1177.4s | ⏳ ETA: 11.0 min
[15:25:48] 🔄 Refreshing training instances...
📦 num_jobs: 10, num_mas: 5, num_opes: 44
🧠 Iteration 641 | Getting state...
⚙️ Scheduling...
✅ Schedule completed.
🔍 Verifying schedule...
📈 Updating policy...
torch.Size([512, 5, 10, 32])
torch.Size([368, 5, 10, 32])
torch.Size([512, 5, 10, 32])
torch.Size([368, 5, 10, 32])
torch.Size([512, 5, 10, 32])
torch.Size([368, 5, 10, 32])
📊 Reward: -34.125 | Loss: 0.055
⏱ Iter 641 done | 🕒 IterTime: 1.54s | 🕘 Elapsed: 1178.9s | ⏳ ETA: 11.0 min
🧠 Iteration 642 | Getting state...
⚙️ Scheduling...
✅ Schedule completed.
🔍 Verifying schedule...
📈 Updating policy...
torch.Size([512, 5, 10, 32])
torch.Size([368, 5, 10, 32])
torch.Size([512, 5, 10, 32])
torch.Size([368, 5, 10, 32])
torch.Size([512, 5, 10, 32])
torch.Size([368, 5, 10, 32])
📊 Reward: -35.075 | Loss: 0.025
⏱ Iter 642 done | 🕒 IterTime: 1.42s | 🕘 Elapsed: 1180.3s | ⏳ ETA: 11.0 min
🧠 Iteration 643 | Getting state...
⚙️ Scheduling...
✅ Schedule completed.
🔍 Verifying schedule...
📈 Updating policy...
torch.Size([512, 5, 10, 32])
torch.Size([368, 5, 10, 32])
torch.Size([512, 5, 10, 32])
torch.Size([368, 5, 10, 32])
torch.Size([512, 5, 10, 32])
torch.Size([368, 5, 10, 32])
📊 Reward: -31.325 | Loss: 0.025
⏱ Iter 643 done | 🕒 IterTime: 1.47s | 🕘 Elapsed: 1181.8s | ⏳ ETA: 10.9 min
🧠 Iteration 644 | Getting state...
⚙️ Scheduling...
✅ Schedule completed.
🔍 Verifying schedule...
📈 Updating policy...
torch.Size([512, 5, 10, 32])
torch.Size([368, 5, 10, 32])
torch.Size([512, 5, 10, 32])
torch.Size([368, 5, 10, 32])
torch.Size([512, 5, 10, 32])
torch.Size([368, 5, 10, 32])
📊 Reward: -31.875 | Loss: 0.075
⏱ Iter 644 done | 🕒 IterTime: 1.38s | 🕘 Elapsed: 1183.2s | ⏳ ETA: 10.9 min
🧠 Iteration 645 | Getting state...
⚙️ Scheduling...
✅ Schedule completed.
🔍 Verifying schedule...
📈 Updating policy...
torch.Size([512, 5, 10, 32])
torch.Size([368, 5, 10, 32])
torch.Size([512, 5, 10, 32])
torch.Size([368, 5, 10, 32])
torch.Size([512, 5, 10, 32])
torch.Size([368, 5, 10, 32])
📊 Reward: -31.425 | Loss: 0.044
⏱ Iter 645 done | 🕒 IterTime: 1.28s | 🕘 Elapsed: 1184.5s | ⏳ ETA: 10.9 min
🧠 Iteration 646 | Getting state...
⚙️ Scheduling...
✅ Schedule completed.
🔍 Verifying schedule...
📈 Updating policy...
torch.Size([512, 5, 10, 32])
torch.Size([368, 5, 10, 32])
torch.Size([512, 5, 10, 32])
torch.Size([368, 5, 10, 32])
torch.Size([512, 5, 10, 32])
torch.Size([368, 5, 10, 32])
📊 Reward: -34.275 | Loss: 0.053
⏱ Iter 646 done | 🕒 IterTime: 1.31s | 🕘 Elapsed: 1185.8s | ⏳ ETA: 10.8 min
🧠 Iteration 647 | Getting state...
⚙️ Scheduling...
✅ Schedule completed.
🔍 Verifying schedule...
📈 Updating policy...
torch.Size([512, 5, 10, 32])
torch.Size([368, 5, 10, 32])
torch.Size([512, 5, 10, 32])
torch.Size([368, 5, 10, 32])
torch.Size([512, 5, 10, 32])
torch.Size([368, 5, 10, 32])
📊 Reward: -34.775 | Loss: 0.072
⏱ Iter 647 done | 🕒 IterTime: 1.34s | 🕘 Elapsed: 1187.1s | ⏳ ETA: 10.8 min
🧠 Iteration 648 | Getting state...
⚙️ Scheduling...
✅ Schedule completed.
🔍 Verifying schedule...
📈 Updating policy...
torch.Size([512, 5, 10, 32])
torch.Size([368, 5, 10, 32])
torch.Size([512, 5, 10, 32])
torch.Size([368, 5, 10, 32])
torch.Size([512, 5, 10, 32])
torch.Size([368, 5, 10, 32])
📊 Reward: -34.825 | Loss: 0.044
⏱ Iter 648 done | 🕒 IterTime: 1.32s | 🕘 Elapsed: 1188.4s | ⏳ ETA: 10.8 min
🧠 Iteration 649 | Getting state...
⚙️ Scheduling...
✅ Schedule completed.
🔍 Verifying schedule...
📈 Updating policy...
torch.Size([512, 5, 10, 32])
torch.Size([368, 5, 10, 32])
torch.Size([512, 5, 10, 32])
torch.Size([368, 5, 10, 32])
torch.Size([512, 5, 10, 32])
torch.Size([368, 5, 10, 32])
📊 Reward: -32.325 | Loss: 0.046
⏱ Iter 649 done | 🕒 IterTime: 1.34s | 🕘 Elapsed: 1189.8s | ⏳ ETA: 10.7 min
🧠 Iteration 650 | Getting state...
⚙️ Scheduling...
✅ Schedule completed.
🔍 Verifying schedule...
📈 Updating policy...
torch.Size([512, 5, 10, 32])
torch.Size([368, 5, 10, 32])
torch.Size([512, 5, 10, 32])
torch.Size([368, 5, 10, 32])
torch.Size([512, 5, 10, 32])
torch.Size([368, 5, 10, 32])
📊 Reward: -33.875 | Loss: 0.027

🧪 Validating policy...
There are 100 dev instances.
validating time:  1.8447632789611816 

⏱ Iter 650 done | 🕒 IterTime: 3.17s | 🕘 Elapsed: 1193.0s | ⏳ ETA: 10.7 min
🧠 Iteration 651 | Getting state...
⚙️ Scheduling...
✅ Schedule completed.
🔍 Verifying schedule...
📈 Updating policy...
torch.Size([512, 5, 10, 32])
torch.Size([368, 5, 10, 32])
torch.Size([512, 5, 10, 32])
torch.Size([368, 5, 10, 32])
torch.Size([512, 5, 10, 32])
torch.Size([368, 5, 10, 32])
📊 Reward: -34.275 | Loss: 0.044
⏱ Iter 651 done | 🕒 IterTime: 1.36s | 🕘 Elapsed: 1194.3s | ⏳ ETA: 10.7 min
🧠 Iteration 652 | Getting state...
⚙️ Scheduling...
✅ Schedule completed.
🔍 Verifying schedule...
📈 Updating policy...
torch.Size([512, 5, 10, 32])
torch.Size([368, 5, 10, 32])
torch.Size([512, 5, 10, 32])
torch.Size([368, 5, 10, 32])
torch.Size([512, 5, 10, 32])
torch.Size([368, 5, 10, 32])
📊 Reward: -33.825 | Loss: 0.039
⏱ Iter 652 done | 🕒 IterTime: 1.39s | 🕘 Elapsed: 1195.7s | ⏳ ETA: 10.6 min
🧠 Iteration 653 | Getting state...
⚙️ Scheduling...
✅ Schedule completed.
🔍 Verifying schedule...
📈 Updating policy...
torch.Size([512, 5, 10, 32])
torch.Size([368, 5, 10, 32])
torch.Size([512, 5, 10, 32])
torch.Size([368, 5, 10, 32])
torch.Size([512, 5, 10, 32])
torch.Size([368, 5, 10, 32])
📊 Reward: -35.275 | Loss: 0.046
⏱ Iter 653 done | 🕒 IterTime: 1.37s | 🕘 Elapsed: 1197.1s | ⏳ ETA: 10.6 min
🧠 Iteration 654 | Getting state...
⚙️ Scheduling...
✅ Schedule completed.
🔍 Verifying schedule...
📈 Updating policy...
torch.Size([512, 5, 10, 32])
torch.Size([368, 5, 10, 32])
torch.Size([512, 5, 10, 32])
torch.Size([368, 5, 10, 32])
torch.Size([512, 5, 10, 32])
torch.Size([368, 5, 10, 32])
📊 Reward: -36.425 | Loss: 0.016
⏱ Iter 654 done | 🕒 IterTime: 1.37s | 🕘 Elapsed: 1198.4s | ⏳ ETA: 10.6 min
🧠 Iteration 655 | Getting state...
⚙️ Scheduling...
✅ Schedule completed.
🔍 Verifying schedule...
📈 Updating policy...
torch.Size([512, 5, 10, 32])
torch.Size([368, 5, 10, 32])
torch.Size([512, 5, 10, 32])
torch.Size([368, 5, 10, 32])
torch.Size([512, 5, 10, 32])
torch.Size([368, 5, 10, 32])
📊 Reward: -32.625 | Loss: 0.025
⏱ Iter 655 done | 🕒 IterTime: 1.28s | 🕘 Elapsed: 1199.7s | ⏳ ETA: 10.5 min
🧠 Iteration 656 | Getting state...
⚙️ Scheduling...
✅ Schedule completed.
🔍 Verifying schedule...
📈 Updating policy...
torch.Size([512, 5, 10, 32])
torch.Size([368, 5, 10, 32])
torch.Size([512, 5, 10, 32])
torch.Size([368, 5, 10, 32])
torch.Size([512, 5, 10, 32])
torch.Size([368, 5, 10, 32])
📊 Reward: -32.925 | Loss: 0.018
⏱ Iter 656 done | 🕒 IterTime: 1.34s | 🕘 Elapsed: 1201.1s | ⏳ ETA: 10.5 min
🧠 Iteration 657 | Getting state...
⚙️ Scheduling...
✅ Schedule completed.
🔍 Verifying schedule...
📈 Updating policy...
torch.Size([512, 5, 10, 32])
torch.Size([368, 5, 10, 32])
torch.Size([512, 5, 10, 32])
torch.Size([368, 5, 10, 32])
torch.Size([512, 5, 10, 32])
torch.Size([368, 5, 10, 32])
📊 Reward: -34.175 | Loss: 0.069
⏱ Iter 657 done | 🕒 IterTime: 1.34s | 🕘 Elapsed: 1202.4s | ⏳ ETA: 10.5 min
🧠 Iteration 658 | Getting state...
⚙️ Scheduling...
✅ Schedule completed.
🔍 Verifying schedule...
📈 Updating policy...
torch.Size([512, 5, 10, 32])
torch.Size([368, 5, 10, 32])
torch.Size([512, 5, 10, 32])
torch.Size([368, 5, 10, 32])
torch.Size([512, 5, 10, 32])
torch.Size([368, 5, 10, 32])
📊 Reward: -33.225 | Loss: 0.049
⏱ Iter 658 done | 🕒 IterTime: 1.29s | 🕘 Elapsed: 1203.7s | ⏳ ETA: 10.4 min
🧠 Iteration 659 | Getting state...
⚙️ Scheduling...
✅ Schedule completed.
🔍 Verifying schedule...
📈 Updating policy...
torch.Size([512, 5, 10, 32])
torch.Size([368, 5, 10, 32])
torch.Size([512, 5, 10, 32])
torch.Size([368, 5, 10, 32])
torch.Size([512, 5, 10, 32])
torch.Size([368, 5, 10, 32])
📊 Reward: -32.825 | Loss: 0.026
⏱ Iter 659 done | 🕒 IterTime: 1.44s | 🕘 Elapsed: 1205.1s | ⏳ ETA: 10.4 min
🧠 Iteration 660 | Getting state...
⚙️ Scheduling...
✅ Schedule completed.
🔍 Verifying schedule...
📈 Updating policy...
torch.Size([512, 5, 10, 32])
torch.Size([368, 5, 10, 32])
torch.Size([512, 5, 10, 32])
torch.Size([368, 5, 10, 32])
torch.Size([512, 5, 10, 32])
torch.Size([368, 5, 10, 32])
📊 Reward: -33.875 | Loss: 0.032

🧪 Validating policy...
There are 100 dev instances.
validating time:  1.6994690895080566 

⏱ Iter 660 done | 🕒 IterTime: 3.00s | 🕘 Elapsed: 1208.1s | ⏳ ETA: 10.4 min
[15:26:19] 🔄 Refreshing training instances...
📦 num_jobs: 10, num_mas: 5, num_opes: 46
🧠 Iteration 661 | Getting state...
⚙️ Scheduling...
✅ Schedule completed.
🔍 Verifying schedule...
📈 Updating policy...
torch.Size([512, 5, 10, 32])
torch.Size([408, 5, 10, 32])
torch.Size([512, 5, 10, 32])
torch.Size([408, 5, 10, 32])
torch.Size([512, 5, 10, 32])
torch.Size([408, 5, 10, 32])
📊 Reward: -31.594 | Loss: 0.009
⏱ Iter 661 done | 🕒 IterTime: 1.48s | 🕘 Elapsed: 1209.6s | ⏳ ETA: 10.3 min
🧠 Iteration 662 | Getting state...
⚙️ Scheduling...
✅ Schedule completed.
🔍 Verifying schedule...
📈 Updating policy...
torch.Size([512, 5, 10, 32])
torch.Size([408, 5, 10, 32])
torch.Size([512, 5, 10, 32])
torch.Size([408, 5, 10, 32])
torch.Size([512, 5, 10, 32])
torch.Size([408, 5, 10, 32])
📊 Reward: -33.644 | Loss: 0.043
⏱ Iter 662 done | 🕒 IterTime: 1.40s | 🕘 Elapsed: 1211.0s | ⏳ ETA: 10.3 min
🧠 Iteration 663 | Getting state...
⚙️ Scheduling...
✅ Schedule completed.
🔍 Verifying schedule...
📈 Updating policy...
torch.Size([512, 5, 10, 32])
torch.Size([408, 5, 10, 32])
torch.Size([512, 5, 10, 32])
torch.Size([408, 5, 10, 32])
torch.Size([512, 5, 10, 32])
torch.Size([408, 5, 10, 32])
📊 Reward: -33.844 | Loss: 0.063
⏱ Iter 663 done | 🕒 IterTime: 1.41s | 🕘 Elapsed: 1212.4s | ⏳ ETA: 10.3 min
🧠 Iteration 664 | Getting state...
⚙️ Scheduling...
✅ Schedule completed.
🔍 Verifying schedule...
📈 Updating policy...
torch.Size([512, 5, 10, 32])
torch.Size([408, 5, 10, 32])
torch.Size([512, 5, 10, 32])
torch.Size([408, 5, 10, 32])
torch.Size([512, 5, 10, 32])
torch.Size([408, 5, 10, 32])
📊 Reward: -34.344 | Loss: 0.023
⏱ Iter 664 done | 🕒 IterTime: 1.42s | 🕘 Elapsed: 1213.9s | ⏳ ETA: 10.2 min
🧠 Iteration 665 | Getting state...
⚙️ Scheduling...
✅ Schedule completed.
🔍 Verifying schedule...
📈 Updating policy...
torch.Size([512, 5, 10, 32])
torch.Size([408, 5, 10, 32])
torch.Size([512, 5, 10, 32])
torch.Size([408, 5, 10, 32])
torch.Size([512, 5, 10, 32])
torch.Size([408, 5, 10, 32])
📊 Reward: -32.794 | Loss: 0.032
⏱ Iter 665 done | 🕒 IterTime: 1.47s | 🕘 Elapsed: 1215.3s | ⏳ ETA: 10.2 min
🧠 Iteration 666 | Getting state...
⚙️ Scheduling...
✅ Schedule completed.
🔍 Verifying schedule...
📈 Updating policy...
torch.Size([512, 5, 10, 32])
torch.Size([408, 5, 10, 32])
torch.Size([512, 5, 10, 32])
torch.Size([408, 5, 10, 32])
torch.Size([512, 5, 10, 32])
torch.Size([408, 5, 10, 32])
📊 Reward: -31.594 | Loss: 0.073
⏱ Iter 666 done | 🕒 IterTime: 1.47s | 🕘 Elapsed: 1216.8s | ⏳ ETA: 10.2 min
🧠 Iteration 667 | Getting state...
⚙️ Scheduling...
✅ Schedule completed.
🔍 Verifying schedule...
📈 Updating policy...
torch.Size([512, 5, 10, 32])
torch.Size([408, 5, 10, 32])
torch.Size([512, 5, 10, 32])
torch.Size([408, 5, 10, 32])
torch.Size([512, 5, 10, 32])
torch.Size([408, 5, 10, 32])
📊 Reward: -32.444 | Loss: 0.070
⏱ Iter 667 done | 🕒 IterTime: 1.47s | 🕘 Elapsed: 1218.3s | ⏳ ETA: 10.1 min
🧠 Iteration 668 | Getting state...
⚙️ Scheduling...
✅ Schedule completed.
🔍 Verifying schedule...
📈 Updating policy...
torch.Size([512, 5, 10, 32])
torch.Size([408, 5, 10, 32])
torch.Size([512, 5, 10, 32])
torch.Size([408, 5, 10, 32])
torch.Size([512, 5, 10, 32])
torch.Size([408, 5, 10, 32])
📊 Reward: -34.094 | Loss: 0.024
⏱ Iter 668 done | 🕒 IterTime: 1.50s | 🕘 Elapsed: 1219.8s | ⏳ ETA: 10.1 min
🧠 Iteration 669 | Getting state...
⚙️ Scheduling...
✅ Schedule completed.
🔍 Verifying schedule...
📈 Updating policy...
torch.Size([512, 5, 10, 32])
torch.Size([408, 5, 10, 32])
torch.Size([512, 5, 10, 32])
torch.Size([408, 5, 10, 32])
torch.Size([512, 5, 10, 32])
torch.Size([408, 5, 10, 32])
📊 Reward: -32.644 | Loss: 0.054
⏱ Iter 669 done | 🕒 IterTime: 1.51s | 🕘 Elapsed: 1221.3s | ⏳ ETA: 10.1 min
🧠 Iteration 670 | Getting state...
⚙️ Scheduling...
✅ Schedule completed.
🔍 Verifying schedule...
📈 Updating policy...
torch.Size([512, 5, 10, 32])
torch.Size([408, 5, 10, 32])
torch.Size([512, 5, 10, 32])
torch.Size([408, 5, 10, 32])
torch.Size([512, 5, 10, 32])
torch.Size([408, 5, 10, 32])
📊 Reward: -35.194 | Loss: 0.029

🧪 Validating policy...
There are 100 dev instances.
validating time:  1.678661823272705 

⏱ Iter 670 done | 🕒 IterTime: 3.15s | 🕘 Elapsed: 1224.4s | ⏳ ETA: 10.1 min
🧠 Iteration 671 | Getting state...
⚙️ Scheduling...
✅ Schedule completed.
🔍 Verifying schedule...
📈 Updating policy...
torch.Size([512, 5, 10, 32])
torch.Size([408, 5, 10, 32])
torch.Size([512, 5, 10, 32])
torch.Size([408, 5, 10, 32])
torch.Size([512, 5, 10, 32])
torch.Size([408, 5, 10, 32])
📊 Reward: -34.144 | Loss: 0.034
⏱ Iter 671 done | 🕒 IterTime: 1.54s | 🕘 Elapsed: 1226.0s | ⏳ ETA: 10.0 min
🧠 Iteration 672 | Getting state...
⚙️ Scheduling...
✅ Schedule completed.
🔍 Verifying schedule...
📈 Updating policy...
torch.Size([512, 5, 10, 32])
torch.Size([408, 5, 10, 32])
torch.Size([512, 5, 10, 32])
torch.Size([408, 5, 10, 32])
torch.Size([512, 5, 10, 32])
torch.Size([408, 5, 10, 32])
📊 Reward: -32.344 | Loss: 0.061
⏱ Iter 672 done | 🕒 IterTime: 1.55s | 🕘 Elapsed: 1227.5s | ⏳ ETA: 10.0 min
🧠 Iteration 673 | Getting state...
⚙️ Scheduling...
✅ Schedule completed.
🔍 Verifying schedule...
📈 Updating policy...
torch.Size([512, 5, 10, 32])
torch.Size([408, 5, 10, 32])
torch.Size([512, 5, 10, 32])
torch.Size([408, 5, 10, 32])
torch.Size([512, 5, 10, 32])
torch.Size([408, 5, 10, 32])
📊 Reward: -33.544 | Loss: 0.050
⏱ Iter 673 done | 🕒 IterTime: 1.44s | 🕘 Elapsed: 1229.0s | ⏳ ETA: 10.0 min
🧠 Iteration 674 | Getting state...
⚙️ Scheduling...
✅ Schedule completed.
🔍 Verifying schedule...
📈 Updating policy...
torch.Size([512, 5, 10, 32])
torch.Size([408, 5, 10, 32])
torch.Size([512, 5, 10, 32])
torch.Size([408, 5, 10, 32])
torch.Size([512, 5, 10, 32])
torch.Size([408, 5, 10, 32])
📊 Reward: -33.444 | Loss: 0.037
⏱ Iter 674 done | 🕒 IterTime: 1.46s | 🕘 Elapsed: 1230.4s | ⏳ ETA: 9.9 min
🧠 Iteration 675 | Getting state...
⚙️ Scheduling...
✅ Schedule completed.
🔍 Verifying schedule...
📈 Updating policy...
torch.Size([512, 5, 10, 32])
torch.Size([408, 5, 10, 32])
torch.Size([512, 5, 10, 32])
torch.Size([408, 5, 10, 32])
torch.Size([512, 5, 10, 32])
torch.Size([408, 5, 10, 32])
📊 Reward: -33.944 | Loss: 0.025
⏱ Iter 675 done | 🕒 IterTime: 1.43s | 🕘 Elapsed: 1231.9s | ⏳ ETA: 9.9 min
🧠 Iteration 676 | Getting state...
⚙️ Scheduling...
✅ Schedule completed.
🔍 Verifying schedule...
📈 Updating policy...
torch.Size([512, 5, 10, 32])
torch.Size([408, 5, 10, 32])
torch.Size([512, 5, 10, 32])
torch.Size([408, 5, 10, 32])
torch.Size([512, 5, 10, 32])
torch.Size([408, 5, 10, 32])
📊 Reward: -31.794 | Loss: 0.031
⏱ Iter 676 done | 🕒 IterTime: 1.45s | 🕘 Elapsed: 1233.3s | ⏳ ETA: 9.9 min
🧠 Iteration 677 | Getting state...
⚙️ Scheduling...
✅ Schedule completed.
🔍 Verifying schedule...
📈 Updating policy...
torch.Size([512, 5, 10, 32])
torch.Size([408, 5, 10, 32])
torch.Size([512, 5, 10, 32])
torch.Size([408, 5, 10, 32])
torch.Size([512, 5, 10, 32])
torch.Size([408, 5, 10, 32])
📊 Reward: -31.844 | Loss: 0.037
⏱ Iter 677 done | 🕒 IterTime: 1.54s | 🕘 Elapsed: 1234.9s | ⏳ ETA: 9.8 min
🧠 Iteration 678 | Getting state...
⚙️ Scheduling...
✅ Schedule completed.
🔍 Verifying schedule...
📈 Updating policy...
torch.Size([512, 5, 10, 32])
torch.Size([408, 5, 10, 32])
torch.Size([512, 5, 10, 32])
torch.Size([408, 5, 10, 32])
torch.Size([512, 5, 10, 32])
torch.Size([408, 5, 10, 32])
📊 Reward: -33.244 | Loss: 0.064
⏱ Iter 678 done | 🕒 IterTime: 1.53s | 🕘 Elapsed: 1236.4s | ⏳ ETA: 9.8 min
🧠 Iteration 679 | Getting state...
⚙️ Scheduling...
✅ Schedule completed.
🔍 Verifying schedule...
📈 Updating policy...
torch.Size([512, 5, 10, 32])
torch.Size([408, 5, 10, 32])
torch.Size([512, 5, 10, 32])
torch.Size([408, 5, 10, 32])
torch.Size([512, 5, 10, 32])
torch.Size([408, 5, 10, 32])
📊 Reward: -33.844 | Loss: 0.061
⏱ Iter 679 done | 🕒 IterTime: 1.52s | 🕘 Elapsed: 1237.9s | ⏳ ETA: 9.8 min
🧠 Iteration 680 | Getting state...
⚙️ Scheduling...
✅ Schedule completed.
🔍 Verifying schedule...
📈 Updating policy...
torch.Size([512, 5, 10, 32])
torch.Size([408, 5, 10, 32])
torch.Size([512, 5, 10, 32])
torch.Size([408, 5, 10, 32])
torch.Size([512, 5, 10, 32])
torch.Size([408, 5, 10, 32])
📊 Reward: -34.794 | Loss: 0.057

🧪 Validating policy...
There are 100 dev instances.
validating time:  1.7924234867095947 

⏱ Iter 680 done | 🕒 IterTime: 3.33s | 🕘 Elapsed: 1241.2s | ⏳ ETA: 9.7 min
[15:26:52] 🔄 Refreshing training instances...
📦 num_jobs: 10, num_mas: 5, num_opes: 53
🧠 Iteration 681 | Getting state...
⚙️ Scheduling...
✅ Schedule completed.
🔍 Verifying schedule...
📈 Updating policy...
torch.Size([512, 5, 10, 32])
torch.Size([512, 5, 10, 32])
torch.Size([36, 5, 10, 32])
torch.Size([512, 5, 10, 32])
torch.Size([512, 5, 10, 32])
torch.Size([36, 5, 10, 32])
torch.Size([512, 5, 10, 32])
torch.Size([512, 5, 10, 32])
torch.Size([36, 5, 10, 32])
📊 Reward: -44.400 | Loss: 0.072
⏱ Iter 681 done | 🕒 IterTime: 2.36s | 🕘 Elapsed: 1243.6s | ⏳ ETA: 9.7 min
🧠 Iteration 682 | Getting state...
⚙️ Scheduling...
✅ Schedule completed.
🔍 Verifying schedule...
📈 Updating policy...
torch.Size([512, 5, 10, 32])
torch.Size([512, 5, 10, 32])
torch.Size([36, 5, 10, 32])
torch.Size([512, 5, 10, 32])
torch.Size([512, 5, 10, 32])
torch.Size([36, 5, 10, 32])
torch.Size([512, 5, 10, 32])
torch.Size([512, 5, 10, 32])
torch.Size([36, 5, 10, 32])
📊 Reward: -45.950 | Loss: 0.047
⏱ Iter 682 done | 🕒 IterTime: 2.27s | 🕘 Elapsed: 1245.9s | ⏳ ETA: 9.7 min
🧠 Iteration 683 | Getting state...
⚙️ Scheduling...
✅ Schedule completed.
🔍 Verifying schedule...
📈 Updating policy...
torch.Size([512, 5, 10, 32])
torch.Size([512, 5, 10, 32])
torch.Size([36, 5, 10, 32])
torch.Size([512, 5, 10, 32])
torch.Size([512, 5, 10, 32])
torch.Size([36, 5, 10, 32])
torch.Size([512, 5, 10, 32])
torch.Size([512, 5, 10, 32])
torch.Size([36, 5, 10, 32])
📊 Reward: -43.750 | Loss: 0.055
⏱ Iter 683 done | 🕒 IterTime: 2.23s | 🕘 Elapsed: 1248.1s | ⏳ ETA: 9.7 min
🧠 Iteration 684 | Getting state...
⚙️ Scheduling...
✅ Schedule completed.
🔍 Verifying schedule...
📈 Updating policy...
torch.Size([512, 5, 10, 32])
torch.Size([512, 5, 10, 32])
torch.Size([36, 5, 10, 32])
torch.Size([512, 5, 10, 32])
torch.Size([512, 5, 10, 32])
torch.Size([36, 5, 10, 32])
torch.Size([512, 5, 10, 32])
torch.Size([512, 5, 10, 32])
torch.Size([36, 5, 10, 32])
📊 Reward: -45.100 | Loss: 0.024
⏱ Iter 684 done | 🕒 IterTime: 2.28s | 🕘 Elapsed: 1250.4s | ⏳ ETA: 9.6 min
🧠 Iteration 685 | Getting state...
⚙️ Scheduling...
✅ Schedule completed.
🔍 Verifying schedule...
📈 Updating policy...
torch.Size([512, 5, 10, 32])
torch.Size([512, 5, 10, 32])
torch.Size([36, 5, 10, 32])
torch.Size([512, 5, 10, 32])
torch.Size([512, 5, 10, 32])
torch.Size([36, 5, 10, 32])
torch.Size([512, 5, 10, 32])
torch.Size([512, 5, 10, 32])
torch.Size([36, 5, 10, 32])
📊 Reward: -44.250 | Loss: -0.020
⏱ Iter 685 done | 🕒 IterTime: 2.15s | 🕘 Elapsed: 1252.5s | ⏳ ETA: 9.6 min
🧠 Iteration 686 | Getting state...
⚙️ Scheduling...
✅ Schedule completed.
🔍 Verifying schedule...
📈 Updating policy...
torch.Size([512, 5, 10, 32])
torch.Size([512, 5, 10, 32])
torch.Size([36, 5, 10, 32])
torch.Size([512, 5, 10, 32])
torch.Size([512, 5, 10, 32])
torch.Size([36, 5, 10, 32])
torch.Size([512, 5, 10, 32])
torch.Size([512, 5, 10, 32])
torch.Size([36, 5, 10, 32])
📊 Reward: -44.250 | Loss: 0.071
⏱ Iter 686 done | 🕒 IterTime: 2.22s | 🕘 Elapsed: 1254.7s | ⏳ ETA: 9.6 min
🧠 Iteration 687 | Getting state...
⚙️ Scheduling...
✅ Schedule completed.
🔍 Verifying schedule...
📈 Updating policy...
torch.Size([512, 5, 10, 32])
torch.Size([512, 5, 10, 32])
torch.Size([36, 5, 10, 32])
torch.Size([512, 5, 10, 32])
torch.Size([512, 5, 10, 32])
torch.Size([36, 5, 10, 32])
torch.Size([512, 5, 10, 32])
torch.Size([512, 5, 10, 32])
torch.Size([36, 5, 10, 32])
📊 Reward: -44.450 | Loss: 0.044
⏱ Iter 687 done | 🕒 IterTime: 2.07s | 🕘 Elapsed: 1256.8s | ⏳ ETA: 9.5 min
🧠 Iteration 688 | Getting state...
⚙️ Scheduling...
✅ Schedule completed.
🔍 Verifying schedule...
📈 Updating policy...
torch.Size([512, 5, 10, 32])
torch.Size([512, 5, 10, 32])
torch.Size([36, 5, 10, 32])
torch.Size([512, 5, 10, 32])
torch.Size([512, 5, 10, 32])
torch.Size([36, 5, 10, 32])
torch.Size([512, 5, 10, 32])
torch.Size([512, 5, 10, 32])
torch.Size([36, 5, 10, 32])
📊 Reward: -44.100 | Loss: 0.020
⏱ Iter 688 done | 🕒 IterTime: 2.09s | 🕘 Elapsed: 1258.9s | ⏳ ETA: 9.5 min
🧠 Iteration 689 | Getting state...
⚙️ Scheduling...
✅ Schedule completed.
🔍 Verifying schedule...
📈 Updating policy...
torch.Size([512, 5, 10, 32])
torch.Size([512, 5, 10, 32])
torch.Size([36, 5, 10, 32])
torch.Size([512, 5, 10, 32])
torch.Size([512, 5, 10, 32])
torch.Size([36, 5, 10, 32])
torch.Size([512, 5, 10, 32])
torch.Size([512, 5, 10, 32])
torch.Size([36, 5, 10, 32])
📊 Reward: -43.550 | Loss: -0.002
⏱ Iter 689 done | 🕒 IterTime: 2.05s | 🕘 Elapsed: 1260.9s | ⏳ ETA: 9.5 min
🧠 Iteration 690 | Getting state...
⚙️ Scheduling...
✅ Schedule completed.
🔍 Verifying schedule...
📈 Updating policy...
torch.Size([512, 5, 10, 32])
torch.Size([512, 5, 10, 32])
torch.Size([36, 5, 10, 32])
torch.Size([512, 5, 10, 32])
torch.Size([512, 5, 10, 32])
torch.Size([36, 5, 10, 32])
torch.Size([512, 5, 10, 32])
torch.Size([512, 5, 10, 32])
torch.Size([36, 5, 10, 32])
📊 Reward: -43.550 | Loss: 0.030

🧪 Validating policy...
There are 100 dev instances.
validating time:  1.8596911430358887 

⏱ Iter 690 done | 🕒 IterTime: 3.88s | 🕘 Elapsed: 1264.8s | ⏳ ETA: 9.5 min
🧠 Iteration 691 | Getting state...
⚙️ Scheduling...
✅ Schedule completed.
🔍 Verifying schedule...
📈 Updating policy...
torch.Size([512, 5, 10, 32])
torch.Size([512, 5, 10, 32])
torch.Size([36, 5, 10, 32])
torch.Size([512, 5, 10, 32])
torch.Size([512, 5, 10, 32])
torch.Size([36, 5, 10, 32])
torch.Size([512, 5, 10, 32])
torch.Size([512, 5, 10, 32])
torch.Size([36, 5, 10, 32])
📊 Reward: -45.250 | Loss: 0.022
⏱ Iter 691 done | 🕒 IterTime: 2.17s | 🕘 Elapsed: 1267.0s | ⏳ ETA: 9.4 min
🧠 Iteration 692 | Getting state...
⚙️ Scheduling...
✅ Schedule completed.
🔍 Verifying schedule...
📈 Updating policy...
torch.Size([512, 5, 10, 32])
torch.Size([512, 5, 10, 32])
torch.Size([36, 5, 10, 32])
torch.Size([512, 5, 10, 32])
torch.Size([512, 5, 10, 32])
torch.Size([36, 5, 10, 32])
torch.Size([512, 5, 10, 32])
torch.Size([512, 5, 10, 32])
torch.Size([36, 5, 10, 32])
📊 Reward: -44.700 | Loss: -0.000
⏱ Iter 692 done | 🕒 IterTime: 2.24s | 🕘 Elapsed: 1269.2s | ⏳ ETA: 9.4 min
🧠 Iteration 693 | Getting state...
⚙️ Scheduling...
✅ Schedule completed.
🔍 Verifying schedule...
📈 Updating policy...
torch.Size([512, 5, 10, 32])
torch.Size([512, 5, 10, 32])
torch.Size([36, 5, 10, 32])
torch.Size([512, 5, 10, 32])
torch.Size([512, 5, 10, 32])
torch.Size([36, 5, 10, 32])
torch.Size([512, 5, 10, 32])
torch.Size([512, 5, 10, 32])
torch.Size([36, 5, 10, 32])
📊 Reward: -41.750 | Loss: 0.203
⏱ Iter 693 done | 🕒 IterTime: 2.09s | 🕘 Elapsed: 1271.3s | ⏳ ETA: 9.4 min
🧠 Iteration 694 | Getting state...
⚙️ Scheduling...
✅ Schedule completed.
🔍 Verifying schedule...
📈 Updating policy...
torch.Size([512, 5, 10, 32])
torch.Size([512, 5, 10, 32])
torch.Size([36, 5, 10, 32])
torch.Size([512, 5, 10, 32])
torch.Size([512, 5, 10, 32])
torch.Size([36, 5, 10, 32])
torch.Size([512, 5, 10, 32])
torch.Size([512, 5, 10, 32])
torch.Size([36, 5, 10, 32])
📊 Reward: -44.850 | Loss: 0.001
⏱ Iter 694 done | 🕒 IterTime: 2.07s | 🕘 Elapsed: 1273.4s | ⏳ ETA: 9.4 min
🧠 Iteration 695 | Getting state...
⚙️ Scheduling...
✅ Schedule completed.
🔍 Verifying schedule...
📈 Updating policy...
torch.Size([512, 5, 10, 32])
torch.Size([512, 5, 10, 32])
torch.Size([36, 5, 10, 32])
torch.Size([512, 5, 10, 32])
torch.Size([512, 5, 10, 32])
torch.Size([36, 5, 10, 32])
torch.Size([512, 5, 10, 32])
torch.Size([512, 5, 10, 32])
torch.Size([36, 5, 10, 32])
📊 Reward: -43.900 | Loss: -0.013
⏱ Iter 695 done | 🕒 IterTime: 2.08s | 🕘 Elapsed: 1275.5s | ⏳ ETA: 9.3 min
🧠 Iteration 696 | Getting state...
⚙️ Scheduling...
✅ Schedule completed.
🔍 Verifying schedule...
📈 Updating policy...
torch.Size([512, 5, 10, 32])
torch.Size([512, 5, 10, 32])
torch.Size([36, 5, 10, 32])
torch.Size([512, 5, 10, 32])
torch.Size([512, 5, 10, 32])
torch.Size([36, 5, 10, 32])
torch.Size([512, 5, 10, 32])
torch.Size([512, 5, 10, 32])
torch.Size([36, 5, 10, 32])
📊 Reward: -43.650 | Loss: 0.057
⏱ Iter 696 done | 🕒 IterTime: 2.10s | 🕘 Elapsed: 1277.6s | ⏳ ETA: 9.3 min
🧠 Iteration 697 | Getting state...
⚙️ Scheduling...
✅ Schedule completed.
🔍 Verifying schedule...
📈 Updating policy...
torch.Size([512, 5, 10, 32])
torch.Size([512, 5, 10, 32])
torch.Size([36, 5, 10, 32])
torch.Size([512, 5, 10, 32])
torch.Size([512, 5, 10, 32])
torch.Size([36, 5, 10, 32])
torch.Size([512, 5, 10, 32])
torch.Size([512, 5, 10, 32])
torch.Size([36, 5, 10, 32])
📊 Reward: -44.200 | Loss: 0.045
⏱ Iter 697 done | 🕒 IterTime: 2.23s | 🕘 Elapsed: 1279.8s | ⏳ ETA: 9.3 min
🧠 Iteration 698 | Getting state...
⚙️ Scheduling...
✅ Schedule completed.
🔍 Verifying schedule...
📈 Updating policy...
torch.Size([512, 5, 10, 32])
torch.Size([512, 5, 10, 32])
torch.Size([36, 5, 10, 32])
torch.Size([512, 5, 10, 32])
torch.Size([512, 5, 10, 32])
torch.Size([36, 5, 10, 32])
torch.Size([512, 5, 10, 32])
torch.Size([512, 5, 10, 32])
torch.Size([36, 5, 10, 32])
📊 Reward: -44.700 | Loss: 0.011
⏱ Iter 698 done | 🕒 IterTime: 2.26s | 🕘 Elapsed: 1282.1s | ⏳ ETA: 9.2 min
🧠 Iteration 699 | Getting state...
⚙️ Scheduling...
✅ Schedule completed.
🔍 Verifying schedule...
📈 Updating policy...
torch.Size([512, 5, 10, 32])
torch.Size([512, 5, 10, 32])
torch.Size([36, 5, 10, 32])
torch.Size([512, 5, 10, 32])
torch.Size([512, 5, 10, 32])
torch.Size([36, 5, 10, 32])
torch.Size([512, 5, 10, 32])
torch.Size([512, 5, 10, 32])
torch.Size([36, 5, 10, 32])
📊 Reward: -45.050 | Loss: 0.025
⏱ Iter 699 done | 🕒 IterTime: 2.23s | 🕘 Elapsed: 1284.3s | ⏳ ETA: 9.2 min
🧠 Iteration 700 | Getting state...
⚙️ Scheduling...
✅ Schedule completed.
🔍 Verifying schedule...
📈 Updating policy...
torch.Size([512, 5, 10, 32])
torch.Size([512, 5, 10, 32])
torch.Size([36, 5, 10, 32])
torch.Size([512, 5, 10, 32])
torch.Size([512, 5, 10, 32])
torch.Size([36, 5, 10, 32])
torch.Size([512, 5, 10, 32])
torch.Size([512, 5, 10, 32])
torch.Size([36, 5, 10, 32])
📊 Reward: -45.100 | Loss: 0.062

🧪 Validating policy...
There are 100 dev instances.
validating time:  1.7749261856079102 

⏱ Iter 700 done | 🕒 IterTime: 3.96s | 🕘 Elapsed: 1288.3s | ⏳ ETA: 9.2 min
[15:27:39] 🔄 Refreshing training instances...
📦 num_jobs: 10, num_mas: 5, num_opes: 51
🧠 Iteration 701 | Getting state...
⚙️ Scheduling...
✅ Schedule completed.
🔍 Verifying schedule...
📈 Updating policy...
torch.Size([512, 5, 10, 32])
torch.Size([508, 5, 10, 32])
torch.Size([512, 5, 10, 32])
torch.Size([508, 5, 10, 32])
torch.Size([512, 5, 10, 32])
torch.Size([508, 5, 10, 32])
📊 Reward: -41.457 | Loss: 0.003
⏱ Iter 701 done | 🕒 IterTime: 1.84s | 🕘 Elapsed: 1290.1s | ⏳ ETA: 9.2 min
🧠 Iteration 702 | Getting state...
⚙️ Scheduling...
✅ Schedule completed.
🔍 Verifying schedule...
📈 Updating policy...
torch.Size([512, 5, 10, 32])
torch.Size([508, 5, 10, 32])
torch.Size([512, 5, 10, 32])
torch.Size([508, 5, 10, 32])
torch.Size([512, 5, 10, 32])
torch.Size([508, 5, 10, 32])
📊 Reward: -43.407 | Loss: 0.015
⏱ Iter 702 done | 🕒 IterTime: 1.75s | 🕘 Elapsed: 1291.8s | ⏳ ETA: 9.1 min
🧠 Iteration 703 | Getting state...
⚙️ Scheduling...
✅ Schedule completed.
🔍 Verifying schedule...
📈 Updating policy...
torch.Size([512, 5, 10, 32])
torch.Size([508, 5, 10, 32])
torch.Size([512, 5, 10, 32])
torch.Size([508, 5, 10, 32])
torch.Size([512, 5, 10, 32])
torch.Size([508, 5, 10, 32])
📊 Reward: -42.657 | Loss: 0.037
⏱ Iter 703 done | 🕒 IterTime: 1.70s | 🕘 Elapsed: 1293.6s | ⏳ ETA: 9.1 min
🧠 Iteration 704 | Getting state...
⚙️ Scheduling...
✅ Schedule completed.
🔍 Verifying schedule...
📈 Updating policy...
torch.Size([512, 5, 10, 32])
torch.Size([508, 5, 10, 32])
torch.Size([512, 5, 10, 32])
torch.Size([508, 5, 10, 32])
torch.Size([512, 5, 10, 32])
torch.Size([508, 5, 10, 32])
📊 Reward: -43.357 | Loss: 0.010
⏱ Iter 704 done | 🕒 IterTime: 1.73s | 🕘 Elapsed: 1295.3s | ⏳ ETA: 9.1 min
🧠 Iteration 705 | Getting state...
⚙️ Scheduling...
✅ Schedule completed.
🔍 Verifying schedule...
📈 Updating policy...
torch.Size([512, 5, 10, 32])
torch.Size([508, 5, 10, 32])
torch.Size([512, 5, 10, 32])
torch.Size([508, 5, 10, 32])
torch.Size([512, 5, 10, 32])
torch.Size([508, 5, 10, 32])
📊 Reward: -43.557 | Loss: 0.014
⏱ Iter 705 done | 🕒 IterTime: 1.71s | 🕘 Elapsed: 1297.0s | ⏳ ETA: 9.0 min
🧠 Iteration 706 | Getting state...
⚙️ Scheduling...
✅ Schedule completed.
🔍 Verifying schedule...
📈 Updating policy...
torch.Size([512, 5, 10, 32])
torch.Size([508, 5, 10, 32])
torch.Size([512, 5, 10, 32])
torch.Size([508, 5, 10, 32])
torch.Size([512, 5, 10, 32])
torch.Size([508, 5, 10, 32])
📊 Reward: -42.007 | Loss: 0.011
⏱ Iter 706 done | 🕒 IterTime: 1.73s | 🕘 Elapsed: 1298.7s | ⏳ ETA: 9.0 min
🧠 Iteration 707 | Getting state...
⚙️ Scheduling...
✅ Schedule completed.
🔍 Verifying schedule...
📈 Updating policy...
torch.Size([512, 5, 10, 32])
torch.Size([508, 5, 10, 32])
torch.Size([512, 5, 10, 32])
torch.Size([508, 5, 10, 32])
torch.Size([512, 5, 10, 32])
torch.Size([508, 5, 10, 32])
📊 Reward: -43.107 | Loss: 0.012
⏱ Iter 707 done | 🕒 IterTime: 1.72s | 🕘 Elapsed: 1300.4s | ⏳ ETA: 9.0 min
🧠 Iteration 708 | Getting state...
⚙️ Scheduling...
✅ Schedule completed.
🔍 Verifying schedule...
📈 Updating policy...
torch.Size([512, 5, 10, 32])
torch.Size([508, 5, 10, 32])
torch.Size([512, 5, 10, 32])
torch.Size([508, 5, 10, 32])
torch.Size([512, 5, 10, 32])
torch.Size([508, 5, 10, 32])
📊 Reward: -43.007 | Loss: 0.030
⏱ Iter 708 done | 🕒 IterTime: 1.71s | 🕘 Elapsed: 1302.1s | ⏳ ETA: 9.0 min
🧠 Iteration 709 | Getting state...
⚙️ Scheduling...
✅ Schedule completed.
🔍 Verifying schedule...
📈 Updating policy...
torch.Size([512, 5, 10, 32])
torch.Size([508, 5, 10, 32])
torch.Size([512, 5, 10, 32])
torch.Size([508, 5, 10, 32])
torch.Size([512, 5, 10, 32])
torch.Size([508, 5, 10, 32])
📊 Reward: -46.057 | Loss: 0.004
⏱ Iter 709 done | 🕒 IterTime: 1.68s | 🕘 Elapsed: 1303.8s | ⏳ ETA: 8.9 min
🧠 Iteration 710 | Getting state...
⚙️ Scheduling...
✅ Schedule completed.
🔍 Verifying schedule...
📈 Updating policy...
torch.Size([512, 5, 10, 32])
torch.Size([508, 5, 10, 32])
torch.Size([512, 5, 10, 32])
torch.Size([508, 5, 10, 32])
torch.Size([512, 5, 10, 32])
torch.Size([508, 5, 10, 32])
📊 Reward: -45.057 | Loss: 0.017

🧪 Validating policy...
There are 100 dev instances.
validating time:  1.8906302452087402 

⏱ Iter 710 done | 🕒 IterTime: 3.55s | 🕘 Elapsed: 1307.4s | ⏳ ETA: 8.9 min
🧠 Iteration 711 | Getting state...
⚙️ Scheduling...
✅ Schedule completed.
🔍 Verifying schedule...
📈 Updating policy...
torch.Size([512, 5, 10, 32])
torch.Size([508, 5, 10, 32])
torch.Size([512, 5, 10, 32])
torch.Size([508, 5, 10, 32])
torch.Size([512, 5, 10, 32])
torch.Size([508, 5, 10, 32])
📊 Reward: -43.957 | Loss: 0.018
⏱ Iter 711 done | 🕒 IterTime: 1.89s | 🕘 Elapsed: 1309.3s | ⏳ ETA: 8.9 min
🧠 Iteration 712 | Getting state...
⚙️ Scheduling...
✅ Schedule completed.
🔍 Verifying schedule...
📈 Updating policy...
torch.Size([512, 5, 10, 32])
torch.Size([508, 5, 10, 32])
torch.Size([512, 5, 10, 32])
torch.Size([508, 5, 10, 32])
torch.Size([512, 5, 10, 32])
torch.Size([508, 5, 10, 32])
📊 Reward: -43.607 | Loss: 0.010
⏱ Iter 712 done | 🕒 IterTime: 1.78s | 🕘 Elapsed: 1311.0s | ⏳ ETA: 8.8 min
🧠 Iteration 713 | Getting state...
⚙️ Scheduling...
✅ Schedule completed.
🔍 Verifying schedule...
📈 Updating policy...
torch.Size([512, 5, 10, 32])
torch.Size([508, 5, 10, 32])
torch.Size([512, 5, 10, 32])
torch.Size([508, 5, 10, 32])
torch.Size([512, 5, 10, 32])
torch.Size([508, 5, 10, 32])
📊 Reward: -41.407 | Loss: 0.012
⏱ Iter 713 done | 🕒 IterTime: 1.75s | 🕘 Elapsed: 1312.8s | ⏳ ETA: 8.8 min
🧠 Iteration 714 | Getting state...
⚙️ Scheduling...
✅ Schedule completed.
🔍 Verifying schedule...
📈 Updating policy...
torch.Size([512, 5, 10, 32])
torch.Size([508, 5, 10, 32])
torch.Size([512, 5, 10, 32])
torch.Size([508, 5, 10, 32])
torch.Size([512, 5, 10, 32])
torch.Size([508, 5, 10, 32])
📊 Reward: -42.807 | Loss: 0.019
⏱ Iter 714 done | 🕒 IterTime: 1.75s | 🕘 Elapsed: 1314.5s | ⏳ ETA: 8.8 min
🧠 Iteration 715 | Getting state...
⚙️ Scheduling...
✅ Schedule completed.
🔍 Verifying schedule...
📈 Updating policy...
torch.Size([512, 5, 10, 32])
torch.Size([508, 5, 10, 32])
torch.Size([512, 5, 10, 32])
torch.Size([508, 5, 10, 32])
torch.Size([512, 5, 10, 32])
torch.Size([508, 5, 10, 32])
📊 Reward: -43.707 | Loss: 0.008
⏱ Iter 715 done | 🕒 IterTime: 1.74s | 🕘 Elapsed: 1316.3s | ⏳ ETA: 8.7 min
🧠 Iteration 716 | Getting state...
⚙️ Scheduling...
✅ Schedule completed.
🔍 Verifying schedule...
📈 Updating policy...
torch.Size([512, 5, 10, 32])
torch.Size([508, 5, 10, 32])
torch.Size([512, 5, 10, 32])
torch.Size([508, 5, 10, 32])
torch.Size([512, 5, 10, 32])
torch.Size([508, 5, 10, 32])
📊 Reward: -42.407 | Loss: 0.014
⏱ Iter 716 done | 🕒 IterTime: 1.70s | 🕘 Elapsed: 1318.0s | ⏳ ETA: 8.7 min
🧠 Iteration 717 | Getting state...
⚙️ Scheduling...
✅ Schedule completed.
🔍 Verifying schedule...
📈 Updating policy...
torch.Size([512, 5, 10, 32])
torch.Size([508, 5, 10, 32])
torch.Size([512, 5, 10, 32])
torch.Size([508, 5, 10, 32])
torch.Size([512, 5, 10, 32])
torch.Size([508, 5, 10, 32])
📊 Reward: -40.607 | Loss: 0.018
⏱ Iter 717 done | 🕒 IterTime: 1.76s | 🕘 Elapsed: 1319.7s | ⏳ ETA: 8.7 min
🧠 Iteration 718 | Getting state...
⚙️ Scheduling...
✅ Schedule completed.
🔍 Verifying schedule...
📈 Updating policy...
torch.Size([512, 5, 10, 32])
torch.Size([508, 5, 10, 32])
torch.Size([512, 5, 10, 32])
torch.Size([508, 5, 10, 32])
torch.Size([512, 5, 10, 32])
torch.Size([508, 5, 10, 32])
📊 Reward: -42.157 | Loss: 0.026
⏱ Iter 718 done | 🕒 IterTime: 1.78s | 🕘 Elapsed: 1321.5s | ⏳ ETA: 8.7 min
🧠 Iteration 719 | Getting state...
⚙️ Scheduling...
✅ Schedule completed.
🔍 Verifying schedule...
📈 Updating policy...
torch.Size([512, 5, 10, 32])
torch.Size([508, 5, 10, 32])
torch.Size([512, 5, 10, 32])
torch.Size([508, 5, 10, 32])
torch.Size([512, 5, 10, 32])
torch.Size([508, 5, 10, 32])
📊 Reward: -43.357 | Loss: 0.009
⏱ Iter 719 done | 🕒 IterTime: 1.79s | 🕘 Elapsed: 1323.3s | ⏳ ETA: 8.6 min
🧠 Iteration 720 | Getting state...
⚙️ Scheduling...
✅ Schedule completed.
🔍 Verifying schedule...
📈 Updating policy...
torch.Size([512, 5, 10, 32])
torch.Size([508, 5, 10, 32])
torch.Size([512, 5, 10, 32])
torch.Size([508, 5, 10, 32])
torch.Size([512, 5, 10, 32])
torch.Size([508, 5, 10, 32])
📊 Reward: -41.007 | Loss: 0.026

🧪 Validating policy...
There are 100 dev instances.
validating time:  1.8723292350769043 

⏱ Iter 720 done | 🕒 IterTime: 3.68s | 🕘 Elapsed: 1327.0s | ⏳ ETA: 8.6 min
[15:28:18] 🔄 Refreshing training instances...
📦 num_jobs: 10, num_mas: 5, num_opes: 49
🧠 Iteration 721 | Getting state...
⚙️ Scheduling...
✅ Schedule completed.
🔍 Verifying schedule...
📈 Updating policy...
torch.Size([512, 5, 10, 32])
torch.Size([468, 5, 10, 32])
torch.Size([512, 5, 10, 32])
torch.Size([468, 5, 10, 32])
torch.Size([512, 5, 10, 32])
torch.Size([468, 5, 10, 32])
📊 Reward: -34.102 | Loss: 0.015
⏱ Iter 721 done | 🕒 IterTime: 1.78s | 🕘 Elapsed: 1328.8s | ⏳ ETA: 8.6 min
🧠 Iteration 722 | Getting state...
⚙️ Scheduling...
✅ Schedule completed.
🔍 Verifying schedule...
📈 Updating policy...
torch.Size([512, 5, 10, 32])
torch.Size([468, 5, 10, 32])
torch.Size([512, 5, 10, 32])
torch.Size([468, 5, 10, 32])
torch.Size([512, 5, 10, 32])
torch.Size([468, 5, 10, 32])
📊 Reward: -34.352 | Loss: -0.010
⏱ Iter 722 done | 🕒 IterTime: 1.68s | 🕘 Elapsed: 1330.5s | ⏳ ETA: 8.5 min
🧠 Iteration 723 | Getting state...
⚙️ Scheduling...
✅ Schedule completed.
🔍 Verifying schedule...
📈 Updating policy...
torch.Size([512, 5, 10, 32])
torch.Size([468, 5, 10, 32])
torch.Size([512, 5, 10, 32])
torch.Size([468, 5, 10, 32])
torch.Size([512, 5, 10, 32])
torch.Size([468, 5, 10, 32])
📊 Reward: -33.302 | Loss: 0.024
⏱ Iter 723 done | 🕒 IterTime: 1.61s | 🕘 Elapsed: 1332.1s | ⏳ ETA: 8.5 min
🧠 Iteration 724 | Getting state...
⚙️ Scheduling...
✅ Schedule completed.
🔍 Verifying schedule...
📈 Updating policy...
torch.Size([512, 5, 10, 32])
torch.Size([468, 5, 10, 32])
torch.Size([512, 5, 10, 32])
torch.Size([468, 5, 10, 32])
torch.Size([512, 5, 10, 32])
torch.Size([468, 5, 10, 32])
📊 Reward: -34.902 | Loss: 0.041
⏱ Iter 724 done | 🕒 IterTime: 1.65s | 🕘 Elapsed: 1333.7s | ⏳ ETA: 8.5 min
🧠 Iteration 725 | Getting state...
⚙️ Scheduling...
✅ Schedule completed.
🔍 Verifying schedule...
📈 Updating policy...
torch.Size([512, 5, 10, 32])
torch.Size([468, 5, 10, 32])
torch.Size([512, 5, 10, 32])
torch.Size([468, 5, 10, 32])
torch.Size([512, 5, 10, 32])
torch.Size([468, 5, 10, 32])
📊 Reward: -34.802 | Loss: 0.048
⏱ Iter 725 done | 🕒 IterTime: 1.66s | 🕘 Elapsed: 1335.4s | ⏳ ETA: 8.4 min
🧠 Iteration 726 | Getting state...
⚙️ Scheduling...
✅ Schedule completed.
🔍 Verifying schedule...
📈 Updating policy...
torch.Size([512, 5, 10, 32])
torch.Size([468, 5, 10, 32])
torch.Size([512, 5, 10, 32])
torch.Size([468, 5, 10, 32])
torch.Size([512, 5, 10, 32])
torch.Size([468, 5, 10, 32])
📊 Reward: -34.102 | Loss: 0.048
⏱ Iter 726 done | 🕒 IterTime: 1.65s | 🕘 Elapsed: 1337.0s | ⏳ ETA: 8.4 min
🧠 Iteration 727 | Getting state...
⚙️ Scheduling...
✅ Schedule completed.
🔍 Verifying schedule...
📈 Updating policy...
torch.Size([512, 5, 10, 32])
torch.Size([468, 5, 10, 32])
torch.Size([512, 5, 10, 32])
torch.Size([468, 5, 10, 32])
torch.Size([512, 5, 10, 32])
torch.Size([468, 5, 10, 32])
📊 Reward: -34.152 | Loss: 0.062
⏱ Iter 727 done | 🕒 IterTime: 1.64s | 🕘 Elapsed: 1338.7s | ⏳ ETA: 8.4 min
🧠 Iteration 728 | Getting state...
⚙️ Scheduling...
✅ Schedule completed.
🔍 Verifying schedule...
📈 Updating policy...
torch.Size([512, 5, 10, 32])
torch.Size([468, 5, 10, 32])
torch.Size([512, 5, 10, 32])
torch.Size([468, 5, 10, 32])
torch.Size([512, 5, 10, 32])
torch.Size([468, 5, 10, 32])
📊 Reward: -33.202 | Loss: 0.069
⏱ Iter 728 done | 🕒 IterTime: 1.67s | 🕘 Elapsed: 1340.4s | ⏳ ETA: 8.3 min
🧠 Iteration 729 | Getting state...
⚙️ Scheduling...
✅ Schedule completed.
🔍 Verifying schedule...
📈 Updating policy...
torch.Size([512, 5, 10, 32])
torch.Size([468, 5, 10, 32])
torch.Size([512, 5, 10, 32])
torch.Size([468, 5, 10, 32])
torch.Size([512, 5, 10, 32])
torch.Size([468, 5, 10, 32])
📊 Reward: -34.702 | Loss: 0.065
⏱ Iter 729 done | 🕒 IterTime: 1.60s | 🕘 Elapsed: 1341.9s | ⏳ ETA: 8.3 min
🧠 Iteration 730 | Getting state...
⚙️ Scheduling...
✅ Schedule completed.
🔍 Verifying schedule...
📈 Updating policy...
torch.Size([512, 5, 10, 32])
torch.Size([468, 5, 10, 32])
torch.Size([512, 5, 10, 32])
torch.Size([468, 5, 10, 32])
torch.Size([512, 5, 10, 32])
torch.Size([468, 5, 10, 32])
📊 Reward: -36.252 | Loss: 0.049

🧪 Validating policy...
There are 100 dev instances.
validating time:  1.7346553802490234 

⏱ Iter 730 done | 🕒 IterTime: 3.34s | 🕘 Elapsed: 1345.3s | ⏳ ETA: 8.3 min
🧠 Iteration 731 | Getting state...
⚙️ Scheduling...
✅ Schedule completed.
🔍 Verifying schedule...
📈 Updating policy...
torch.Size([512, 5, 10, 32])
torch.Size([468, 5, 10, 32])
torch.Size([512, 5, 10, 32])
torch.Size([468, 5, 10, 32])
torch.Size([512, 5, 10, 32])
torch.Size([468, 5, 10, 32])
📊 Reward: -36.552 | Loss: 0.048
⏱ Iter 731 done | 🕒 IterTime: 1.63s | 🕘 Elapsed: 1346.9s | ⏳ ETA: 8.3 min
🧠 Iteration 732 | Getting state...
⚙️ Scheduling...
✅ Schedule completed.
🔍 Verifying schedule...
📈 Updating policy...
torch.Size([512, 5, 10, 32])
torch.Size([468, 5, 10, 32])
torch.Size([512, 5, 10, 32])
torch.Size([468, 5, 10, 32])
torch.Size([512, 5, 10, 32])
torch.Size([468, 5, 10, 32])
📊 Reward: -36.002 | Loss: 0.054
⏱ Iter 732 done | 🕒 IterTime: 1.64s | 🕘 Elapsed: 1348.6s | ⏳ ETA: 8.2 min
🧠 Iteration 733 | Getting state...
⚙️ Scheduling...
✅ Schedule completed.
🔍 Verifying schedule...
📈 Updating policy...
torch.Size([512, 5, 10, 32])
torch.Size([468, 5, 10, 32])
torch.Size([512, 5, 10, 32])
torch.Size([468, 5, 10, 32])
torch.Size([512, 5, 10, 32])
torch.Size([468, 5, 10, 32])
📊 Reward: -35.052 | Loss: 0.066
⏱ Iter 733 done | 🕒 IterTime: 1.75s | 🕘 Elapsed: 1350.3s | ⏳ ETA: 8.2 min
🧠 Iteration 734 | Getting state...
⚙️ Scheduling...
✅ Schedule completed.
🔍 Verifying schedule...
📈 Updating policy...
torch.Size([512, 5, 10, 32])
torch.Size([468, 5, 10, 32])
torch.Size([512, 5, 10, 32])
torch.Size([468, 5, 10, 32])
torch.Size([512, 5, 10, 32])
torch.Size([468, 5, 10, 32])
📊 Reward: -38.952 | Loss: 0.030
⏱ Iter 734 done | 🕒 IterTime: 1.77s | 🕘 Elapsed: 1352.1s | ⏳ ETA: 8.2 min
🧠 Iteration 735 | Getting state...
⚙️ Scheduling...
✅ Schedule completed.
🔍 Verifying schedule...
📈 Updating policy...
torch.Size([512, 5, 10, 32])
torch.Size([468, 5, 10, 32])
torch.Size([512, 5, 10, 32])
torch.Size([468, 5, 10, 32])
torch.Size([512, 5, 10, 32])
torch.Size([468, 5, 10, 32])
📊 Reward: -35.952 | Loss: 0.029
⏱ Iter 735 done | 🕒 IterTime: 1.71s | 🕘 Elapsed: 1353.8s | ⏳ ETA: 8.1 min
🧠 Iteration 736 | Getting state...
⚙️ Scheduling...
✅ Schedule completed.
🔍 Verifying schedule...
📈 Updating policy...
torch.Size([512, 5, 10, 32])
torch.Size([468, 5, 10, 32])
torch.Size([512, 5, 10, 32])
torch.Size([468, 5, 10, 32])
torch.Size([512, 5, 10, 32])
torch.Size([468, 5, 10, 32])
📊 Reward: -35.002 | Loss: 0.042
⏱ Iter 736 done | 🕒 IterTime: 1.61s | 🕘 Elapsed: 1355.4s | ⏳ ETA: 8.1 min
🧠 Iteration 737 | Getting state...
⚙️ Scheduling...
✅ Schedule completed.
🔍 Verifying schedule...
📈 Updating policy...
torch.Size([512, 5, 10, 32])
torch.Size([468, 5, 10, 32])
torch.Size([512, 5, 10, 32])
torch.Size([468, 5, 10, 32])
torch.Size([512, 5, 10, 32])
torch.Size([468, 5, 10, 32])
📊 Reward: -32.802 | Loss: 0.092
⏱ Iter 737 done | 🕒 IterTime: 1.78s | 🕘 Elapsed: 1357.2s | ⏳ ETA: 8.1 min
🧠 Iteration 738 | Getting state...
⚙️ Scheduling...
✅ Schedule completed.
🔍 Verifying schedule...
📈 Updating policy...
torch.Size([512, 5, 10, 32])
torch.Size([468, 5, 10, 32])
torch.Size([512, 5, 10, 32])
torch.Size([468, 5, 10, 32])
torch.Size([512, 5, 10, 32])
torch.Size([468, 5, 10, 32])
📊 Reward: -33.652 | Loss: 0.054
⏱ Iter 738 done | 🕒 IterTime: 1.80s | 🕘 Elapsed: 1359.0s | ⏳ ETA: 8.0 min
🧠 Iteration 739 | Getting state...
⚙️ Scheduling...
✅ Schedule completed.
🔍 Verifying schedule...
📈 Updating policy...
torch.Size([512, 5, 10, 32])
torch.Size([468, 5, 10, 32])
torch.Size([512, 5, 10, 32])
torch.Size([468, 5, 10, 32])
torch.Size([512, 5, 10, 32])
torch.Size([468, 5, 10, 32])
📊 Reward: -35.902 | Loss: 0.034
⏱ Iter 739 done | 🕒 IterTime: 1.76s | 🕘 Elapsed: 1360.7s | ⏳ ETA: 8.0 min
🧠 Iteration 740 | Getting state...
⚙️ Scheduling...
✅ Schedule completed.
🔍 Verifying schedule...
📈 Updating policy...
torch.Size([512, 5, 10, 32])
torch.Size([468, 5, 10, 32])
torch.Size([512, 5, 10, 32])
torch.Size([468, 5, 10, 32])
torch.Size([512, 5, 10, 32])
torch.Size([468, 5, 10, 32])
📊 Reward: -33.702 | Loss: 0.030

🧪 Validating policy...
There are 100 dev instances.
validating time:  1.8600177764892578 

⏱ Iter 740 done | 🕒 IterTime: 3.61s | 🕘 Elapsed: 1364.3s | ⏳ ETA: 8.0 min
[15:28:55] 🔄 Refreshing training instances...
📦 num_jobs: 10, num_mas: 5, num_opes: 51
🧠 Iteration 741 | Getting state...
⚙️ Scheduling...
✅ Schedule completed.
🔍 Verifying schedule...
📈 Updating policy...
torch.Size([512, 5, 10, 32])
torch.Size([508, 5, 10, 32])
torch.Size([512, 5, 10, 32])
torch.Size([508, 5, 10, 32])
torch.Size([512, 5, 10, 32])
torch.Size([508, 5, 10, 32])
📊 Reward: -44.866 | Loss: 0.042
⏱ Iter 741 done | 🕒 IterTime: 1.81s | 🕘 Elapsed: 1366.1s | ⏳ ETA: 8.0 min
🧠 Iteration 742 | Getting state...
⚙️ Scheduling...
✅ Schedule completed.
🔍 Verifying schedule...
📈 Updating policy...
torch.Size([512, 5, 10, 32])
torch.Size([508, 5, 10, 32])
torch.Size([512, 5, 10, 32])
torch.Size([508, 5, 10, 32])
torch.Size([512, 5, 10, 32])
torch.Size([508, 5, 10, 32])
📊 Reward: -47.266 | Loss: 0.039
⏱ Iter 742 done | 🕒 IterTime: 1.72s | 🕘 Elapsed: 1367.9s | ⏳ ETA: 7.9 min
🧠 Iteration 743 | Getting state...
⚙️ Scheduling...
✅ Schedule completed.
🔍 Verifying schedule...
📈 Updating policy...
torch.Size([512, 5, 10, 32])
torch.Size([508, 5, 10, 32])
torch.Size([512, 5, 10, 32])
torch.Size([508, 5, 10, 32])
torch.Size([512, 5, 10, 32])
torch.Size([508, 5, 10, 32])
📊 Reward: -44.216 | Loss: 0.053
⏱ Iter 743 done | 🕒 IterTime: 1.67s | 🕘 Elapsed: 1369.5s | ⏳ ETA: 7.9 min
🧠 Iteration 744 | Getting state...
⚙️ Scheduling...
✅ Schedule completed.
🔍 Verifying schedule...
📈 Updating policy...
torch.Size([512, 5, 10, 32])
torch.Size([508, 5, 10, 32])
torch.Size([512, 5, 10, 32])
torch.Size([508, 5, 10, 32])
torch.Size([512, 5, 10, 32])
torch.Size([508, 5, 10, 32])
📊 Reward: -43.216 | Loss: 0.035
⏱ Iter 744 done | 🕒 IterTime: 1.80s | 🕘 Elapsed: 1371.3s | ⏳ ETA: 7.9 min
🧠 Iteration 745 | Getting state...
⚙️ Scheduling...
✅ Schedule completed.
🔍 Verifying schedule...
📈 Updating policy...
torch.Size([512, 5, 10, 32])
torch.Size([508, 5, 10, 32])
torch.Size([512, 5, 10, 32])
torch.Size([508, 5, 10, 32])
torch.Size([512, 5, 10, 32])
torch.Size([508, 5, 10, 32])
📊 Reward: -43.216 | Loss: 0.008
⏱ Iter 745 done | 🕒 IterTime: 1.71s | 🕘 Elapsed: 1373.0s | ⏳ ETA: 7.8 min
🧠 Iteration 746 | Getting state...
⚙️ Scheduling...
✅ Schedule completed.
🔍 Verifying schedule...
📈 Updating policy...
torch.Size([512, 5, 10, 32])
torch.Size([508, 5, 10, 32])
torch.Size([512, 5, 10, 32])
torch.Size([508, 5, 10, 32])
torch.Size([512, 5, 10, 32])
torch.Size([508, 5, 10, 32])
📊 Reward: -42.016 | Loss: 0.025
⏱ Iter 746 done | 🕒 IterTime: 1.72s | 🕘 Elapsed: 1374.8s | ⏳ ETA: 7.8 min
🧠 Iteration 747 | Getting state...
⚙️ Scheduling...
✅ Schedule completed.
🔍 Verifying schedule...
📈 Updating policy...
torch.Size([512, 5, 10, 32])
torch.Size([508, 5, 10, 32])
torch.Size([512, 5, 10, 32])
torch.Size([508, 5, 10, 32])
torch.Size([512, 5, 10, 32])
torch.Size([508, 5, 10, 32])
📊 Reward: -42.866 | Loss: 0.029
⏱ Iter 747 done | 🕒 IterTime: 1.73s | 🕘 Elapsed: 1376.5s | ⏳ ETA: 7.8 min
🧠 Iteration 748 | Getting state...
⚙️ Scheduling...
✅ Schedule completed.
🔍 Verifying schedule...
📈 Updating policy...
torch.Size([512, 5, 10, 32])
torch.Size([508, 5, 10, 32])
torch.Size([512, 5, 10, 32])
torch.Size([508, 5, 10, 32])
torch.Size([512, 5, 10, 32])
torch.Size([508, 5, 10, 32])
📊 Reward: -41.716 | Loss: 0.023
⏱ Iter 748 done | 🕒 IterTime: 1.70s | 🕘 Elapsed: 1378.2s | ⏳ ETA: 7.7 min
🧠 Iteration 749 | Getting state...
⚙️ Scheduling...
✅ Schedule completed.
🔍 Verifying schedule...
📈 Updating policy...
torch.Size([512, 5, 10, 32])
torch.Size([508, 5, 10, 32])
torch.Size([512, 5, 10, 32])
torch.Size([508, 5, 10, 32])
torch.Size([512, 5, 10, 32])
torch.Size([508, 5, 10, 32])
📊 Reward: -42.766 | Loss: 0.011
⏱ Iter 749 done | 🕒 IterTime: 1.80s | 🕘 Elapsed: 1380.0s | ⏳ ETA: 7.7 min
🧠 Iteration 750 | Getting state...
⚙️ Scheduling...
✅ Schedule completed.
🔍 Verifying schedule...
📈 Updating policy...
torch.Size([512, 5, 10, 32])
torch.Size([508, 5, 10, 32])
torch.Size([512, 5, 10, 32])
torch.Size([508, 5, 10, 32])
torch.Size([512, 5, 10, 32])
torch.Size([508, 5, 10, 32])
📊 Reward: -42.816 | Loss: 0.027

🧪 Validating policy...
There are 100 dev instances.
validating time:  1.8393542766571045 

⏱ Iter 750 done | 🕒 IterTime: 3.67s | 🕘 Elapsed: 1383.7s | ⏳ ETA: 7.7 min
🧠 Iteration 751 | Getting state...
⚙️ Scheduling...
✅ Schedule completed.
🔍 Verifying schedule...
📈 Updating policy...
torch.Size([512, 5, 10, 32])
torch.Size([508, 5, 10, 32])
torch.Size([512, 5, 10, 32])
torch.Size([508, 5, 10, 32])
torch.Size([512, 5, 10, 32])
torch.Size([508, 5, 10, 32])
📊 Reward: -39.716 | Loss: 0.028
⏱ Iter 751 done | 🕒 IterTime: 1.73s | 🕘 Elapsed: 1385.4s | ⏳ ETA: 7.7 min
🧠 Iteration 752 | Getting state...
⚙️ Scheduling...
✅ Schedule completed.
🔍 Verifying schedule...
📈 Updating policy...
torch.Size([512, 5, 10, 32])
torch.Size([508, 5, 10, 32])
torch.Size([512, 5, 10, 32])
torch.Size([508, 5, 10, 32])
torch.Size([512, 5, 10, 32])
torch.Size([508, 5, 10, 32])
📊 Reward: -42.066 | Loss: 0.035
⏱ Iter 752 done | 🕒 IterTime: 1.80s | 🕘 Elapsed: 1387.2s | ⏳ ETA: 7.6 min
🧠 Iteration 753 | Getting state...
⚙️ Scheduling...
✅ Schedule completed.
🔍 Verifying schedule...
📈 Updating policy...
torch.Size([512, 5, 10, 32])
torch.Size([508, 5, 10, 32])
torch.Size([512, 5, 10, 32])
torch.Size([508, 5, 10, 32])
torch.Size([512, 5, 10, 32])
torch.Size([508, 5, 10, 32])
📊 Reward: -41.366 | Loss: 0.017
⏱ Iter 753 done | 🕒 IterTime: 1.75s | 🕘 Elapsed: 1388.9s | ⏳ ETA: 7.6 min
🧠 Iteration 754 | Getting state...
⚙️ Scheduling...
✅ Schedule completed.
🔍 Verifying schedule...
📈 Updating policy...
torch.Size([512, 5, 10, 32])
torch.Size([508, 5, 10, 32])
torch.Size([512, 5, 10, 32])
torch.Size([508, 5, 10, 32])
torch.Size([512, 5, 10, 32])
torch.Size([508, 5, 10, 32])
📊 Reward: -38.966 | Loss: 0.018
⏱ Iter 754 done | 🕒 IterTime: 1.75s | 🕘 Elapsed: 1390.7s | ⏳ ETA: 7.6 min
🧠 Iteration 755 | Getting state...
⚙️ Scheduling...
✅ Schedule completed.
🔍 Verifying schedule...
📈 Updating policy...
torch.Size([512, 5, 10, 32])
torch.Size([508, 5, 10, 32])
torch.Size([512, 5, 10, 32])
torch.Size([508, 5, 10, 32])
torch.Size([512, 5, 10, 32])
torch.Size([508, 5, 10, 32])
📊 Reward: -41.916 | Loss: 0.020
⏱ Iter 755 done | 🕒 IterTime: 1.74s | 🕘 Elapsed: 1392.4s | ⏳ ETA: 7.5 min
🧠 Iteration 756 | Getting state...
⚙️ Scheduling...
✅ Schedule completed.
🔍 Verifying schedule...
📈 Updating policy...
torch.Size([512, 5, 10, 32])
torch.Size([508, 5, 10, 32])
torch.Size([512, 5, 10, 32])
torch.Size([508, 5, 10, 32])
torch.Size([512, 5, 10, 32])
torch.Size([508, 5, 10, 32])
📊 Reward: -42.716 | Loss: 0.032
⏱ Iter 756 done | 🕒 IterTime: 1.77s | 🕘 Elapsed: 1394.2s | ⏳ ETA: 7.5 min
🧠 Iteration 757 | Getting state...
⚙️ Scheduling...
✅ Schedule completed.
🔍 Verifying schedule...
📈 Updating policy...
torch.Size([512, 5, 10, 32])
torch.Size([508, 5, 10, 32])
torch.Size([512, 5, 10, 32])
torch.Size([508, 5, 10, 32])
torch.Size([512, 5, 10, 32])
torch.Size([508, 5, 10, 32])
📊 Reward: -43.116 | Loss: -0.008
⏱ Iter 757 done | 🕒 IterTime: 1.74s | 🕘 Elapsed: 1395.9s | ⏳ ETA: 7.5 min
🧠 Iteration 758 | Getting state...
⚙️ Scheduling...
✅ Schedule completed.
🔍 Verifying schedule...
📈 Updating policy...
torch.Size([512, 5, 10, 32])
torch.Size([508, 5, 10, 32])
torch.Size([512, 5, 10, 32])
torch.Size([508, 5, 10, 32])
torch.Size([512, 5, 10, 32])
torch.Size([508, 5, 10, 32])
📊 Reward: -39.216 | Loss: 0.003
⏱ Iter 758 done | 🕒 IterTime: 1.72s | 🕘 Elapsed: 1397.7s | ⏳ ETA: 7.4 min
🧠 Iteration 759 | Getting state...
⚙️ Scheduling...
✅ Schedule completed.
🔍 Verifying schedule...
📈 Updating policy...
torch.Size([512, 5, 10, 32])
torch.Size([508, 5, 10, 32])
torch.Size([512, 5, 10, 32])
torch.Size([508, 5, 10, 32])
torch.Size([512, 5, 10, 32])
torch.Size([508, 5, 10, 32])
📊 Reward: -41.516 | Loss: 0.038
⏱ Iter 759 done | 🕒 IterTime: 1.72s | 🕘 Elapsed: 1399.4s | ⏳ ETA: 7.4 min
🧠 Iteration 760 | Getting state...
⚙️ Scheduling...
✅ Schedule completed.
🔍 Verifying schedule...
📈 Updating policy...
torch.Size([512, 5, 10, 32])
torch.Size([508, 5, 10, 32])
torch.Size([512, 5, 10, 32])
torch.Size([508, 5, 10, 32])
torch.Size([512, 5, 10, 32])
torch.Size([508, 5, 10, 32])
📊 Reward: -40.166 | Loss: 0.049

🧪 Validating policy...
There are 100 dev instances.
validating time:  1.706214189529419 

⏱ Iter 760 done | 🕒 IterTime: 3.46s | 🕘 Elapsed: 1402.8s | ⏳ ETA: 7.4 min
[15:29:34] 🔄 Refreshing training instances...
📦 num_jobs: 10, num_mas: 5, num_opes: 49
🧠 Iteration 761 | Getting state...
⚙️ Scheduling...
✅ Schedule completed.
🔍 Verifying schedule...
📈 Updating policy...
torch.Size([512, 5, 10, 32])
torch.Size([468, 5, 10, 32])
torch.Size([512, 5, 10, 32])
torch.Size([468, 5, 10, 32])
torch.Size([512, 5, 10, 32])
torch.Size([468, 5, 10, 32])
📊 Reward: -36.185 | Loss: 0.045
⏱ Iter 761 done | 🕒 IterTime: 1.66s | 🕘 Elapsed: 1404.5s | ⏳ ETA: 7.4 min
🧠 Iteration 762 | Getting state...
⚙️ Scheduling...
✅ Schedule completed.
🔍 Verifying schedule...
📈 Updating policy...
torch.Size([512, 5, 10, 32])
torch.Size([468, 5, 10, 32])
torch.Size([512, 5, 10, 32])
torch.Size([468, 5, 10, 32])
torch.Size([512, 5, 10, 32])
torch.Size([468, 5, 10, 32])
📊 Reward: -38.135 | Loss: 0.026
⏱ Iter 762 done | 🕒 IterTime: 1.61s | 🕘 Elapsed: 1406.1s | ⏳ ETA: 7.3 min
🧠 Iteration 763 | Getting state...
⚙️ Scheduling...
✅ Schedule completed.
🔍 Verifying schedule...
📈 Updating policy...
torch.Size([512, 5, 10, 32])
torch.Size([468, 5, 10, 32])
torch.Size([512, 5, 10, 32])
torch.Size([468, 5, 10, 32])
torch.Size([512, 5, 10, 32])
torch.Size([468, 5, 10, 32])
📊 Reward: -35.685 | Loss: 0.028
⏱ Iter 763 done | 🕒 IterTime: 1.61s | 🕘 Elapsed: 1407.7s | ⏳ ETA: 7.3 min
🧠 Iteration 764 | Getting state...
⚙️ Scheduling...
✅ Schedule completed.
🔍 Verifying schedule...
📈 Updating policy...
torch.Size([512, 5, 10, 32])
torch.Size([468, 5, 10, 32])
torch.Size([512, 5, 10, 32])
torch.Size([468, 5, 10, 32])
torch.Size([512, 5, 10, 32])
torch.Size([468, 5, 10, 32])
📊 Reward: -38.085 | Loss: 0.028
⏱ Iter 764 done | 🕒 IterTime: 1.57s | 🕘 Elapsed: 1409.3s | ⏳ ETA: 7.3 min
🧠 Iteration 765 | Getting state...
⚙️ Scheduling...
✅ Schedule completed.
🔍 Verifying schedule...
📈 Updating policy...
torch.Size([512, 5, 10, 32])
torch.Size([468, 5, 10, 32])
torch.Size([512, 5, 10, 32])
torch.Size([468, 5, 10, 32])
torch.Size([512, 5, 10, 32])
torch.Size([468, 5, 10, 32])
📊 Reward: -35.635 | Loss: 0.039
⏱ Iter 765 done | 🕒 IterTime: 1.69s | 🕘 Elapsed: 1411.0s | ⏳ ETA: 7.2 min
🧠 Iteration 766 | Getting state...
⚙️ Scheduling...
✅ Schedule completed.
🔍 Verifying schedule...
📈 Updating policy...
torch.Size([512, 5, 10, 32])
torch.Size([468, 5, 10, 32])
torch.Size([512, 5, 10, 32])
torch.Size([468, 5, 10, 32])
torch.Size([512, 5, 10, 32])
torch.Size([468, 5, 10, 32])
📊 Reward: -36.685 | Loss: 0.055
⏱ Iter 766 done | 🕒 IterTime: 1.69s | 🕘 Elapsed: 1412.7s | ⏳ ETA: 7.2 min
🧠 Iteration 767 | Getting state...
⚙️ Scheduling...
✅ Schedule completed.
🔍 Verifying schedule...
📈 Updating policy...
torch.Size([512, 5, 10, 32])
torch.Size([468, 5, 10, 32])
torch.Size([512, 5, 10, 32])
torch.Size([468, 5, 10, 32])
torch.Size([512, 5, 10, 32])
torch.Size([468, 5, 10, 32])
📊 Reward: -37.385 | Loss: 0.060
⏱ Iter 767 done | 🕒 IterTime: 1.71s | 🕘 Elapsed: 1414.4s | ⏳ ETA: 7.2 min
🧠 Iteration 768 | Getting state...
⚙️ Scheduling...
✅ Schedule completed.
🔍 Verifying schedule...
📈 Updating policy...
torch.Size([512, 5, 10, 32])
torch.Size([468, 5, 10, 32])
torch.Size([512, 5, 10, 32])
torch.Size([468, 5, 10, 32])
torch.Size([512, 5, 10, 32])
torch.Size([468, 5, 10, 32])
📊 Reward: -37.385 | Loss: 0.063
⏱ Iter 768 done | 🕒 IterTime: 1.68s | 🕘 Elapsed: 1416.1s | ⏳ ETA: 7.1 min
🧠 Iteration 769 | Getting state...
⚙️ Scheduling...
✅ Schedule completed.
🔍 Verifying schedule...
📈 Updating policy...
torch.Size([512, 5, 10, 32])
torch.Size([468, 5, 10, 32])
torch.Size([512, 5, 10, 32])
torch.Size([468, 5, 10, 32])
torch.Size([512, 5, 10, 32])
torch.Size([468, 5, 10, 32])
📊 Reward: -37.985 | Loss: 0.022
⏱ Iter 769 done | 🕒 IterTime: 1.66s | 🕘 Elapsed: 1417.7s | ⏳ ETA: 7.1 min
🧠 Iteration 770 | Getting state...
⚙️ Scheduling...
✅ Schedule completed.
🔍 Verifying schedule...
📈 Updating policy...
torch.Size([512, 5, 10, 32])
torch.Size([468, 5, 10, 32])
torch.Size([512, 5, 10, 32])
torch.Size([468, 5, 10, 32])
torch.Size([512, 5, 10, 32])
torch.Size([468, 5, 10, 32])
📊 Reward: -37.735 | Loss: 0.019

🧪 Validating policy...
There are 100 dev instances.
validating time:  1.6743264198303223 

⏱ Iter 770 done | 🕒 IterTime: 3.30s | 🕘 Elapsed: 1421.0s | ⏳ ETA: 7.1 min
🧠 Iteration 771 | Getting state...
⚙️ Scheduling...
✅ Schedule completed.
🔍 Verifying schedule...
📈 Updating policy...
torch.Size([512, 5, 10, 32])
torch.Size([468, 5, 10, 32])
torch.Size([512, 5, 10, 32])
torch.Size([468, 5, 10, 32])
torch.Size([512, 5, 10, 32])
torch.Size([468, 5, 10, 32])
📊 Reward: -37.185 | Loss: 0.037
⏱ Iter 771 done | 🕒 IterTime: 1.77s | 🕘 Elapsed: 1422.8s | ⏳ ETA: 7.0 min
🧠 Iteration 772 | Getting state...
⚙️ Scheduling...
✅ Schedule completed.
🔍 Verifying schedule...
📈 Updating policy...
torch.Size([512, 5, 10, 32])
torch.Size([468, 5, 10, 32])
torch.Size([512, 5, 10, 32])
torch.Size([468, 5, 10, 32])
torch.Size([512, 5, 10, 32])
torch.Size([468, 5, 10, 32])
📊 Reward: -37.185 | Loss: 0.070
⏱ Iter 772 done | 🕒 IterTime: 1.75s | 🕘 Elapsed: 1424.6s | ⏳ ETA: 7.0 min
🧠 Iteration 773 | Getting state...
⚙️ Scheduling...
✅ Schedule completed.
🔍 Verifying schedule...
📈 Updating policy...
torch.Size([512, 5, 10, 32])
torch.Size([468, 5, 10, 32])
torch.Size([512, 5, 10, 32])
torch.Size([468, 5, 10, 32])
torch.Size([512, 5, 10, 32])
torch.Size([468, 5, 10, 32])
📊 Reward: -38.685 | Loss: 0.040
⏱ Iter 773 done | 🕒 IterTime: 1.78s | 🕘 Elapsed: 1426.3s | ⏳ ETA: 7.0 min
🧠 Iteration 774 | Getting state...
⚙️ Scheduling...
✅ Schedule completed.
🔍 Verifying schedule...
📈 Updating policy...
torch.Size([512, 5, 10, 32])
torch.Size([468, 5, 10, 32])
torch.Size([512, 5, 10, 32])
torch.Size([468, 5, 10, 32])
torch.Size([512, 5, 10, 32])
torch.Size([468, 5, 10, 32])
📊 Reward: -37.285 | Loss: 0.053
⏱ Iter 774 done | 🕒 IterTime: 1.70s | 🕘 Elapsed: 1428.0s | ⏳ ETA: 6.9 min
🧠 Iteration 775 | Getting state...
⚙️ Scheduling...
✅ Schedule completed.
🔍 Verifying schedule...
📈 Updating policy...
torch.Size([512, 5, 10, 32])
torch.Size([468, 5, 10, 32])
torch.Size([512, 5, 10, 32])
torch.Size([468, 5, 10, 32])
torch.Size([512, 5, 10, 32])
torch.Size([468, 5, 10, 32])
📊 Reward: -37.685 | Loss: 0.007
⏱ Iter 775 done | 🕒 IterTime: 1.59s | 🕘 Elapsed: 1429.6s | ⏳ ETA: 6.9 min
🧠 Iteration 776 | Getting state...
⚙️ Scheduling...
✅ Schedule completed.
🔍 Verifying schedule...
📈 Updating policy...
torch.Size([512, 5, 10, 32])
torch.Size([468, 5, 10, 32])
torch.Size([512, 5, 10, 32])
torch.Size([468, 5, 10, 32])
torch.Size([512, 5, 10, 32])
torch.Size([468, 5, 10, 32])
📊 Reward: -36.585 | Loss: 0.039
⏱ Iter 776 done | 🕒 IterTime: 1.69s | 🕘 Elapsed: 1431.3s | ⏳ ETA: 6.9 min
🧠 Iteration 777 | Getting state...
⚙️ Scheduling...
✅ Schedule completed.
🔍 Verifying schedule...
📈 Updating policy...
torch.Size([512, 5, 10, 32])
torch.Size([468, 5, 10, 32])
torch.Size([512, 5, 10, 32])
torch.Size([468, 5, 10, 32])
torch.Size([512, 5, 10, 32])
torch.Size([468, 5, 10, 32])
📊 Reward: -39.285 | Loss: 0.034
⏱ Iter 777 done | 🕒 IterTime: 1.68s | 🕘 Elapsed: 1433.0s | ⏳ ETA: 6.9 min
🧠 Iteration 778 | Getting state...
⚙️ Scheduling...
✅ Schedule completed.
🔍 Verifying schedule...
📈 Updating policy...
torch.Size([512, 5, 10, 32])
torch.Size([468, 5, 10, 32])
torch.Size([512, 5, 10, 32])
torch.Size([468, 5, 10, 32])
torch.Size([512, 5, 10, 32])
torch.Size([468, 5, 10, 32])
📊 Reward: -38.135 | Loss: 0.035
⏱ Iter 778 done | 🕒 IterTime: 1.68s | 🕘 Elapsed: 1434.7s | ⏳ ETA: 6.8 min
🧠 Iteration 779 | Getting state...
⚙️ Scheduling...
✅ Schedule completed.
🔍 Verifying schedule...
📈 Updating policy...
torch.Size([512, 5, 10, 32])
torch.Size([468, 5, 10, 32])
torch.Size([512, 5, 10, 32])
torch.Size([468, 5, 10, 32])
torch.Size([512, 5, 10, 32])
torch.Size([468, 5, 10, 32])
📊 Reward: -37.935 | Loss: 0.051
⏱ Iter 779 done | 🕒 IterTime: 1.68s | 🕘 Elapsed: 1436.4s | ⏳ ETA: 6.8 min
🧠 Iteration 780 | Getting state...
⚙️ Scheduling...
✅ Schedule completed.
🔍 Verifying schedule...
📈 Updating policy...
torch.Size([512, 5, 10, 32])
torch.Size([468, 5, 10, 32])
torch.Size([512, 5, 10, 32])
torch.Size([468, 5, 10, 32])
torch.Size([512, 5, 10, 32])
torch.Size([468, 5, 10, 32])
📊 Reward: -36.235 | Loss: 0.031

🧪 Validating policy...
There are 100 dev instances.
validating time:  1.8456833362579346 

⏱ Iter 780 done | 🕒 IterTime: 3.66s | 🕘 Elapsed: 1440.0s | ⏳ ETA: 6.8 min
[15:30:11] 🔄 Refreshing training instances...
📦 num_jobs: 10, num_mas: 5, num_opes: 51
🧠 Iteration 781 | Getting state...
⚙️ Scheduling...
✅ Schedule completed.
🔍 Verifying schedule...
📈 Updating policy...
torch.Size([512, 5, 10, 32])
torch.Size([508, 5, 10, 32])
torch.Size([512, 5, 10, 32])
torch.Size([508, 5, 10, 32])
torch.Size([512, 5, 10, 32])
torch.Size([508, 5, 10, 32])
📊 Reward: -39.919 | Loss: 0.025
⏱ Iter 781 done | 🕒 IterTime: 1.98s | 🕘 Elapsed: 1442.0s | ⏳ ETA: 6.7 min
🧠 Iteration 782 | Getting state...
⚙️ Scheduling...
✅ Schedule completed.
🔍 Verifying schedule...
📈 Updating policy...
torch.Size([512, 5, 10, 32])
torch.Size([508, 5, 10, 32])
torch.Size([512, 5, 10, 32])
torch.Size([508, 5, 10, 32])
torch.Size([512, 5, 10, 32])
torch.Size([508, 5, 10, 32])
📊 Reward: -40.069 | Loss: 0.037
⏱ Iter 782 done | 🕒 IterTime: 1.78s | 🕘 Elapsed: 1443.8s | ⏳ ETA: 6.7 min
🧠 Iteration 783 | Getting state...
⚙️ Scheduling...
✅ Schedule completed.
🔍 Verifying schedule...
📈 Updating policy...
torch.Size([512, 5, 10, 32])
torch.Size([508, 5, 10, 32])
torch.Size([512, 5, 10, 32])
torch.Size([508, 5, 10, 32])
torch.Size([512, 5, 10, 32])
torch.Size([508, 5, 10, 32])
📊 Reward: -39.019 | Loss: 0.023
⏱ Iter 783 done | 🕒 IterTime: 1.79s | 🕘 Elapsed: 1445.6s | ⏳ ETA: 6.7 min
🧠 Iteration 784 | Getting state...
⚙️ Scheduling...
✅ Schedule completed.
🔍 Verifying schedule...
📈 Updating policy...
torch.Size([512, 5, 10, 32])
torch.Size([508, 5, 10, 32])
torch.Size([512, 5, 10, 32])
torch.Size([508, 5, 10, 32])
torch.Size([512, 5, 10, 32])
torch.Size([508, 5, 10, 32])
📊 Reward: -38.769 | Loss: 0.027
⏱ Iter 784 done | 🕒 IterTime: 1.80s | 🕘 Elapsed: 1447.4s | ⏳ ETA: 6.6 min
🧠 Iteration 785 | Getting state...
⚙️ Scheduling...
✅ Schedule completed.
🔍 Verifying schedule...
📈 Updating policy...
torch.Size([512, 5, 10, 32])
torch.Size([508, 5, 10, 32])
torch.Size([512, 5, 10, 32])
torch.Size([508, 5, 10, 32])
torch.Size([512, 5, 10, 32])
torch.Size([508, 5, 10, 32])
📊 Reward: -39.319 | Loss: 0.050
⏱ Iter 785 done | 🕒 IterTime: 1.71s | 🕘 Elapsed: 1449.1s | ⏳ ETA: 6.6 min
🧠 Iteration 786 | Getting state...
⚙️ Scheduling...
✅ Schedule completed.
🔍 Verifying schedule...
📈 Updating policy...
torch.Size([512, 5, 10, 32])
torch.Size([508, 5, 10, 32])
torch.Size([512, 5, 10, 32])
torch.Size([508, 5, 10, 32])
torch.Size([512, 5, 10, 32])
torch.Size([508, 5, 10, 32])
📊 Reward: -42.319 | Loss: 0.026
⏱ Iter 786 done | 🕒 IterTime: 1.72s | 🕘 Elapsed: 1450.8s | ⏳ ETA: 6.6 min
🧠 Iteration 787 | Getting state...
⚙️ Scheduling...
✅ Schedule completed.
🔍 Verifying schedule...
📈 Updating policy...
torch.Size([512, 5, 10, 32])
torch.Size([508, 5, 10, 32])
torch.Size([512, 5, 10, 32])
torch.Size([508, 5, 10, 32])
torch.Size([512, 5, 10, 32])
torch.Size([508, 5, 10, 32])
📊 Reward: -39.869 | Loss: 0.004
⏱ Iter 787 done | 🕒 IterTime: 1.71s | 🕘 Elapsed: 1452.5s | ⏳ ETA: 6.6 min
🧠 Iteration 788 | Getting state...
⚙️ Scheduling...
✅ Schedule completed.
🔍 Verifying schedule...
📈 Updating policy...
torch.Size([512, 5, 10, 32])
torch.Size([508, 5, 10, 32])
torch.Size([512, 5, 10, 32])
torch.Size([508, 5, 10, 32])
torch.Size([512, 5, 10, 32])
torch.Size([508, 5, 10, 32])
📊 Reward: -40.519 | Loss: 0.016
⏱ Iter 788 done | 🕒 IterTime: 1.79s | 🕘 Elapsed: 1454.3s | ⏳ ETA: 6.5 min
🧠 Iteration 789 | Getting state...
⚙️ Scheduling...
✅ Schedule completed.
🔍 Verifying schedule...
📈 Updating policy...
torch.Size([512, 5, 10, 32])
torch.Size([508, 5, 10, 32])
torch.Size([512, 5, 10, 32])
torch.Size([508, 5, 10, 32])
torch.Size([512, 5, 10, 32])
torch.Size([508, 5, 10, 32])
📊 Reward: -37.819 | Loss: 0.046
⏱ Iter 789 done | 🕒 IterTime: 1.73s | 🕘 Elapsed: 1456.0s | ⏳ ETA: 6.5 min
🧠 Iteration 790 | Getting state...
⚙️ Scheduling...
✅ Schedule completed.
🔍 Verifying schedule...
📈 Updating policy...
torch.Size([512, 5, 10, 32])
torch.Size([508, 5, 10, 32])
torch.Size([512, 5, 10, 32])
torch.Size([508, 5, 10, 32])
torch.Size([512, 5, 10, 32])
torch.Size([508, 5, 10, 32])
📊 Reward: -41.069 | Loss: 0.028

🧪 Validating policy...
There are 100 dev instances.
validating time:  1.683873176574707 

⏱ Iter 790 done | 🕒 IterTime: 3.44s | 🕘 Elapsed: 1459.5s | ⏳ ETA: 6.5 min
🧠 Iteration 791 | Getting state...
⚙️ Scheduling...
✅ Schedule completed.
🔍 Verifying schedule...
📈 Updating policy...
torch.Size([512, 5, 10, 32])
torch.Size([508, 5, 10, 32])
torch.Size([512, 5, 10, 32])
torch.Size([508, 5, 10, 32])
torch.Size([512, 5, 10, 32])
torch.Size([508, 5, 10, 32])
📊 Reward: -37.169 | Loss: 0.027
⏱ Iter 791 done | 🕒 IterTime: 1.74s | 🕘 Elapsed: 1461.2s | ⏳ ETA: 6.4 min
🧠 Iteration 792 | Getting state...
⚙️ Scheduling...
✅ Schedule completed.
🔍 Verifying schedule...
📈 Updating policy...
torch.Size([512, 5, 10, 32])
torch.Size([508, 5, 10, 32])
torch.Size([512, 5, 10, 32])
torch.Size([508, 5, 10, 32])
torch.Size([512, 5, 10, 32])
torch.Size([508, 5, 10, 32])
📊 Reward: -39.719 | Loss: 0.027
⏱ Iter 792 done | 🕒 IterTime: 1.88s | 🕘 Elapsed: 1463.1s | ⏳ ETA: 6.4 min
🧠 Iteration 793 | Getting state...
⚙️ Scheduling...
✅ Schedule completed.
🔍 Verifying schedule...
📈 Updating policy...
torch.Size([512, 5, 10, 32])
torch.Size([508, 5, 10, 32])
torch.Size([512, 5, 10, 32])
torch.Size([508, 5, 10, 32])
torch.Size([512, 5, 10, 32])
torch.Size([508, 5, 10, 32])
📊 Reward: -39.019 | Loss: -0.001
⏱ Iter 793 done | 🕒 IterTime: 1.84s | 🕘 Elapsed: 1464.9s | ⏳ ETA: 6.4 min
🧠 Iteration 794 | Getting state...
⚙️ Scheduling...
✅ Schedule completed.
🔍 Verifying schedule...
📈 Updating policy...
torch.Size([512, 5, 10, 32])
torch.Size([508, 5, 10, 32])
torch.Size([512, 5, 10, 32])
torch.Size([508, 5, 10, 32])
torch.Size([512, 5, 10, 32])
torch.Size([508, 5, 10, 32])
📊 Reward: -38.919 | Loss: 0.028
⏱ Iter 794 done | 🕒 IterTime: 1.84s | 🕘 Elapsed: 1466.8s | ⏳ ETA: 6.3 min
🧠 Iteration 795 | Getting state...
⚙️ Scheduling...
✅ Schedule completed.
🔍 Verifying schedule...
📈 Updating policy...
torch.Size([512, 5, 10, 32])
torch.Size([508, 5, 10, 32])
torch.Size([512, 5, 10, 32])
torch.Size([508, 5, 10, 32])
torch.Size([512, 5, 10, 32])
torch.Size([508, 5, 10, 32])
📊 Reward: -36.969 | Loss: 0.032
⏱ Iter 795 done | 🕒 IterTime: 1.87s | 🕘 Elapsed: 1468.6s | ⏳ ETA: 6.3 min
🧠 Iteration 796 | Getting state...
⚙️ Scheduling...
✅ Schedule completed.
🔍 Verifying schedule...
📈 Updating policy...
torch.Size([512, 5, 10, 32])
torch.Size([508, 5, 10, 32])
torch.Size([512, 5, 10, 32])
torch.Size([508, 5, 10, 32])
torch.Size([512, 5, 10, 32])
torch.Size([508, 5, 10, 32])
📊 Reward: -40.269 | Loss: 0.018
⏱ Iter 796 done | 🕒 IterTime: 1.81s | 🕘 Elapsed: 1470.4s | ⏳ ETA: 6.3 min
🧠 Iteration 797 | Getting state...
⚙️ Scheduling...
✅ Schedule completed.
🔍 Verifying schedule...
📈 Updating policy...
torch.Size([512, 5, 10, 32])
torch.Size([508, 5, 10, 32])
torch.Size([512, 5, 10, 32])
torch.Size([508, 5, 10, 32])
torch.Size([512, 5, 10, 32])
torch.Size([508, 5, 10, 32])
📊 Reward: -39.919 | Loss: 0.031
⏱ Iter 797 done | 🕒 IterTime: 1.67s | 🕘 Elapsed: 1472.1s | ⏳ ETA: 6.2 min
🧠 Iteration 798 | Getting state...
⚙️ Scheduling...
✅ Schedule completed.
🔍 Verifying schedule...
📈 Updating policy...
torch.Size([512, 5, 10, 32])
torch.Size([508, 5, 10, 32])
torch.Size([512, 5, 10, 32])
torch.Size([508, 5, 10, 32])
torch.Size([512, 5, 10, 32])
torch.Size([508, 5, 10, 32])
📊 Reward: -38.919 | Loss: 0.034
⏱ Iter 798 done | 🕒 IterTime: 1.67s | 🕘 Elapsed: 1473.8s | ⏳ ETA: 6.2 min
🧠 Iteration 799 | Getting state...
⚙️ Scheduling...
✅ Schedule completed.
🔍 Verifying schedule...
📈 Updating policy...
torch.Size([512, 5, 10, 32])
torch.Size([508, 5, 10, 32])
torch.Size([512, 5, 10, 32])
torch.Size([508, 5, 10, 32])
torch.Size([512, 5, 10, 32])
torch.Size([508, 5, 10, 32])
📊 Reward: -42.669 | Loss: 0.014
⏱ Iter 799 done | 🕒 IterTime: 1.70s | 🕘 Elapsed: 1475.5s | ⏳ ETA: 6.2 min
🧠 Iteration 800 | Getting state...
⚙️ Scheduling...
✅ Schedule completed.
🔍 Verifying schedule...
📈 Updating policy...
torch.Size([512, 5, 10, 32])
torch.Size([508, 5, 10, 32])
torch.Size([512, 5, 10, 32])
torch.Size([508, 5, 10, 32])
torch.Size([512, 5, 10, 32])
torch.Size([508, 5, 10, 32])
📊 Reward: -42.519 | Loss: 0.045

🧪 Validating policy...
There are 100 dev instances.
validating time:  1.6815855503082275 

⏱ Iter 800 done | 🕒 IterTime: 3.39s | 🕘 Elapsed: 1478.9s | ⏳ ETA: 6.2 min
[15:30:50] 🔄 Refreshing training instances...
📦 num_jobs: 10, num_mas: 5, num_opes: 46
🧠 Iteration 801 | Getting state...
⚙️ Scheduling...
✅ Schedule completed.
🔍 Verifying schedule...
📈 Updating policy...
torch.Size([512, 5, 10, 32])
torch.Size([408, 5, 10, 32])
torch.Size([512, 5, 10, 32])
torch.Size([408, 5, 10, 32])
torch.Size([512, 5, 10, 32])
torch.Size([408, 5, 10, 32])
📊 Reward: -37.374 | Loss: 0.065
⏱ Iter 801 done | 🕒 IterTime: 1.46s | 🕘 Elapsed: 1480.3s | ⏳ ETA: 6.1 min
🧠 Iteration 802 | Getting state...
⚙️ Scheduling...
✅ Schedule completed.
🔍 Verifying schedule...
📈 Updating policy...
torch.Size([512, 5, 10, 32])
torch.Size([408, 5, 10, 32])
torch.Size([512, 5, 10, 32])
torch.Size([408, 5, 10, 32])
torch.Size([512, 5, 10, 32])
torch.Size([408, 5, 10, 32])
📊 Reward: -38.224 | Loss: 0.007
⏱ Iter 802 done | 🕒 IterTime: 1.45s | 🕘 Elapsed: 1481.8s | ⏳ ETA: 6.1 min
🧠 Iteration 803 | Getting state...
⚙️ Scheduling...
✅ Schedule completed.
🔍 Verifying schedule...
📈 Updating policy...
torch.Size([512, 5, 10, 32])
torch.Size([408, 5, 10, 32])
torch.Size([512, 5, 10, 32])
torch.Size([408, 5, 10, 32])
torch.Size([512, 5, 10, 32])
torch.Size([408, 5, 10, 32])
📊 Reward: -35.974 | Loss: 0.017
⏱ Iter 803 done | 🕒 IterTime: 1.49s | 🕘 Elapsed: 1483.3s | ⏳ ETA: 6.1 min
🧠 Iteration 804 | Getting state...
⚙️ Scheduling...
✅ Schedule completed.
🔍 Verifying schedule...
📈 Updating policy...
torch.Size([512, 5, 10, 32])
torch.Size([408, 5, 10, 32])
torch.Size([512, 5, 10, 32])
torch.Size([408, 5, 10, 32])
torch.Size([512, 5, 10, 32])
torch.Size([408, 5, 10, 32])
📊 Reward: -35.074 | Loss: 0.020
⏱ Iter 804 done | 🕒 IterTime: 1.47s | 🕘 Elapsed: 1484.8s | ⏳ ETA: 6.0 min
🧠 Iteration 805 | Getting state...
⚙️ Scheduling...
✅ Schedule completed.
🔍 Verifying schedule...
📈 Updating policy...
torch.Size([512, 5, 10, 32])
torch.Size([408, 5, 10, 32])
torch.Size([512, 5, 10, 32])
torch.Size([408, 5, 10, 32])
torch.Size([512, 5, 10, 32])
torch.Size([408, 5, 10, 32])
📊 Reward: -39.974 | Loss: 0.034
⏱ Iter 805 done | 🕒 IterTime: 1.41s | 🕘 Elapsed: 1486.2s | ⏳ ETA: 6.0 min
🧠 Iteration 806 | Getting state...
⚙️ Scheduling...
✅ Schedule completed.
🔍 Verifying schedule...
📈 Updating policy...
torch.Size([512, 5, 10, 32])
torch.Size([408, 5, 10, 32])
torch.Size([512, 5, 10, 32])
torch.Size([408, 5, 10, 32])
torch.Size([512, 5, 10, 32])
torch.Size([408, 5, 10, 32])
📊 Reward: -38.724 | Loss: 0.059
⏱ Iter 806 done | 🕒 IterTime: 1.32s | 🕘 Elapsed: 1487.5s | ⏳ ETA: 6.0 min
🧠 Iteration 807 | Getting state...
⚙️ Scheduling...
✅ Schedule completed.
🔍 Verifying schedule...
📈 Updating policy...
torch.Size([512, 5, 10, 32])
torch.Size([408, 5, 10, 32])
torch.Size([512, 5, 10, 32])
torch.Size([408, 5, 10, 32])
torch.Size([512, 5, 10, 32])
torch.Size([408, 5, 10, 32])
📊 Reward: -36.874 | Loss: 0.061
⏱ Iter 807 done | 🕒 IterTime: 1.41s | 🕘 Elapsed: 1488.9s | ⏳ ETA: 5.9 min
🧠 Iteration 808 | Getting state...
⚙️ Scheduling...
✅ Schedule completed.
🔍 Verifying schedule...
📈 Updating policy...
torch.Size([512, 5, 10, 32])
torch.Size([408, 5, 10, 32])
torch.Size([512, 5, 10, 32])
torch.Size([408, 5, 10, 32])
torch.Size([512, 5, 10, 32])
torch.Size([408, 5, 10, 32])
📊 Reward: -37.374 | Loss: 0.056
⏱ Iter 808 done | 🕒 IterTime: 1.47s | 🕘 Elapsed: 1490.3s | ⏳ ETA: 5.9 min
🧠 Iteration 809 | Getting state...
⚙️ Scheduling...
✅ Schedule completed.
🔍 Verifying schedule...
📈 Updating policy...
torch.Size([512, 5, 10, 32])
torch.Size([408, 5, 10, 32])
torch.Size([512, 5, 10, 32])
torch.Size([408, 5, 10, 32])
torch.Size([512, 5, 10, 32])
torch.Size([408, 5, 10, 32])
📊 Reward: -38.274 | Loss: -0.010
⏱ Iter 809 done | 🕒 IterTime: 1.43s | 🕘 Elapsed: 1491.8s | ⏳ ETA: 5.9 min
🧠 Iteration 810 | Getting state...
⚙️ Scheduling...
✅ Schedule completed.
🔍 Verifying schedule...
📈 Updating policy...
torch.Size([512, 5, 10, 32])
torch.Size([408, 5, 10, 32])
torch.Size([512, 5, 10, 32])
torch.Size([408, 5, 10, 32])
torch.Size([512, 5, 10, 32])
torch.Size([408, 5, 10, 32])
📊 Reward: -37.574 | Loss: 0.049

🧪 Validating policy...
There are 100 dev instances.
validating time:  1.6301953792572021 

⏱ Iter 810 done | 🕒 IterTime: 3.01s | 🕘 Elapsed: 1494.8s | ⏳ ETA: 5.8 min
🧠 Iteration 811 | Getting state...
⚙️ Scheduling...
✅ Schedule completed.
🔍 Verifying schedule...
📈 Updating policy...
torch.Size([512, 5, 10, 32])
torch.Size([408, 5, 10, 32])
torch.Size([512, 5, 10, 32])
torch.Size([408, 5, 10, 32])
torch.Size([512, 5, 10, 32])
torch.Size([408, 5, 10, 32])
📊 Reward: -36.774 | Loss: 0.034
⏱ Iter 811 done | 🕒 IterTime: 1.47s | 🕘 Elapsed: 1496.3s | ⏳ ETA: 5.8 min
🧠 Iteration 812 | Getting state...
⚙️ Scheduling...
✅ Schedule completed.
🔍 Verifying schedule...
📈 Updating policy...
torch.Size([512, 5, 10, 32])
torch.Size([408, 5, 10, 32])
torch.Size([512, 5, 10, 32])
torch.Size([408, 5, 10, 32])
torch.Size([512, 5, 10, 32])
torch.Size([408, 5, 10, 32])
📊 Reward: -37.174 | Loss: 0.040
⏱ Iter 812 done | 🕒 IterTime: 1.49s | 🕘 Elapsed: 1497.7s | ⏳ ETA: 5.8 min
🧠 Iteration 813 | Getting state...
⚙️ Scheduling...
✅ Schedule completed.
🔍 Verifying schedule...
📈 Updating policy...
torch.Size([512, 5, 10, 32])
torch.Size([408, 5, 10, 32])
torch.Size([512, 5, 10, 32])
torch.Size([408, 5, 10, 32])
torch.Size([512, 5, 10, 32])
torch.Size([408, 5, 10, 32])
📊 Reward: -40.574 | Loss: 0.024
⏱ Iter 813 done | 🕒 IterTime: 1.49s | 🕘 Elapsed: 1499.2s | ⏳ ETA: 5.7 min
🧠 Iteration 814 | Getting state...
⚙️ Scheduling...
✅ Schedule completed.
🔍 Verifying schedule...
📈 Updating policy...
torch.Size([512, 5, 10, 32])
torch.Size([408, 5, 10, 32])
torch.Size([512, 5, 10, 32])
torch.Size([408, 5, 10, 32])
torch.Size([512, 5, 10, 32])
torch.Size([408, 5, 10, 32])
📊 Reward: -38.424 | Loss: 0.037
⏱ Iter 814 done | 🕒 IterTime: 1.47s | 🕘 Elapsed: 1500.7s | ⏳ ETA: 5.7 min
🧠 Iteration 815 | Getting state...
⚙️ Scheduling...
✅ Schedule completed.
🔍 Verifying schedule...
📈 Updating policy...
torch.Size([512, 5, 10, 32])
torch.Size([408, 5, 10, 32])
torch.Size([512, 5, 10, 32])
torch.Size([408, 5, 10, 32])
torch.Size([512, 5, 10, 32])
torch.Size([408, 5, 10, 32])
📊 Reward: -36.774 | Loss: 0.055
⏱ Iter 815 done | 🕒 IterTime: 1.49s | 🕘 Elapsed: 1502.2s | ⏳ ETA: 5.7 min
🧠 Iteration 816 | Getting state...
⚙️ Scheduling...
✅ Schedule completed.
🔍 Verifying schedule...
📈 Updating policy...
torch.Size([512, 5, 10, 32])
torch.Size([408, 5, 10, 32])
torch.Size([512, 5, 10, 32])
torch.Size([408, 5, 10, 32])
torch.Size([512, 5, 10, 32])
torch.Size([408, 5, 10, 32])
📊 Reward: -38.974 | Loss: 0.009
⏱ Iter 816 done | 🕒 IterTime: 1.44s | 🕘 Elapsed: 1503.6s | ⏳ ETA: 5.7 min
🧠 Iteration 817 | Getting state...
⚙️ Scheduling...
✅ Schedule completed.
🔍 Verifying schedule...
📈 Updating policy...
torch.Size([512, 5, 10, 32])
torch.Size([408, 5, 10, 32])
torch.Size([512, 5, 10, 32])
torch.Size([408, 5, 10, 32])
torch.Size([512, 5, 10, 32])
torch.Size([408, 5, 10, 32])
📊 Reward: -37.024 | Loss: 0.037
⏱ Iter 817 done | 🕒 IterTime: 1.42s | 🕘 Elapsed: 1505.1s | ⏳ ETA: 5.6 min
🧠 Iteration 818 | Getting state...
⚙️ Scheduling...
✅ Schedule completed.
🔍 Verifying schedule...
📈 Updating policy...
torch.Size([512, 5, 10, 32])
torch.Size([408, 5, 10, 32])
torch.Size([512, 5, 10, 32])
torch.Size([408, 5, 10, 32])
torch.Size([512, 5, 10, 32])
torch.Size([408, 5, 10, 32])
📊 Reward: -38.324 | Loss: 0.045
⏱ Iter 818 done | 🕒 IterTime: 1.39s | 🕘 Elapsed: 1506.5s | ⏳ ETA: 5.6 min
🧠 Iteration 819 | Getting state...
⚙️ Scheduling...
✅ Schedule completed.
🔍 Verifying schedule...
📈 Updating policy...
torch.Size([512, 5, 10, 32])
torch.Size([408, 5, 10, 32])
torch.Size([512, 5, 10, 32])
torch.Size([408, 5, 10, 32])
torch.Size([512, 5, 10, 32])
torch.Size([408, 5, 10, 32])
📊 Reward: -40.624 | Loss: 0.027
⏱ Iter 819 done | 🕒 IterTime: 1.39s | 🕘 Elapsed: 1507.8s | ⏳ ETA: 5.6 min
🧠 Iteration 820 | Getting state...
⚙️ Scheduling...
✅ Schedule completed.
🔍 Verifying schedule...
📈 Updating policy...
torch.Size([512, 5, 10, 32])
torch.Size([408, 5, 10, 32])
torch.Size([512, 5, 10, 32])
torch.Size([408, 5, 10, 32])
torch.Size([512, 5, 10, 32])
torch.Size([408, 5, 10, 32])
📊 Reward: -38.624 | Loss: 0.036

🧪 Validating policy...
There are 100 dev instances.
validating time:  1.5753486156463623 

⏱ Iter 820 done | 🕒 IterTime: 2.99s | 🕘 Elapsed: 1510.8s | ⏳ ETA: 5.5 min
[15:31:22] 🔄 Refreshing training instances...
📦 num_jobs: 10, num_mas: 5, num_opes: 51
🧠 Iteration 821 | Getting state...
⚙️ Scheduling...
✅ Schedule completed.
🔍 Verifying schedule...
📈 Updating policy...
torch.Size([512, 5, 10, 32])
torch.Size([508, 5, 10, 32])
torch.Size([512, 5, 10, 32])
torch.Size([508, 5, 10, 32])
torch.Size([512, 5, 10, 32])
torch.Size([508, 5, 10, 32])
📊 Reward: -37.758 | Loss: 0.021
⏱ Iter 821 done | 🕒 IterTime: 1.69s | 🕘 Elapsed: 1512.5s | ⏳ ETA: 5.5 min
🧠 Iteration 822 | Getting state...
⚙️ Scheduling...
✅ Schedule completed.
🔍 Verifying schedule...
📈 Updating policy...
torch.Size([512, 5, 10, 32])
torch.Size([508, 5, 10, 32])
torch.Size([512, 5, 10, 32])
torch.Size([508, 5, 10, 32])
torch.Size([512, 5, 10, 32])
torch.Size([508, 5, 10, 32])
📊 Reward: -38.658 | Loss: 0.078
⏱ Iter 822 done | 🕒 IterTime: 1.59s | 🕘 Elapsed: 1514.1s | ⏳ ETA: 5.5 min
🧠 Iteration 823 | Getting state...
⚙️ Scheduling...
✅ Schedule completed.
🔍 Verifying schedule...
📈 Updating policy...
torch.Size([512, 5, 10, 32])
torch.Size([508, 5, 10, 32])
torch.Size([512, 5, 10, 32])
torch.Size([508, 5, 10, 32])
torch.Size([512, 5, 10, 32])
torch.Size([508, 5, 10, 32])
📊 Reward: -39.358 | Loss: 0.022
⏱ Iter 823 done | 🕒 IterTime: 1.56s | 🕘 Elapsed: 1515.7s | ⏳ ETA: 5.4 min
🧠 Iteration 824 | Getting state...
⚙️ Scheduling...
✅ Schedule completed.
🔍 Verifying schedule...
📈 Updating policy...
torch.Size([512, 5, 10, 32])
torch.Size([508, 5, 10, 32])
torch.Size([512, 5, 10, 32])
torch.Size([508, 5, 10, 32])
torch.Size([512, 5, 10, 32])
torch.Size([508, 5, 10, 32])
📊 Reward: -37.808 | Loss: 0.017
⏱ Iter 824 done | 🕒 IterTime: 1.60s | 🕘 Elapsed: 1517.3s | ⏳ ETA: 5.4 min
🧠 Iteration 825 | Getting state...
⚙️ Scheduling...
✅ Schedule completed.
🔍 Verifying schedule...
📈 Updating policy...
torch.Size([512, 5, 10, 32])
torch.Size([508, 5, 10, 32])
torch.Size([512, 5, 10, 32])
torch.Size([508, 5, 10, 32])
torch.Size([512, 5, 10, 32])
torch.Size([508, 5, 10, 32])
📊 Reward: -39.708 | Loss: 0.017
⏱ Iter 825 done | 🕒 IterTime: 1.55s | 🕘 Elapsed: 1518.8s | ⏳ ETA: 5.4 min
🧠 Iteration 826 | Getting state...
⚙️ Scheduling...
✅ Schedule completed.
🔍 Verifying schedule...
📈 Updating policy...
torch.Size([512, 5, 10, 32])
torch.Size([508, 5, 10, 32])
torch.Size([512, 5, 10, 32])
torch.Size([508, 5, 10, 32])
torch.Size([512, 5, 10, 32])
torch.Size([508, 5, 10, 32])
📊 Reward: -38.858 | Loss: 0.041
⏱ Iter 826 done | 🕒 IterTime: 1.64s | 🕘 Elapsed: 1520.5s | ⏳ ETA: 5.3 min
🧠 Iteration 827 | Getting state...
⚙️ Scheduling...
✅ Schedule completed.
🔍 Verifying schedule...
📈 Updating policy...
torch.Size([512, 5, 10, 32])
torch.Size([508, 5, 10, 32])
torch.Size([512, 5, 10, 32])
torch.Size([508, 5, 10, 32])
torch.Size([512, 5, 10, 32])
torch.Size([508, 5, 10, 32])
📊 Reward: -42.308 | Loss: 0.040
⏱ Iter 827 done | 🕒 IterTime: 1.64s | 🕘 Elapsed: 1522.1s | ⏳ ETA: 5.3 min
🧠 Iteration 828 | Getting state...
⚙️ Scheduling...
✅ Schedule completed.
🔍 Verifying schedule...
📈 Updating policy...
torch.Size([512, 5, 10, 32])
torch.Size([508, 5, 10, 32])
torch.Size([512, 5, 10, 32])
torch.Size([508, 5, 10, 32])
torch.Size([512, 5, 10, 32])
torch.Size([508, 5, 10, 32])
📊 Reward: -39.108 | Loss: 0.038
⏱ Iter 828 done | 🕒 IterTime: 1.65s | 🕘 Elapsed: 1523.8s | ⏳ ETA: 5.3 min
🧠 Iteration 829 | Getting state...
⚙️ Scheduling...
✅ Schedule completed.
🔍 Verifying schedule...
📈 Updating policy...
torch.Size([512, 5, 10, 32])
torch.Size([508, 5, 10, 32])
torch.Size([512, 5, 10, 32])
torch.Size([508, 5, 10, 32])
torch.Size([512, 5, 10, 32])
torch.Size([508, 5, 10, 32])
📊 Reward: -38.208 | Loss: 0.021
⏱ Iter 829 done | 🕒 IterTime: 1.64s | 🕘 Elapsed: 1525.4s | ⏳ ETA: 5.2 min
🧠 Iteration 830 | Getting state...
⚙️ Scheduling...
✅ Schedule completed.
🔍 Verifying schedule...
📈 Updating policy...
torch.Size([512, 5, 10, 32])
torch.Size([508, 5, 10, 32])
torch.Size([512, 5, 10, 32])
torch.Size([508, 5, 10, 32])
torch.Size([512, 5, 10, 32])
torch.Size([508, 5, 10, 32])
📊 Reward: -37.858 | Loss: 0.050

🧪 Validating policy...
There are 100 dev instances.
validating time:  1.5633034706115723 

⏱ Iter 830 done | 🕒 IterTime: 3.18s | 🕘 Elapsed: 1528.6s | ⏳ ETA: 5.2 min
🧠 Iteration 831 | Getting state...
⚙️ Scheduling...
✅ Schedule completed.
🔍 Verifying schedule...
📈 Updating policy...
torch.Size([512, 5, 10, 32])
torch.Size([508, 5, 10, 32])
torch.Size([512, 5, 10, 32])
torch.Size([508, 5, 10, 32])
torch.Size([512, 5, 10, 32])
torch.Size([508, 5, 10, 32])
📊 Reward: -36.458 | Loss: 0.034
⏱ Iter 831 done | 🕒 IterTime: 1.53s | 🕘 Elapsed: 1530.1s | ⏳ ETA: 5.2 min
🧠 Iteration 832 | Getting state...
⚙️ Scheduling...
✅ Schedule completed.
🔍 Verifying schedule...
📈 Updating policy...
torch.Size([512, 5, 10, 32])
torch.Size([508, 5, 10, 32])
torch.Size([512, 5, 10, 32])
torch.Size([508, 5, 10, 32])
torch.Size([512, 5, 10, 32])
torch.Size([508, 5, 10, 32])
📊 Reward: -39.508 | Loss: 0.043
⏱ Iter 832 done | 🕒 IterTime: 1.54s | 🕘 Elapsed: 1531.6s | ⏳ ETA: 5.2 min
🧠 Iteration 833 | Getting state...
⚙️ Scheduling...
✅ Schedule completed.
🔍 Verifying schedule...
📈 Updating policy...
torch.Size([512, 5, 10, 32])
torch.Size([508, 5, 10, 32])
torch.Size([512, 5, 10, 32])
torch.Size([508, 5, 10, 32])
torch.Size([512, 5, 10, 32])
torch.Size([508, 5, 10, 32])
📊 Reward: -38.708 | Loss: 0.032
⏱ Iter 833 done | 🕒 IterTime: 1.57s | 🕘 Elapsed: 1533.2s | ⏳ ETA: 5.1 min
🧠 Iteration 834 | Getting state...
⚙️ Scheduling...
✅ Schedule completed.
🔍 Verifying schedule...
📈 Updating policy...
torch.Size([512, 5, 10, 32])
torch.Size([508, 5, 10, 32])
torch.Size([512, 5, 10, 32])
torch.Size([508, 5, 10, 32])
torch.Size([512, 5, 10, 32])
torch.Size([508, 5, 10, 32])
📊 Reward: -38.708 | Loss: 0.032
⏱ Iter 834 done | 🕒 IterTime: 1.61s | 🕘 Elapsed: 1534.8s | ⏳ ETA: 5.1 min
🧠 Iteration 835 | Getting state...
⚙️ Scheduling...
✅ Schedule completed.
🔍 Verifying schedule...
📈 Updating policy...
torch.Size([512, 5, 10, 32])
torch.Size([508, 5, 10, 32])
torch.Size([512, 5, 10, 32])
torch.Size([508, 5, 10, 32])
torch.Size([512, 5, 10, 32])
torch.Size([508, 5, 10, 32])
📊 Reward: -38.158 | Loss: 0.025
⏱ Iter 835 done | 🕒 IterTime: 1.67s | 🕘 Elapsed: 1536.5s | ⏳ ETA: 5.1 min
🧠 Iteration 836 | Getting state...
⚙️ Scheduling...
✅ Schedule completed.
🔍 Verifying schedule...
📈 Updating policy...
torch.Size([512, 5, 10, 32])
torch.Size([508, 5, 10, 32])
torch.Size([512, 5, 10, 32])
torch.Size([508, 5, 10, 32])
torch.Size([512, 5, 10, 32])
torch.Size([508, 5, 10, 32])
📊 Reward: -37.608 | Loss: 0.029
⏱ Iter 836 done | 🕒 IterTime: 1.62s | 🕘 Elapsed: 1538.1s | ⏳ ETA: 5.0 min
🧠 Iteration 837 | Getting state...
⚙️ Scheduling...
✅ Schedule completed.
🔍 Verifying schedule...
📈 Updating policy...
torch.Size([512, 5, 10, 32])
torch.Size([508, 5, 10, 32])
torch.Size([512, 5, 10, 32])
torch.Size([508, 5, 10, 32])
torch.Size([512, 5, 10, 32])
torch.Size([508, 5, 10, 32])
📊 Reward: -38.808 | Loss: 0.051
⏱ Iter 837 done | 🕒 IterTime: 1.58s | 🕘 Elapsed: 1539.7s | ⏳ ETA: 5.0 min
🧠 Iteration 838 | Getting state...
⚙️ Scheduling...
✅ Schedule completed.
🔍 Verifying schedule...
📈 Updating policy...
torch.Size([512, 5, 10, 32])
torch.Size([508, 5, 10, 32])
torch.Size([512, 5, 10, 32])
torch.Size([508, 5, 10, 32])
torch.Size([512, 5, 10, 32])
torch.Size([508, 5, 10, 32])
📊 Reward: -38.458 | Loss: 0.021
⏱ Iter 838 done | 🕒 IterTime: 1.58s | 🕘 Elapsed: 1541.3s | ⏳ ETA: 5.0 min
🧠 Iteration 839 | Getting state...
⚙️ Scheduling...
✅ Schedule completed.
🔍 Verifying schedule...
📈 Updating policy...
torch.Size([512, 5, 10, 32])
torch.Size([508, 5, 10, 32])
torch.Size([512, 5, 10, 32])
torch.Size([508, 5, 10, 32])
torch.Size([512, 5, 10, 32])
torch.Size([508, 5, 10, 32])
📊 Reward: -39.058 | Loss: 0.027
⏱ Iter 839 done | 🕒 IterTime: 1.53s | 🕘 Elapsed: 1542.8s | ⏳ ETA: 4.9 min
🧠 Iteration 840 | Getting state...
⚙️ Scheduling...
✅ Schedule completed.
🔍 Verifying schedule...
📈 Updating policy...
torch.Size([512, 5, 10, 32])
torch.Size([508, 5, 10, 32])
torch.Size([512, 5, 10, 32])
torch.Size([508, 5, 10, 32])
torch.Size([512, 5, 10, 32])
torch.Size([508, 5, 10, 32])
📊 Reward: -39.458 | Loss: 0.043

🧪 Validating policy...
There are 100 dev instances.
validating time:  1.6166486740112305 

⏱ Iter 840 done | 🕒 IterTime: 3.16s | 🕘 Elapsed: 1546.0s | ⏳ ETA: 4.9 min
[15:31:57] 🔄 Refreshing training instances...
📦 num_jobs: 10, num_mas: 5, num_opes: 48
🧠 Iteration 841 | Getting state...
⚙️ Scheduling...
✅ Schedule completed.
🔍 Verifying schedule...
📈 Updating policy...
torch.Size([512, 5, 10, 32])
torch.Size([448, 5, 10, 32])
torch.Size([512, 5, 10, 32])
torch.Size([448, 5, 10, 32])
torch.Size([512, 5, 10, 32])
torch.Size([448, 5, 10, 32])
📊 Reward: -34.548 | Loss: 0.014
⏱ Iter 841 done | 🕒 IterTime: 1.51s | 🕘 Elapsed: 1547.5s | ⏳ ETA: 4.9 min
🧠 Iteration 842 | Getting state...
⚙️ Scheduling...
✅ Schedule completed.
🔍 Verifying schedule...
📈 Updating policy...
torch.Size([512, 5, 10, 32])
torch.Size([448, 5, 10, 32])
torch.Size([512, 5, 10, 32])
torch.Size([448, 5, 10, 32])
torch.Size([512, 5, 10, 32])
torch.Size([448, 5, 10, 32])
📊 Reward: -35.698 | Loss: 0.015
⏱ Iter 842 done | 🕒 IterTime: 1.45s | 🕘 Elapsed: 1548.9s | ⏳ ETA: 4.8 min
🧠 Iteration 843 | Getting state...
⚙️ Scheduling...
✅ Schedule completed.
🔍 Verifying schedule...
📈 Updating policy...
torch.Size([512, 5, 10, 32])
torch.Size([448, 5, 10, 32])
torch.Size([512, 5, 10, 32])
torch.Size([448, 5, 10, 32])
torch.Size([512, 5, 10, 32])
torch.Size([448, 5, 10, 32])
📊 Reward: -34.398 | Loss: 0.035
⏱ Iter 843 done | 🕒 IterTime: 1.45s | 🕘 Elapsed: 1550.4s | ⏳ ETA: 4.8 min
🧠 Iteration 844 | Getting state...
⚙️ Scheduling...
✅ Schedule completed.
🔍 Verifying schedule...
📈 Updating policy...
torch.Size([512, 5, 10, 32])
torch.Size([448, 5, 10, 32])
torch.Size([512, 5, 10, 32])
torch.Size([448, 5, 10, 32])
torch.Size([512, 5, 10, 32])
torch.Size([448, 5, 10, 32])
📊 Reward: -36.148 | Loss: 0.036
⏱ Iter 844 done | 🕒 IterTime: 1.46s | 🕘 Elapsed: 1551.9s | ⏳ ETA: 4.8 min
🧠 Iteration 845 | Getting state...
⚙️ Scheduling...
✅ Schedule completed.
🔍 Verifying schedule...
📈 Updating policy...
torch.Size([512, 5, 10, 32])
torch.Size([448, 5, 10, 32])
torch.Size([512, 5, 10, 32])
torch.Size([448, 5, 10, 32])
torch.Size([512, 5, 10, 32])
torch.Size([448, 5, 10, 32])
📊 Reward: -36.148 | Loss: 0.065
⏱ Iter 845 done | 🕒 IterTime: 1.55s | 🕘 Elapsed: 1553.4s | ⏳ ETA: 4.7 min
🧠 Iteration 846 | Getting state...
⚙️ Scheduling...
✅ Schedule completed.
🔍 Verifying schedule...
📈 Updating policy...
torch.Size([512, 5, 10, 32])
torch.Size([448, 5, 10, 32])
torch.Size([512, 5, 10, 32])
torch.Size([448, 5, 10, 32])
torch.Size([512, 5, 10, 32])
torch.Size([448, 5, 10, 32])
📊 Reward: -36.198 | Loss: 0.018
⏱ Iter 846 done | 🕒 IterTime: 1.50s | 🕘 Elapsed: 1554.9s | ⏳ ETA: 4.7 min
🧠 Iteration 847 | Getting state...
⚙️ Scheduling...
✅ Schedule completed.
🔍 Verifying schedule...
📈 Updating policy...
torch.Size([512, 5, 10, 32])
torch.Size([448, 5, 10, 32])
torch.Size([512, 5, 10, 32])
torch.Size([448, 5, 10, 32])
torch.Size([512, 5, 10, 32])
torch.Size([448, 5, 10, 32])
📊 Reward: -36.698 | Loss: 0.028
⏱ Iter 847 done | 🕒 IterTime: 1.50s | 🕘 Elapsed: 1556.4s | ⏳ ETA: 4.7 min
🧠 Iteration 848 | Getting state...
⚙️ Scheduling...
✅ Schedule completed.
🔍 Verifying schedule...
📈 Updating policy...
torch.Size([512, 5, 10, 32])
torch.Size([448, 5, 10, 32])
torch.Size([512, 5, 10, 32])
torch.Size([448, 5, 10, 32])
torch.Size([512, 5, 10, 32])
torch.Size([448, 5, 10, 32])
📊 Reward: -37.248 | Loss: 0.032
⏱ Iter 848 done | 🕒 IterTime: 1.49s | 🕘 Elapsed: 1557.9s | ⏳ ETA: 4.7 min
🧠 Iteration 849 | Getting state...
⚙️ Scheduling...
✅ Schedule completed.
🔍 Verifying schedule...
📈 Updating policy...
torch.Size([512, 5, 10, 32])
torch.Size([448, 5, 10, 32])
torch.Size([512, 5, 10, 32])
torch.Size([448, 5, 10, 32])
torch.Size([512, 5, 10, 32])
torch.Size([448, 5, 10, 32])
📊 Reward: -34.548 | Loss: 0.033
⏱ Iter 849 done | 🕒 IterTime: 1.49s | 🕘 Elapsed: 1559.4s | ⏳ ETA: 4.6 min
🧠 Iteration 850 | Getting state...
⚙️ Scheduling...
✅ Schedule completed.
🔍 Verifying schedule...
📈 Updating policy...
torch.Size([512, 5, 10, 32])
torch.Size([448, 5, 10, 32])
torch.Size([512, 5, 10, 32])
torch.Size([448, 5, 10, 32])
torch.Size([512, 5, 10, 32])
torch.Size([448, 5, 10, 32])
📊 Reward: -37.548 | Loss: 0.068

🧪 Validating policy...
There are 100 dev instances.
validating time:  1.6119451522827148 

⏱ Iter 850 done | 🕒 IterTime: 3.09s | 🕘 Elapsed: 1562.5s | ⏳ ETA: 4.6 min
🧠 Iteration 851 | Getting state...
⚙️ Scheduling...
✅ Schedule completed.
🔍 Verifying schedule...
📈 Updating policy...
torch.Size([512, 5, 10, 32])
torch.Size([448, 5, 10, 32])
torch.Size([512, 5, 10, 32])
torch.Size([448, 5, 10, 32])
torch.Size([512, 5, 10, 32])
torch.Size([448, 5, 10, 32])
📊 Reward: -34.248 | Loss: 0.046
⏱ Iter 851 done | 🕒 IterTime: 1.49s | 🕘 Elapsed: 1564.0s | ⏳ ETA: 4.6 min
🧠 Iteration 852 | Getting state...
⚙️ Scheduling...
✅ Schedule completed.
🔍 Verifying schedule...
📈 Updating policy...
torch.Size([512, 5, 10, 32])
torch.Size([448, 5, 10, 32])
torch.Size([512, 5, 10, 32])
torch.Size([448, 5, 10, 32])
torch.Size([512, 5, 10, 32])
torch.Size([448, 5, 10, 32])
📊 Reward: -37.398 | Loss: 0.032
⏱ Iter 852 done | 🕒 IterTime: 1.49s | 🕘 Elapsed: 1565.4s | ⏳ ETA: 4.5 min
🧠 Iteration 853 | Getting state...
⚙️ Scheduling...
✅ Schedule completed.
🔍 Verifying schedule...
📈 Updating policy...
torch.Size([512, 5, 10, 32])
torch.Size([448, 5, 10, 32])
torch.Size([512, 5, 10, 32])
torch.Size([448, 5, 10, 32])
torch.Size([512, 5, 10, 32])
torch.Size([448, 5, 10, 32])
📊 Reward: -34.998 | Loss: 0.030
⏱ Iter 853 done | 🕒 IterTime: 1.48s | 🕘 Elapsed: 1566.9s | ⏳ ETA: 4.5 min
🧠 Iteration 854 | Getting state...
⚙️ Scheduling...
✅ Schedule completed.
🔍 Verifying schedule...
📈 Updating policy...
torch.Size([512, 5, 10, 32])
torch.Size([448, 5, 10, 32])
torch.Size([512, 5, 10, 32])
torch.Size([448, 5, 10, 32])
torch.Size([512, 5, 10, 32])
torch.Size([448, 5, 10, 32])
📊 Reward: -36.098 | Loss: 0.041
⏱ Iter 854 done | 🕒 IterTime: 1.43s | 🕘 Elapsed: 1568.4s | ⏳ ETA: 4.5 min
🧠 Iteration 855 | Getting state...
⚙️ Scheduling...
✅ Schedule completed.
🔍 Verifying schedule...
📈 Updating policy...
torch.Size([512, 5, 10, 32])
torch.Size([448, 5, 10, 32])
torch.Size([512, 5, 10, 32])
torch.Size([448, 5, 10, 32])
torch.Size([512, 5, 10, 32])
torch.Size([448, 5, 10, 32])
📊 Reward: -35.248 | Loss: 0.025
⏱ Iter 855 done | 🕒 IterTime: 1.45s | 🕘 Elapsed: 1569.8s | ⏳ ETA: 4.4 min
🧠 Iteration 856 | Getting state...
⚙️ Scheduling...
✅ Schedule completed.
🔍 Verifying schedule...
📈 Updating policy...
torch.Size([512, 5, 10, 32])
torch.Size([448, 5, 10, 32])
torch.Size([512, 5, 10, 32])
torch.Size([448, 5, 10, 32])
torch.Size([512, 5, 10, 32])
torch.Size([448, 5, 10, 32])
📊 Reward: -36.198 | Loss: 0.027
⏱ Iter 856 done | 🕒 IterTime: 1.46s | 🕘 Elapsed: 1571.3s | ⏳ ETA: 4.4 min
🧠 Iteration 857 | Getting state...
⚙️ Scheduling...
✅ Schedule completed.
🔍 Verifying schedule...
📈 Updating policy...
torch.Size([512, 5, 10, 32])
torch.Size([448, 5, 10, 32])
torch.Size([512, 5, 10, 32])
torch.Size([448, 5, 10, 32])
torch.Size([512, 5, 10, 32])
torch.Size([448, 5, 10, 32])
📊 Reward: -36.798 | Loss: 0.043
⏱ Iter 857 done | 🕒 IterTime: 1.46s | 🕘 Elapsed: 1572.7s | ⏳ ETA: 4.4 min
🧠 Iteration 858 | Getting state...
⚙️ Scheduling...
✅ Schedule completed.
🔍 Verifying schedule...
📈 Updating policy...
torch.Size([512, 5, 10, 32])
torch.Size([448, 5, 10, 32])
torch.Size([512, 5, 10, 32])
torch.Size([448, 5, 10, 32])
torch.Size([512, 5, 10, 32])
torch.Size([448, 5, 10, 32])
📊 Reward: -36.798 | Loss: 0.041
⏱ Iter 858 done | 🕒 IterTime: 1.49s | 🕘 Elapsed: 1574.2s | ⏳ ETA: 4.3 min
🧠 Iteration 859 | Getting state...
⚙️ Scheduling...
✅ Schedule completed.
🔍 Verifying schedule...
📈 Updating policy...
torch.Size([512, 5, 10, 32])
torch.Size([448, 5, 10, 32])
torch.Size([512, 5, 10, 32])
torch.Size([448, 5, 10, 32])
torch.Size([512, 5, 10, 32])
torch.Size([448, 5, 10, 32])
📊 Reward: -34.698 | Loss: 0.058
⏱ Iter 859 done | 🕒 IterTime: 1.48s | 🕘 Elapsed: 1575.7s | ⏳ ETA: 4.3 min
🧠 Iteration 860 | Getting state...
⚙️ Scheduling...
✅ Schedule completed.
🔍 Verifying schedule...
📈 Updating policy...
torch.Size([512, 5, 10, 32])
torch.Size([448, 5, 10, 32])
torch.Size([512, 5, 10, 32])
torch.Size([448, 5, 10, 32])
torch.Size([512, 5, 10, 32])
torch.Size([448, 5, 10, 32])
📊 Reward: -36.548 | Loss: 0.033

🧪 Validating policy...
There are 100 dev instances.
validating time:  1.6060152053833008 

⏱ Iter 860 done | 🕒 IterTime: 3.05s | 🕘 Elapsed: 1578.7s | ⏳ ETA: 4.3 min
[15:32:29] 🔄 Refreshing training instances...
📦 num_jobs: 10, num_mas: 5, num_opes: 50
🧠 Iteration 861 | Getting state...
⚙️ Scheduling...
✅ Schedule completed.
🔍 Verifying schedule...
📈 Updating policy...
torch.Size([512, 5, 10, 32])
torch.Size([488, 5, 10, 32])
torch.Size([512, 5, 10, 32])
torch.Size([488, 5, 10, 32])
torch.Size([512, 5, 10, 32])
torch.Size([488, 5, 10, 32])
📊 Reward: -43.398 | Loss: 0.012
⏱ Iter 861 done | 🕒 IterTime: 1.64s | 🕘 Elapsed: 1580.4s | ⏳ ETA: 4.3 min
🧠 Iteration 862 | Getting state...
⚙️ Scheduling...
✅ Schedule completed.
🔍 Verifying schedule...
📈 Updating policy...
torch.Size([512, 5, 10, 32])
torch.Size([488, 5, 10, 32])
torch.Size([512, 5, 10, 32])
torch.Size([488, 5, 10, 32])
torch.Size([512, 5, 10, 32])
torch.Size([488, 5, 10, 32])
📊 Reward: -42.298 | Loss: 0.005
⏱ Iter 862 done | 🕒 IterTime: 1.57s | 🕘 Elapsed: 1581.9s | ⏳ ETA: 4.2 min
🧠 Iteration 863 | Getting state...
⚙️ Scheduling...
✅ Schedule completed.
🔍 Verifying schedule...
📈 Updating policy...
torch.Size([512, 5, 10, 32])
torch.Size([488, 5, 10, 32])
torch.Size([512, 5, 10, 32])
torch.Size([488, 5, 10, 32])
torch.Size([512, 5, 10, 32])
torch.Size([488, 5, 10, 32])
📊 Reward: -41.798 | Loss: 0.054
⏱ Iter 863 done | 🕒 IterTime: 1.55s | 🕘 Elapsed: 1583.5s | ⏳ ETA: 4.2 min
🧠 Iteration 864 | Getting state...
⚙️ Scheduling...
✅ Schedule completed.
🔍 Verifying schedule...
📈 Updating policy...
torch.Size([512, 5, 10, 32])
torch.Size([488, 5, 10, 32])
torch.Size([512, 5, 10, 32])
torch.Size([488, 5, 10, 32])
torch.Size([512, 5, 10, 32])
torch.Size([488, 5, 10, 32])
📊 Reward: -42.548 | Loss: 0.049
⏱ Iter 864 done | 🕒 IterTime: 1.51s | 🕘 Elapsed: 1585.0s | ⏳ ETA: 4.2 min
🧠 Iteration 865 | Getting state...
⚙️ Scheduling...
✅ Schedule completed.
🔍 Verifying schedule...
📈 Updating policy...
torch.Size([512, 5, 10, 32])
torch.Size([488, 5, 10, 32])
torch.Size([512, 5, 10, 32])
torch.Size([488, 5, 10, 32])
torch.Size([512, 5, 10, 32])
torch.Size([488, 5, 10, 32])
📊 Reward: -41.048 | Loss: -0.004
⏱ Iter 865 done | 🕒 IterTime: 1.51s | 🕘 Elapsed: 1586.5s | ⏳ ETA: 4.1 min
🧠 Iteration 866 | Getting state...
⚙️ Scheduling...
✅ Schedule completed.
🔍 Verifying schedule...
📈 Updating policy...
torch.Size([512, 5, 10, 32])
torch.Size([488, 5, 10, 32])
torch.Size([512, 5, 10, 32])
torch.Size([488, 5, 10, 32])
torch.Size([512, 5, 10, 32])
torch.Size([488, 5, 10, 32])
📊 Reward: -41.898 | Loss: 0.041
⏱ Iter 866 done | 🕒 IterTime: 1.56s | 🕘 Elapsed: 1588.1s | ⏳ ETA: 4.1 min
🧠 Iteration 867 | Getting state...
⚙️ Scheduling...
✅ Schedule completed.
🔍 Verifying schedule...
📈 Updating policy...
torch.Size([512, 5, 10, 32])
torch.Size([488, 5, 10, 32])
torch.Size([512, 5, 10, 32])
torch.Size([488, 5, 10, 32])
torch.Size([512, 5, 10, 32])
torch.Size([488, 5, 10, 32])
📊 Reward: -41.098 | Loss: 0.026
⏱ Iter 867 done | 🕒 IterTime: 1.61s | 🕘 Elapsed: 1589.7s | ⏳ ETA: 4.1 min
🧠 Iteration 868 | Getting state...
⚙️ Scheduling...
✅ Schedule completed.
🔍 Verifying schedule...
📈 Updating policy...
torch.Size([512, 5, 10, 32])
torch.Size([488, 5, 10, 32])
torch.Size([512, 5, 10, 32])
torch.Size([488, 5, 10, 32])
torch.Size([512, 5, 10, 32])
torch.Size([488, 5, 10, 32])
📊 Reward: -41.348 | Loss: 0.024
⏱ Iter 868 done | 🕒 IterTime: 1.59s | 🕘 Elapsed: 1591.3s | ⏳ ETA: 4.0 min
🧠 Iteration 869 | Getting state...
⚙️ Scheduling...
✅ Schedule completed.
🔍 Verifying schedule...
📈 Updating policy...
torch.Size([512, 5, 10, 32])
torch.Size([488, 5, 10, 32])
torch.Size([512, 5, 10, 32])
torch.Size([488, 5, 10, 32])
torch.Size([512, 5, 10, 32])
torch.Size([488, 5, 10, 32])
📊 Reward: -43.248 | Loss: 0.021
⏱ Iter 869 done | 🕒 IterTime: 1.57s | 🕘 Elapsed: 1592.8s | ⏳ ETA: 4.0 min
🧠 Iteration 870 | Getting state...
⚙️ Scheduling...
✅ Schedule completed.
🔍 Verifying schedule...
📈 Updating policy...
torch.Size([512, 5, 10, 32])
torch.Size([488, 5, 10, 32])
torch.Size([512, 5, 10, 32])
torch.Size([488, 5, 10, 32])
torch.Size([512, 5, 10, 32])
torch.Size([488, 5, 10, 32])
📊 Reward: -41.648 | Loss: 0.040

🧪 Validating policy...
There are 100 dev instances.
validating time:  1.559772253036499 

⏱ Iter 870 done | 🕒 IterTime: 3.17s | 🕘 Elapsed: 1596.0s | ⏳ ETA: 4.0 min
🧠 Iteration 871 | Getting state...
⚙️ Scheduling...
✅ Schedule completed.
🔍 Verifying schedule...
📈 Updating policy...
torch.Size([512, 5, 10, 32])
torch.Size([488, 5, 10, 32])
torch.Size([512, 5, 10, 32])
torch.Size([488, 5, 10, 32])
torch.Size([512, 5, 10, 32])
torch.Size([488, 5, 10, 32])
📊 Reward: -42.348 | Loss: 0.020
⏱ Iter 871 done | 🕒 IterTime: 1.55s | 🕘 Elapsed: 1597.6s | ⏳ ETA: 3.9 min
🧠 Iteration 872 | Getting state...
⚙️ Scheduling...
✅ Schedule completed.
🔍 Verifying schedule...
📈 Updating policy...
torch.Size([512, 5, 10, 32])
torch.Size([488, 5, 10, 32])
torch.Size([512, 5, 10, 32])
torch.Size([488, 5, 10, 32])
torch.Size([512, 5, 10, 32])
torch.Size([488, 5, 10, 32])
📊 Reward: -38.998 | Loss: 0.033
⏱ Iter 872 done | 🕒 IterTime: 1.55s | 🕘 Elapsed: 1599.1s | ⏳ ETA: 3.9 min
🧠 Iteration 873 | Getting state...
⚙️ Scheduling...
✅ Schedule completed.
🔍 Verifying schedule...
📈 Updating policy...
torch.Size([512, 5, 10, 32])
torch.Size([488, 5, 10, 32])
torch.Size([512, 5, 10, 32])
torch.Size([488, 5, 10, 32])
torch.Size([512, 5, 10, 32])
torch.Size([488, 5, 10, 32])
📊 Reward: -41.498 | Loss: 0.046
⏱ Iter 873 done | 🕒 IterTime: 1.58s | 🕘 Elapsed: 1600.7s | ⏳ ETA: 3.9 min
🧠 Iteration 874 | Getting state...
⚙️ Scheduling...
✅ Schedule completed.
🔍 Verifying schedule...
📈 Updating policy...
torch.Size([512, 5, 10, 32])
torch.Size([488, 5, 10, 32])
torch.Size([512, 5, 10, 32])
torch.Size([488, 5, 10, 32])
torch.Size([512, 5, 10, 32])
torch.Size([488, 5, 10, 32])
📊 Reward: -41.948 | Loss: 0.026
⏱ Iter 874 done | 🕒 IterTime: 1.60s | 🕘 Elapsed: 1602.3s | ⏳ ETA: 3.8 min
🧠 Iteration 875 | Getting state...
⚙️ Scheduling...
✅ Schedule completed.
🔍 Verifying schedule...
📈 Updating policy...
torch.Size([512, 5, 10, 32])
torch.Size([488, 5, 10, 32])
torch.Size([512, 5, 10, 32])
torch.Size([488, 5, 10, 32])
torch.Size([512, 5, 10, 32])
torch.Size([488, 5, 10, 32])
📊 Reward: -40.348 | Loss: 0.020
⏱ Iter 875 done | 🕒 IterTime: 1.61s | 🕘 Elapsed: 1603.9s | ⏳ ETA: 3.8 min
🧠 Iteration 876 | Getting state...
⚙️ Scheduling...
✅ Schedule completed.
🔍 Verifying schedule...
📈 Updating policy...
torch.Size([512, 5, 10, 32])
torch.Size([488, 5, 10, 32])
torch.Size([512, 5, 10, 32])
torch.Size([488, 5, 10, 32])
torch.Size([512, 5, 10, 32])
torch.Size([488, 5, 10, 32])
📊 Reward: -41.848 | Loss: -0.003
⏱ Iter 876 done | 🕒 IterTime: 1.57s | 🕘 Elapsed: 1605.5s | ⏳ ETA: 3.8 min
🧠 Iteration 877 | Getting state...
⚙️ Scheduling...
✅ Schedule completed.
🔍 Verifying schedule...
📈 Updating policy...
torch.Size([512, 5, 10, 32])
torch.Size([488, 5, 10, 32])
torch.Size([512, 5, 10, 32])
torch.Size([488, 5, 10, 32])
torch.Size([512, 5, 10, 32])
torch.Size([488, 5, 10, 32])
📊 Reward: -41.598 | Loss: 0.025
⏱ Iter 877 done | 🕒 IterTime: 1.59s | 🕘 Elapsed: 1607.1s | ⏳ ETA: 3.8 min
🧠 Iteration 878 | Getting state...
⚙️ Scheduling...
✅ Schedule completed.
🔍 Verifying schedule...
📈 Updating policy...
torch.Size([512, 5, 10, 32])
torch.Size([488, 5, 10, 32])
torch.Size([512, 5, 10, 32])
torch.Size([488, 5, 10, 32])
torch.Size([512, 5, 10, 32])
torch.Size([488, 5, 10, 32])
📊 Reward: -41.298 | Loss: 0.032
⏱ Iter 878 done | 🕒 IterTime: 1.56s | 🕘 Elapsed: 1608.6s | ⏳ ETA: 3.7 min
🧠 Iteration 879 | Getting state...
⚙️ Scheduling...
✅ Schedule completed.
🔍 Verifying schedule...
📈 Updating policy...
torch.Size([512, 5, 10, 32])
torch.Size([488, 5, 10, 32])
torch.Size([512, 5, 10, 32])
torch.Size([488, 5, 10, 32])
torch.Size([512, 5, 10, 32])
torch.Size([488, 5, 10, 32])
📊 Reward: -43.098 | Loss: 0.039
⏱ Iter 879 done | 🕒 IterTime: 1.60s | 🕘 Elapsed: 1610.2s | ⏳ ETA: 3.7 min
🧠 Iteration 880 | Getting state...
⚙️ Scheduling...
✅ Schedule completed.
🔍 Verifying schedule...
📈 Updating policy...
torch.Size([512, 5, 10, 32])
torch.Size([488, 5, 10, 32])
torch.Size([512, 5, 10, 32])
torch.Size([488, 5, 10, 32])
torch.Size([512, 5, 10, 32])
torch.Size([488, 5, 10, 32])
📊 Reward: -39.198 | Loss: 0.013

🧪 Validating policy...
There are 100 dev instances.
validating time:  1.5971786975860596 

⏱ Iter 880 done | 🕒 IterTime: 3.17s | 🕘 Elapsed: 1613.4s | ⏳ ETA: 3.7 min
[15:33:04] 🔄 Refreshing training instances...
📦 num_jobs: 10, num_mas: 5, num_opes: 50
🧠 Iteration 881 | Getting state...
⚙️ Scheduling...
✅ Schedule completed.
🔍 Verifying schedule...
📈 Updating policy...
torch.Size([512, 5, 10, 32])
torch.Size([488, 5, 10, 32])
torch.Size([512, 5, 10, 32])
torch.Size([488, 5, 10, 32])
torch.Size([512, 5, 10, 32])
torch.Size([488, 5, 10, 32])
📊 Reward: -39.753 | Loss: 0.031
⏱ Iter 881 done | 🕒 IterTime: 1.63s | 🕘 Elapsed: 1615.0s | ⏳ ETA: 3.6 min
🧠 Iteration 882 | Getting state...
⚙️ Scheduling...
✅ Schedule completed.
🔍 Verifying schedule...
📈 Updating policy...
torch.Size([512, 5, 10, 32])
torch.Size([488, 5, 10, 32])
torch.Size([512, 5, 10, 32])
torch.Size([488, 5, 10, 32])
torch.Size([512, 5, 10, 32])
torch.Size([488, 5, 10, 32])
📊 Reward: -40.103 | Loss: 0.023
⏱ Iter 882 done | 🕒 IterTime: 1.56s | 🕘 Elapsed: 1616.6s | ⏳ ETA: 3.6 min
🧠 Iteration 883 | Getting state...
⚙️ Scheduling...
✅ Schedule completed.
🔍 Verifying schedule...
📈 Updating policy...
torch.Size([512, 5, 10, 32])
torch.Size([488, 5, 10, 32])
torch.Size([512, 5, 10, 32])
torch.Size([488, 5, 10, 32])
torch.Size([512, 5, 10, 32])
torch.Size([488, 5, 10, 32])
📊 Reward: -40.453 | Loss: 0.031
⏱ Iter 883 done | 🕒 IterTime: 1.60s | 🕘 Elapsed: 1618.2s | ⏳ ETA: 3.6 min
🧠 Iteration 884 | Getting state...
⚙️ Scheduling...
✅ Schedule completed.
🔍 Verifying schedule...
📈 Updating policy...
torch.Size([512, 5, 10, 32])
torch.Size([488, 5, 10, 32])
torch.Size([512, 5, 10, 32])
torch.Size([488, 5, 10, 32])
torch.Size([512, 5, 10, 32])
torch.Size([488, 5, 10, 32])
📊 Reward: -39.453 | Loss: 0.017
⏱ Iter 884 done | 🕒 IterTime: 1.59s | 🕘 Elapsed: 1619.8s | ⏳ ETA: 3.5 min
🧠 Iteration 885 | Getting state...
⚙️ Scheduling...
✅ Schedule completed.
🔍 Verifying schedule...
📈 Updating policy...
torch.Size([512, 5, 10, 32])
torch.Size([488, 5, 10, 32])
torch.Size([512, 5, 10, 32])
torch.Size([488, 5, 10, 32])
torch.Size([512, 5, 10, 32])
torch.Size([488, 5, 10, 32])
📊 Reward: -40.903 | Loss: 0.009
⏱ Iter 885 done | 🕒 IterTime: 1.62s | 🕘 Elapsed: 1621.4s | ⏳ ETA: 3.5 min
🧠 Iteration 886 | Getting state...
⚙️ Scheduling...
✅ Schedule completed.
🔍 Verifying schedule...
📈 Updating policy...
torch.Size([512, 5, 10, 32])
torch.Size([488, 5, 10, 32])
torch.Size([512, 5, 10, 32])
torch.Size([488, 5, 10, 32])
torch.Size([512, 5, 10, 32])
torch.Size([488, 5, 10, 32])
📊 Reward: -42.053 | Loss: 0.035
⏱ Iter 886 done | 🕒 IterTime: 1.57s | 🕘 Elapsed: 1623.0s | ⏳ ETA: 3.5 min
🧠 Iteration 887 | Getting state...
⚙️ Scheduling...
✅ Schedule completed.
🔍 Verifying schedule...
📈 Updating policy...
torch.Size([512, 5, 10, 32])
torch.Size([488, 5, 10, 32])
torch.Size([512, 5, 10, 32])
torch.Size([488, 5, 10, 32])
torch.Size([512, 5, 10, 32])
torch.Size([488, 5, 10, 32])
📊 Reward: -39.103 | Loss: 0.031
⏱ Iter 887 done | 🕒 IterTime: 1.56s | 🕘 Elapsed: 1624.5s | ⏳ ETA: 3.4 min
🧠 Iteration 888 | Getting state...
⚙️ Scheduling...
✅ Schedule completed.
🔍 Verifying schedule...
📈 Updating policy...
torch.Size([512, 5, 10, 32])
torch.Size([488, 5, 10, 32])
torch.Size([512, 5, 10, 32])
torch.Size([488, 5, 10, 32])
torch.Size([512, 5, 10, 32])
torch.Size([488, 5, 10, 32])
📊 Reward: -38.953 | Loss: 0.018
⏱ Iter 888 done | 🕒 IterTime: 1.56s | 🕘 Elapsed: 1626.1s | ⏳ ETA: 3.4 min
🧠 Iteration 889 | Getting state...
⚙️ Scheduling...
✅ Schedule completed.
🔍 Verifying schedule...
📈 Updating policy...
torch.Size([512, 5, 10, 32])
torch.Size([488, 5, 10, 32])
torch.Size([512, 5, 10, 32])
torch.Size([488, 5, 10, 32])
torch.Size([512, 5, 10, 32])
torch.Size([488, 5, 10, 32])
📊 Reward: -39.003 | Loss: -0.009
⏱ Iter 889 done | 🕒 IterTime: 1.57s | 🕘 Elapsed: 1627.7s | ⏳ ETA: 3.4 min
🧠 Iteration 890 | Getting state...
⚙️ Scheduling...
✅ Schedule completed.
🔍 Verifying schedule...
📈 Updating policy...
torch.Size([512, 5, 10, 32])
torch.Size([488, 5, 10, 32])
torch.Size([512, 5, 10, 32])
torch.Size([488, 5, 10, 32])
torch.Size([512, 5, 10, 32])
torch.Size([488, 5, 10, 32])
📊 Reward: -38.853 | Loss: 0.012

🧪 Validating policy...
There are 100 dev instances.
validating time:  1.5496909618377686 

⏱ Iter 890 done | 🕒 IterTime: 3.12s | 🕘 Elapsed: 1630.8s | ⏳ ETA: 3.4 min
🧠 Iteration 891 | Getting state...
⚙️ Scheduling...
✅ Schedule completed.
🔍 Verifying schedule...
📈 Updating policy...
torch.Size([512, 5, 10, 32])
torch.Size([488, 5, 10, 32])
torch.Size([512, 5, 10, 32])
torch.Size([488, 5, 10, 32])
torch.Size([512, 5, 10, 32])
torch.Size([488, 5, 10, 32])
📊 Reward: -38.503 | Loss: 0.013
⏱ Iter 891 done | 🕒 IterTime: 1.56s | 🕘 Elapsed: 1632.3s | ⏳ ETA: 3.3 min
🧠 Iteration 892 | Getting state...
⚙️ Scheduling...
✅ Schedule completed.
🔍 Verifying schedule...
📈 Updating policy...
torch.Size([512, 5, 10, 32])
torch.Size([488, 5, 10, 32])
torch.Size([512, 5, 10, 32])
torch.Size([488, 5, 10, 32])
torch.Size([512, 5, 10, 32])
torch.Size([488, 5, 10, 32])
📊 Reward: -41.303 | Loss: 0.010
⏱ Iter 892 done | 🕒 IterTime: 1.54s | 🕘 Elapsed: 1633.9s | ⏳ ETA: 3.3 min
🧠 Iteration 893 | Getting state...
⚙️ Scheduling...
✅ Schedule completed.
🔍 Verifying schedule...
📈 Updating policy...
torch.Size([512, 5, 10, 32])
torch.Size([488, 5, 10, 32])
torch.Size([512, 5, 10, 32])
torch.Size([488, 5, 10, 32])
torch.Size([512, 5, 10, 32])
torch.Size([488, 5, 10, 32])
📊 Reward: -41.253 | Loss: 0.019
⏱ Iter 893 done | 🕒 IterTime: 1.55s | 🕘 Elapsed: 1635.4s | ⏳ ETA: 3.3 min
🧠 Iteration 894 | Getting state...
⚙️ Scheduling...
✅ Schedule completed.
🔍 Verifying schedule...
📈 Updating policy...
torch.Size([512, 5, 10, 32])
torch.Size([488, 5, 10, 32])
torch.Size([512, 5, 10, 32])
torch.Size([488, 5, 10, 32])
torch.Size([512, 5, 10, 32])
torch.Size([488, 5, 10, 32])
📊 Reward: -38.403 | Loss: 0.027
⏱ Iter 894 done | 🕒 IterTime: 1.61s | 🕘 Elapsed: 1637.0s | ⏳ ETA: 3.2 min
🧠 Iteration 895 | Getting state...
⚙️ Scheduling...
✅ Schedule completed.
🔍 Verifying schedule...
📈 Updating policy...
torch.Size([512, 5, 10, 32])
torch.Size([488, 5, 10, 32])
torch.Size([512, 5, 10, 32])
torch.Size([488, 5, 10, 32])
torch.Size([512, 5, 10, 32])
torch.Size([488, 5, 10, 32])
📊 Reward: -38.153 | Loss: 0.008
⏱ Iter 895 done | 🕒 IterTime: 1.58s | 🕘 Elapsed: 1638.6s | ⏳ ETA: 3.2 min
🧠 Iteration 896 | Getting state...
⚙️ Scheduling...
✅ Schedule completed.
🔍 Verifying schedule...
📈 Updating policy...
torch.Size([512, 5, 10, 32])
torch.Size([488, 5, 10, 32])
torch.Size([512, 5, 10, 32])
torch.Size([488, 5, 10, 32])
torch.Size([512, 5, 10, 32])
torch.Size([488, 5, 10, 32])
📊 Reward: -38.703 | Loss: 0.031
⏱ Iter 896 done | 🕒 IterTime: 1.61s | 🕘 Elapsed: 1640.2s | ⏳ ETA: 3.2 min
🧠 Iteration 897 | Getting state...
⚙️ Scheduling...
✅ Schedule completed.
🔍 Verifying schedule...
📈 Updating policy...
torch.Size([512, 5, 10, 32])
torch.Size([488, 5, 10, 32])
torch.Size([512, 5, 10, 32])
torch.Size([488, 5, 10, 32])
torch.Size([512, 5, 10, 32])
torch.Size([488, 5, 10, 32])
📊 Reward: -39.753 | Loss: 0.030
⏱ Iter 897 done | 🕒 IterTime: 1.63s | 🕘 Elapsed: 1641.9s | ⏳ ETA: 3.1 min
🧠 Iteration 898 | Getting state...
⚙️ Scheduling...
✅ Schedule completed.
🔍 Verifying schedule...
📈 Updating policy...
torch.Size([512, 5, 10, 32])
torch.Size([488, 5, 10, 32])
torch.Size([512, 5, 10, 32])
torch.Size([488, 5, 10, 32])
torch.Size([512, 5, 10, 32])
torch.Size([488, 5, 10, 32])
📊 Reward: -40.403 | Loss: 0.013
⏱ Iter 898 done | 🕒 IterTime: 1.59s | 🕘 Elapsed: 1643.4s | ⏳ ETA: 3.1 min
🧠 Iteration 899 | Getting state...
⚙️ Scheduling...
✅ Schedule completed.
🔍 Verifying schedule...
📈 Updating policy...
torch.Size([512, 5, 10, 32])
torch.Size([488, 5, 10, 32])
torch.Size([512, 5, 10, 32])
torch.Size([488, 5, 10, 32])
torch.Size([512, 5, 10, 32])
torch.Size([488, 5, 10, 32])
📊 Reward: -39.403 | Loss: 0.028
⏱ Iter 899 done | 🕒 IterTime: 1.56s | 🕘 Elapsed: 1645.0s | ⏳ ETA: 3.1 min
🧠 Iteration 900 | Getting state...
⚙️ Scheduling...
✅ Schedule completed.
🔍 Verifying schedule...
📈 Updating policy...
torch.Size([512, 5, 10, 32])
torch.Size([488, 5, 10, 32])
torch.Size([512, 5, 10, 32])
torch.Size([488, 5, 10, 32])
torch.Size([512, 5, 10, 32])
torch.Size([488, 5, 10, 32])
📊 Reward: -37.953 | Loss: 0.032

🧪 Validating policy...
There are 100 dev instances.
validating time:  1.5991935729980469 

⏱ Iter 900 done | 🕒 IterTime: 3.18s | 🕘 Elapsed: 1648.2s | ⏳ ETA: 3.1 min
[15:33:39] 🔄 Refreshing training instances...
📦 num_jobs: 10, num_mas: 5, num_opes: 51
🧠 Iteration 901 | Getting state...
⚙️ Scheduling...
✅ Schedule completed.
🔍 Verifying schedule...
📈 Updating policy...
torch.Size([512, 5, 10, 32])
torch.Size([508, 5, 10, 32])
torch.Size([512, 5, 10, 32])
torch.Size([508, 5, 10, 32])
torch.Size([512, 5, 10, 32])
torch.Size([508, 5, 10, 32])
📊 Reward: -39.952 | Loss: 0.017
⏱ Iter 901 done | 🕒 IterTime: 1.70s | 🕘 Elapsed: 1649.9s | ⏳ ETA: 3.0 min
🧠 Iteration 902 | Getting state...
⚙️ Scheduling...
✅ Schedule completed.
🔍 Verifying schedule...
📈 Updating policy...
torch.Size([512, 5, 10, 32])
torch.Size([508, 5, 10, 32])
torch.Size([512, 5, 10, 32])
torch.Size([508, 5, 10, 32])
torch.Size([512, 5, 10, 32])
torch.Size([508, 5, 10, 32])
📊 Reward: -42.852 | Loss: 0.018
⏱ Iter 902 done | 🕒 IterTime: 1.60s | 🕘 Elapsed: 1651.5s | ⏳ ETA: 3.0 min
🧠 Iteration 903 | Getting state...
⚙️ Scheduling...
✅ Schedule completed.
🔍 Verifying schedule...
📈 Updating policy...
torch.Size([512, 5, 10, 32])
torch.Size([508, 5, 10, 32])
torch.Size([512, 5, 10, 32])
torch.Size([508, 5, 10, 32])
torch.Size([512, 5, 10, 32])
torch.Size([508, 5, 10, 32])
📊 Reward: -39.852 | Loss: 0.012
⏱ Iter 903 done | 🕒 IterTime: 1.63s | 🕘 Elapsed: 1653.1s | ⏳ ETA: 3.0 min
🧠 Iteration 904 | Getting state...
⚙️ Scheduling...
✅ Schedule completed.
🔍 Verifying schedule...
📈 Updating policy...
torch.Size([512, 5, 10, 32])
torch.Size([508, 5, 10, 32])
torch.Size([512, 5, 10, 32])
torch.Size([508, 5, 10, 32])
torch.Size([512, 5, 10, 32])
torch.Size([508, 5, 10, 32])
📊 Reward: -38.802 | Loss: 0.010
⏱ Iter 904 done | 🕒 IterTime: 1.61s | 🕘 Elapsed: 1654.7s | ⏳ ETA: 2.9 min
🧠 Iteration 905 | Getting state...
⚙️ Scheduling...
✅ Schedule completed.
🔍 Verifying schedule...
📈 Updating policy...
torch.Size([512, 5, 10, 32])
torch.Size([508, 5, 10, 32])
torch.Size([512, 5, 10, 32])
torch.Size([508, 5, 10, 32])
torch.Size([512, 5, 10, 32])
torch.Size([508, 5, 10, 32])
📊 Reward: -39.952 | Loss: 0.015
⏱ Iter 905 done | 🕒 IterTime: 1.59s | 🕘 Elapsed: 1656.3s | ⏳ ETA: 2.9 min
🧠 Iteration 906 | Getting state...
⚙️ Scheduling...
✅ Schedule completed.
🔍 Verifying schedule...
📈 Updating policy...
torch.Size([512, 5, 10, 32])
torch.Size([508, 5, 10, 32])
torch.Size([512, 5, 10, 32])
torch.Size([508, 5, 10, 32])
torch.Size([512, 5, 10, 32])
torch.Size([508, 5, 10, 32])
📊 Reward: -42.102 | Loss: 0.015
⏱ Iter 906 done | 🕒 IterTime: 1.61s | 🕘 Elapsed: 1657.9s | ⏳ ETA: 2.9 min
🧠 Iteration 907 | Getting state...
⚙️ Scheduling...
✅ Schedule completed.
🔍 Verifying schedule...
📈 Updating policy...
torch.Size([512, 5, 10, 32])
torch.Size([508, 5, 10, 32])
torch.Size([512, 5, 10, 32])
torch.Size([508, 5, 10, 32])
torch.Size([512, 5, 10, 32])
torch.Size([508, 5, 10, 32])
📊 Reward: -39.502 | Loss: 0.028
⏱ Iter 907 done | 🕒 IterTime: 1.62s | 🕘 Elapsed: 1659.6s | ⏳ ETA: 2.8 min
🧠 Iteration 908 | Getting state...
⚙️ Scheduling...
✅ Schedule completed.
🔍 Verifying schedule...
📈 Updating policy...
torch.Size([512, 5, 10, 32])
torch.Size([508, 5, 10, 32])
torch.Size([512, 5, 10, 32])
torch.Size([508, 5, 10, 32])
torch.Size([512, 5, 10, 32])
torch.Size([508, 5, 10, 32])
📊 Reward: -42.052 | Loss: 0.006
⏱ Iter 908 done | 🕒 IterTime: 1.58s | 🕘 Elapsed: 1661.1s | ⏳ ETA: 2.8 min
🧠 Iteration 909 | Getting state...
⚙️ Scheduling...
✅ Schedule completed.
🔍 Verifying schedule...
📈 Updating policy...
torch.Size([512, 5, 10, 32])
torch.Size([508, 5, 10, 32])
torch.Size([512, 5, 10, 32])
torch.Size([508, 5, 10, 32])
torch.Size([512, 5, 10, 32])
torch.Size([508, 5, 10, 32])
📊 Reward: -41.902 | Loss: 0.029
⏱ Iter 909 done | 🕒 IterTime: 1.57s | 🕘 Elapsed: 1662.7s | ⏳ ETA: 2.8 min
🧠 Iteration 910 | Getting state...
⚙️ Scheduling...
✅ Schedule completed.
🔍 Verifying schedule...
📈 Updating policy...
torch.Size([512, 5, 10, 32])
torch.Size([508, 5, 10, 32])
torch.Size([512, 5, 10, 32])
torch.Size([508, 5, 10, 32])
torch.Size([512, 5, 10, 32])
torch.Size([508, 5, 10, 32])
📊 Reward: -40.452 | Loss: 0.035

🧪 Validating policy...
There are 100 dev instances.
validating time:  1.5288619995117188 

⏱ Iter 910 done | 🕒 IterTime: 3.09s | 🕘 Elapsed: 1665.8s | ⏳ ETA: 2.7 min
🧠 Iteration 911 | Getting state...
⚙️ Scheduling...
✅ Schedule completed.
🔍 Verifying schedule...
📈 Updating policy...
torch.Size([512, 5, 10, 32])
torch.Size([508, 5, 10, 32])
torch.Size([512, 5, 10, 32])
torch.Size([508, 5, 10, 32])
torch.Size([512, 5, 10, 32])
torch.Size([508, 5, 10, 32])
📊 Reward: -40.552 | Loss: 0.014
⏱ Iter 911 done | 🕒 IterTime: 1.58s | 🕘 Elapsed: 1667.4s | ⏳ ETA: 2.7 min
🧠 Iteration 912 | Getting state...
⚙️ Scheduling...
✅ Schedule completed.
🔍 Verifying schedule...
📈 Updating policy...
torch.Size([512, 5, 10, 32])
torch.Size([508, 5, 10, 32])
torch.Size([512, 5, 10, 32])
torch.Size([508, 5, 10, 32])
torch.Size([512, 5, 10, 32])
torch.Size([508, 5, 10, 32])
📊 Reward: -38.152 | Loss: 0.015
⏱ Iter 912 done | 🕒 IterTime: 1.69s | 🕘 Elapsed: 1669.1s | ⏳ ETA: 2.7 min
🧠 Iteration 913 | Getting state...
⚙️ Scheduling...
✅ Schedule completed.
🔍 Verifying schedule...
📈 Updating policy...
torch.Size([512, 5, 10, 32])
torch.Size([508, 5, 10, 32])
torch.Size([512, 5, 10, 32])
torch.Size([508, 5, 10, 32])
torch.Size([512, 5, 10, 32])
torch.Size([508, 5, 10, 32])
📊 Reward: -42.002 | Loss: 0.007
⏱ Iter 913 done | 🕒 IterTime: 1.74s | 🕘 Elapsed: 1670.8s | ⏳ ETA: 2.7 min
🧠 Iteration 914 | Getting state...
⚙️ Scheduling...
✅ Schedule completed.
🔍 Verifying schedule...
📈 Updating policy...
torch.Size([512, 5, 10, 32])
torch.Size([508, 5, 10, 32])
torch.Size([512, 5, 10, 32])
torch.Size([508, 5, 10, 32])
torch.Size([512, 5, 10, 32])
torch.Size([508, 5, 10, 32])
📊 Reward: -38.902 | Loss: 0.020
⏱ Iter 914 done | 🕒 IterTime: 1.73s | 🕘 Elapsed: 1672.5s | ⏳ ETA: 2.6 min
🧠 Iteration 915 | Getting state...
⚙️ Scheduling...
✅ Schedule completed.
🔍 Verifying schedule...
📈 Updating policy...
torch.Size([512, 5, 10, 32])
torch.Size([508, 5, 10, 32])
torch.Size([512, 5, 10, 32])
torch.Size([508, 5, 10, 32])
torch.Size([512, 5, 10, 32])
torch.Size([508, 5, 10, 32])
📊 Reward: -40.802 | Loss: 0.034
⏱ Iter 915 done | 🕒 IterTime: 1.72s | 🕘 Elapsed: 1674.3s | ⏳ ETA: 2.6 min
🧠 Iteration 916 | Getting state...
⚙️ Scheduling...
✅ Schedule completed.
🔍 Verifying schedule...
📈 Updating policy...
torch.Size([512, 5, 10, 32])
torch.Size([508, 5, 10, 32])
torch.Size([512, 5, 10, 32])
torch.Size([508, 5, 10, 32])
torch.Size([512, 5, 10, 32])
torch.Size([508, 5, 10, 32])
📊 Reward: -41.202 | Loss: 0.012
⏱ Iter 916 done | 🕒 IterTime: 1.75s | 🕘 Elapsed: 1676.0s | ⏳ ETA: 2.6 min
🧠 Iteration 917 | Getting state...
⚙️ Scheduling...
✅ Schedule completed.
🔍 Verifying schedule...
📈 Updating policy...
torch.Size([512, 5, 10, 32])
torch.Size([508, 5, 10, 32])
torch.Size([512, 5, 10, 32])
torch.Size([508, 5, 10, 32])
torch.Size([512, 5, 10, 32])
torch.Size([508, 5, 10, 32])
📊 Reward: -42.852 | Loss: 0.011
⏱ Iter 917 done | 🕒 IterTime: 1.73s | 🕘 Elapsed: 1677.7s | ⏳ ETA: 2.5 min
🧠 Iteration 918 | Getting state...
⚙️ Scheduling...
✅ Schedule completed.
🔍 Verifying schedule...
📈 Updating policy...
torch.Size([512, 5, 10, 32])
torch.Size([508, 5, 10, 32])
torch.Size([512, 5, 10, 32])
torch.Size([508, 5, 10, 32])
torch.Size([512, 5, 10, 32])
torch.Size([508, 5, 10, 32])
📊 Reward: -39.752 | Loss: 0.056
⏱ Iter 918 done | 🕒 IterTime: 1.82s | 🕘 Elapsed: 1679.6s | ⏳ ETA: 2.5 min
🧠 Iteration 919 | Getting state...
⚙️ Scheduling...
✅ Schedule completed.
🔍 Verifying schedule...
📈 Updating policy...
torch.Size([512, 5, 10, 32])
torch.Size([508, 5, 10, 32])
torch.Size([512, 5, 10, 32])
torch.Size([508, 5, 10, 32])
torch.Size([512, 5, 10, 32])
torch.Size([508, 5, 10, 32])
📊 Reward: -40.652 | Loss: 0.026
⏱ Iter 919 done | 🕒 IterTime: 1.67s | 🕘 Elapsed: 1681.2s | ⏳ ETA: 2.5 min
🧠 Iteration 920 | Getting state...
⚙️ Scheduling...
✅ Schedule completed.
🔍 Verifying schedule...
📈 Updating policy...
torch.Size([512, 5, 10, 32])
torch.Size([508, 5, 10, 32])
torch.Size([512, 5, 10, 32])
torch.Size([508, 5, 10, 32])
torch.Size([512, 5, 10, 32])
torch.Size([508, 5, 10, 32])
📊 Reward: -39.502 | Loss: 0.018

🧪 Validating policy...
There are 100 dev instances.
validating time:  1.5592856407165527 

⏱ Iter 920 done | 🕒 IterTime: 3.11s | 🕘 Elapsed: 1684.3s | ⏳ ETA: 2.4 min
[15:34:15] 🔄 Refreshing training instances...
📦 num_jobs: 10, num_mas: 5, num_opes: 53
🧠 Iteration 921 | Getting state...
⚙️ Scheduling...
✅ Schedule completed.
🔍 Verifying schedule...
📈 Updating policy...
torch.Size([512, 5, 10, 32])
torch.Size([512, 5, 10, 32])
torch.Size([36, 5, 10, 32])
torch.Size([512, 5, 10, 32])
torch.Size([512, 5, 10, 32])
torch.Size([36, 5, 10, 32])
torch.Size([512, 5, 10, 32])
torch.Size([512, 5, 10, 32])
torch.Size([36, 5, 10, 32])
📊 Reward: -40.253 | Loss: 0.074
⏱ Iter 921 done | 🕒 IterTime: 1.94s | 🕘 Elapsed: 1686.3s | ⏳ ETA: 2.4 min
🧠 Iteration 922 | Getting state...
⚙️ Scheduling...
✅ Schedule completed.
🔍 Verifying schedule...
📈 Updating policy...
torch.Size([512, 5, 10, 32])
torch.Size([512, 5, 10, 32])
torch.Size([36, 5, 10, 32])
torch.Size([512, 5, 10, 32])
torch.Size([512, 5, 10, 32])
torch.Size([36, 5, 10, 32])
torch.Size([512, 5, 10, 32])
torch.Size([512, 5, 10, 32])
torch.Size([36, 5, 10, 32])
📊 Reward: -41.653 | Loss: 0.007
⏱ Iter 922 done | 🕒 IterTime: 1.99s | 🕘 Elapsed: 1688.3s | ⏳ ETA: 2.4 min
🧠 Iteration 923 | Getting state...
⚙️ Scheduling...
✅ Schedule completed.
🔍 Verifying schedule...
📈 Updating policy...
torch.Size([512, 5, 10, 32])
torch.Size([512, 5, 10, 32])
torch.Size([36, 5, 10, 32])
torch.Size([512, 5, 10, 32])
torch.Size([512, 5, 10, 32])
torch.Size([36, 5, 10, 32])
torch.Size([512, 5, 10, 32])
torch.Size([512, 5, 10, 32])
torch.Size([36, 5, 10, 32])
📊 Reward: -42.503 | Loss: 0.055
⏱ Iter 923 done | 🕒 IterTime: 1.93s | 🕘 Elapsed: 1690.2s | ⏳ ETA: 2.4 min
🧠 Iteration 924 | Getting state...
⚙️ Scheduling...
✅ Schedule completed.
🔍 Verifying schedule...
📈 Updating policy...
torch.Size([512, 5, 10, 32])
torch.Size([512, 5, 10, 32])
torch.Size([36, 5, 10, 32])
torch.Size([512, 5, 10, 32])
torch.Size([512, 5, 10, 32])
torch.Size([36, 5, 10, 32])
torch.Size([512, 5, 10, 32])
torch.Size([512, 5, 10, 32])
torch.Size([36, 5, 10, 32])
📊 Reward: -43.803 | Loss: -0.056
⏱ Iter 924 done | 🕒 IterTime: 1.89s | 🕘 Elapsed: 1692.1s | ⏳ ETA: 2.3 min
🧠 Iteration 925 | Getting state...
⚙️ Scheduling...
✅ Schedule completed.
🔍 Verifying schedule...
📈 Updating policy...
torch.Size([512, 5, 10, 32])
torch.Size([512, 5, 10, 32])
torch.Size([36, 5, 10, 32])
torch.Size([512, 5, 10, 32])
torch.Size([512, 5, 10, 32])
torch.Size([36, 5, 10, 32])
torch.Size([512, 5, 10, 32])
torch.Size([512, 5, 10, 32])
torch.Size([36, 5, 10, 32])
📊 Reward: -42.903 | Loss: 0.073
⏱ Iter 925 done | 🕒 IterTime: 2.06s | 🕘 Elapsed: 1694.1s | ⏳ ETA: 2.3 min
🧠 Iteration 926 | Getting state...
⚙️ Scheduling...
✅ Schedule completed.
🔍 Verifying schedule...
📈 Updating policy...
torch.Size([512, 5, 10, 32])
torch.Size([512, 5, 10, 32])
torch.Size([36, 5, 10, 32])
torch.Size([512, 5, 10, 32])
torch.Size([512, 5, 10, 32])
torch.Size([36, 5, 10, 32])
torch.Size([512, 5, 10, 32])
torch.Size([512, 5, 10, 32])
torch.Size([36, 5, 10, 32])
📊 Reward: -45.203 | Loss: 0.035
⏱ Iter 926 done | 🕒 IterTime: 1.97s | 🕘 Elapsed: 1696.1s | ⏳ ETA: 2.3 min
🧠 Iteration 927 | Getting state...
⚙️ Scheduling...
✅ Schedule completed.
🔍 Verifying schedule...
📈 Updating policy...
torch.Size([512, 5, 10, 32])
torch.Size([512, 5, 10, 32])
torch.Size([36, 5, 10, 32])
torch.Size([512, 5, 10, 32])
torch.Size([512, 5, 10, 32])
torch.Size([36, 5, 10, 32])
torch.Size([512, 5, 10, 32])
torch.Size([512, 5, 10, 32])
torch.Size([36, 5, 10, 32])
📊 Reward: -45.403 | Loss: 0.112
⏱ Iter 927 done | 🕒 IterTime: 1.89s | 🕘 Elapsed: 1698.0s | ⏳ ETA: 2.2 min
🧠 Iteration 928 | Getting state...
⚙️ Scheduling...
✅ Schedule completed.
🔍 Verifying schedule...
📈 Updating policy...
torch.Size([512, 5, 10, 32])
torch.Size([512, 5, 10, 32])
torch.Size([36, 5, 10, 32])
torch.Size([512, 5, 10, 32])
torch.Size([512, 5, 10, 32])
torch.Size([36, 5, 10, 32])
torch.Size([512, 5, 10, 32])
torch.Size([512, 5, 10, 32])
torch.Size([36, 5, 10, 32])
📊 Reward: -40.553 | Loss: 0.003
⏱ Iter 928 done | 🕒 IterTime: 1.98s | 🕘 Elapsed: 1700.0s | ⏳ ETA: 2.2 min
🧠 Iteration 929 | Getting state...
⚙️ Scheduling...
✅ Schedule completed.
🔍 Verifying schedule...
📈 Updating policy...
torch.Size([512, 5, 10, 32])
torch.Size([512, 5, 10, 32])
torch.Size([36, 5, 10, 32])
torch.Size([512, 5, 10, 32])
torch.Size([512, 5, 10, 32])
torch.Size([36, 5, 10, 32])
torch.Size([512, 5, 10, 32])
torch.Size([512, 5, 10, 32])
torch.Size([36, 5, 10, 32])
📊 Reward: -43.153 | Loss: 0.148
⏱ Iter 929 done | 🕒 IterTime: 1.92s | 🕘 Elapsed: 1701.9s | ⏳ ETA: 2.2 min
🧠 Iteration 930 | Getting state...
⚙️ Scheduling...
✅ Schedule completed.
🔍 Verifying schedule...
📈 Updating policy...
torch.Size([512, 5, 10, 32])
torch.Size([512, 5, 10, 32])
torch.Size([36, 5, 10, 32])
torch.Size([512, 5, 10, 32])
torch.Size([512, 5, 10, 32])
torch.Size([36, 5, 10, 32])
torch.Size([512, 5, 10, 32])
torch.Size([512, 5, 10, 32])
torch.Size([36, 5, 10, 32])
📊 Reward: -44.903 | Loss: -0.019

🧪 Validating policy...
There are 100 dev instances.
validating time:  1.5930771827697754 

⏱ Iter 930 done | 🕒 IterTime: 3.53s | 🕘 Elapsed: 1705.4s | ⏳ ETA: 2.1 min
🧠 Iteration 931 | Getting state...
⚙️ Scheduling...
✅ Schedule completed.
🔍 Verifying schedule...
📈 Updating policy...
torch.Size([512, 5, 10, 32])
torch.Size([512, 5, 10, 32])
torch.Size([36, 5, 10, 32])
torch.Size([512, 5, 10, 32])
torch.Size([512, 5, 10, 32])
torch.Size([36, 5, 10, 32])
torch.Size([512, 5, 10, 32])
torch.Size([512, 5, 10, 32])
torch.Size([36, 5, 10, 32])
📊 Reward: -43.103 | Loss: 0.101
⏱ Iter 931 done | 🕒 IterTime: 1.95s | 🕘 Elapsed: 1707.4s | ⏳ ETA: 2.1 min
🧠 Iteration 932 | Getting state...
⚙️ Scheduling...
✅ Schedule completed.
🔍 Verifying schedule...
📈 Updating policy...
torch.Size([512, 5, 10, 32])
torch.Size([512, 5, 10, 32])
torch.Size([36, 5, 10, 32])
torch.Size([512, 5, 10, 32])
torch.Size([512, 5, 10, 32])
torch.Size([36, 5, 10, 32])
torch.Size([512, 5, 10, 32])
torch.Size([512, 5, 10, 32])
torch.Size([36, 5, 10, 32])
📊 Reward: -42.503 | Loss: -0.068
⏱ Iter 932 done | 🕒 IterTime: 1.87s | 🕘 Elapsed: 1709.2s | ⏳ ETA: 2.1 min
🧠 Iteration 933 | Getting state...
⚙️ Scheduling...
✅ Schedule completed.
🔍 Verifying schedule...
📈 Updating policy...
torch.Size([512, 5, 10, 32])
torch.Size([512, 5, 10, 32])
torch.Size([36, 5, 10, 32])
torch.Size([512, 5, 10, 32])
torch.Size([512, 5, 10, 32])
torch.Size([36, 5, 10, 32])
torch.Size([512, 5, 10, 32])
torch.Size([512, 5, 10, 32])
torch.Size([36, 5, 10, 32])
📊 Reward: -42.503 | Loss: 0.134
⏱ Iter 933 done | 🕒 IterTime: 1.87s | 🕘 Elapsed: 1711.1s | ⏳ ETA: 2.0 min
🧠 Iteration 934 | Getting state...
⚙️ Scheduling...
✅ Schedule completed.
🔍 Verifying schedule...
📈 Updating policy...
torch.Size([512, 5, 10, 32])
torch.Size([512, 5, 10, 32])
torch.Size([36, 5, 10, 32])
torch.Size([512, 5, 10, 32])
torch.Size([512, 5, 10, 32])
torch.Size([36, 5, 10, 32])
torch.Size([512, 5, 10, 32])
torch.Size([512, 5, 10, 32])
torch.Size([36, 5, 10, 32])
📊 Reward: -41.303 | Loss: 0.040
⏱ Iter 934 done | 🕒 IterTime: 1.95s | 🕘 Elapsed: 1713.1s | ⏳ ETA: 2.0 min
🧠 Iteration 935 | Getting state...
⚙️ Scheduling...
✅ Schedule completed.
🔍 Verifying schedule...
📈 Updating policy...
torch.Size([512, 5, 10, 32])
torch.Size([512, 5, 10, 32])
torch.Size([36, 5, 10, 32])
torch.Size([512, 5, 10, 32])
torch.Size([512, 5, 10, 32])
torch.Size([36, 5, 10, 32])
torch.Size([512, 5, 10, 32])
torch.Size([512, 5, 10, 32])
torch.Size([36, 5, 10, 32])
📊 Reward: -43.653 | Loss: 0.030
⏱ Iter 935 done | 🕒 IterTime: 1.95s | 🕘 Elapsed: 1715.0s | ⏳ ETA: 2.0 min
🧠 Iteration 936 | Getting state...
⚙️ Scheduling...
✅ Schedule completed.
🔍 Verifying schedule...
📈 Updating policy...
torch.Size([512, 5, 10, 32])
torch.Size([512, 5, 10, 32])
torch.Size([36, 5, 10, 32])
torch.Size([512, 5, 10, 32])
torch.Size([512, 5, 10, 32])
torch.Size([36, 5, 10, 32])
torch.Size([512, 5, 10, 32])
torch.Size([512, 5, 10, 32])
torch.Size([36, 5, 10, 32])
📊 Reward: -43.053 | Loss: 0.082
⏱ Iter 936 done | 🕒 IterTime: 1.93s | 🕘 Elapsed: 1716.9s | ⏳ ETA: 2.0 min
🧠 Iteration 937 | Getting state...
⚙️ Scheduling...
✅ Schedule completed.
🔍 Verifying schedule...
📈 Updating policy...
torch.Size([512, 5, 10, 32])
torch.Size([512, 5, 10, 32])
torch.Size([36, 5, 10, 32])
torch.Size([512, 5, 10, 32])
torch.Size([512, 5, 10, 32])
torch.Size([36, 5, 10, 32])
torch.Size([512, 5, 10, 32])
torch.Size([512, 5, 10, 32])
torch.Size([36, 5, 10, 32])
📊 Reward: -44.303 | Loss: -0.016
⏱ Iter 937 done | 🕒 IterTime: 1.96s | 🕘 Elapsed: 1718.9s | ⏳ ETA: 1.9 min
🧠 Iteration 938 | Getting state...
⚙️ Scheduling...
✅ Schedule completed.
🔍 Verifying schedule...
📈 Updating policy...
torch.Size([512, 5, 10, 32])
torch.Size([512, 5, 10, 32])
torch.Size([36, 5, 10, 32])
torch.Size([512, 5, 10, 32])
torch.Size([512, 5, 10, 32])
torch.Size([36, 5, 10, 32])
torch.Size([512, 5, 10, 32])
torch.Size([512, 5, 10, 32])
torch.Size([36, 5, 10, 32])
📊 Reward: -44.053 | Loss: 0.065
⏱ Iter 938 done | 🕒 IterTime: 1.89s | 🕘 Elapsed: 1720.8s | ⏳ ETA: 1.9 min
🧠 Iteration 939 | Getting state...
⚙️ Scheduling...
✅ Schedule completed.
🔍 Verifying schedule...
📈 Updating policy...
torch.Size([512, 5, 10, 32])
torch.Size([512, 5, 10, 32])
torch.Size([36, 5, 10, 32])
torch.Size([512, 5, 10, 32])
torch.Size([512, 5, 10, 32])
torch.Size([36, 5, 10, 32])
torch.Size([512, 5, 10, 32])
torch.Size([512, 5, 10, 32])
torch.Size([36, 5, 10, 32])
📊 Reward: -44.003 | Loss: 0.063
⏱ Iter 939 done | 🕒 IterTime: 1.91s | 🕘 Elapsed: 1722.7s | ⏳ ETA: 1.9 min
🧠 Iteration 940 | Getting state...
⚙️ Scheduling...
✅ Schedule completed.
🔍 Verifying schedule...
📈 Updating policy...
torch.Size([512, 5, 10, 32])
torch.Size([512, 5, 10, 32])
torch.Size([36, 5, 10, 32])
torch.Size([512, 5, 10, 32])
torch.Size([512, 5, 10, 32])
torch.Size([36, 5, 10, 32])
torch.Size([512, 5, 10, 32])
torch.Size([512, 5, 10, 32])
torch.Size([36, 5, 10, 32])
📊 Reward: -43.553 | Loss: 0.006

🧪 Validating policy...
There are 100 dev instances.
validating time:  1.5725133419036865 

⏱ Iter 940 done | 🕒 IterTime: 3.56s | 🕘 Elapsed: 1726.3s | ⏳ ETA: 1.8 min
[15:34:57] 🔄 Refreshing training instances...
📦 num_jobs: 10, num_mas: 5, num_opes: 54
🧠 Iteration 941 | Getting state...
⚙️ Scheduling...
✅ Schedule completed.
🔍 Verifying schedule...
📈 Updating policy...
torch.Size([512, 5, 10, 32])
torch.Size([512, 5, 10, 32])
torch.Size([56, 5, 10, 32])
torch.Size([512, 5, 10, 32])
torch.Size([512, 5, 10, 32])
torch.Size([56, 5, 10, 32])
torch.Size([512, 5, 10, 32])
torch.Size([512, 5, 10, 32])
torch.Size([56, 5, 10, 32])
📊 Reward: -46.765 | Loss: 0.010
⏱ Iter 941 done | 🕒 IterTime: 2.04s | 🕘 Elapsed: 1728.3s | ⏳ ETA: 1.8 min
🧠 Iteration 942 | Getting state...
⚙️ Scheduling...
✅ Schedule completed.
🔍 Verifying schedule...
📈 Updating policy...
torch.Size([512, 5, 10, 32])
torch.Size([512, 5, 10, 32])
torch.Size([56, 5, 10, 32])
torch.Size([512, 5, 10, 32])
torch.Size([512, 5, 10, 32])
torch.Size([56, 5, 10, 32])
torch.Size([512, 5, 10, 32])
torch.Size([512, 5, 10, 32])
torch.Size([56, 5, 10, 32])
📊 Reward: -44.165 | Loss: 0.029
⏱ Iter 942 done | 🕒 IterTime: 1.96s | 🕘 Elapsed: 1730.3s | ⏳ ETA: 1.8 min
🧠 Iteration 943 | Getting state...
⚙️ Scheduling...
✅ Schedule completed.
🔍 Verifying schedule...
📈 Updating policy...
torch.Size([512, 5, 10, 32])
torch.Size([512, 5, 10, 32])
torch.Size([56, 5, 10, 32])
torch.Size([512, 5, 10, 32])
torch.Size([512, 5, 10, 32])
torch.Size([56, 5, 10, 32])
torch.Size([512, 5, 10, 32])
torch.Size([512, 5, 10, 32])
torch.Size([56, 5, 10, 32])
📊 Reward: -44.365 | Loss: 0.016
⏱ Iter 943 done | 🕒 IterTime: 2.00s | 🕘 Elapsed: 1732.3s | ⏳ ETA: 1.7 min
🧠 Iteration 944 | Getting state...
⚙️ Scheduling...
✅ Schedule completed.
🔍 Verifying schedule...
📈 Updating policy...
torch.Size([512, 5, 10, 32])
torch.Size([512, 5, 10, 32])
torch.Size([56, 5, 10, 32])
torch.Size([512, 5, 10, 32])
torch.Size([512, 5, 10, 32])
torch.Size([56, 5, 10, 32])
torch.Size([512, 5, 10, 32])
torch.Size([512, 5, 10, 32])
torch.Size([56, 5, 10, 32])
📊 Reward: -44.965 | Loss: 0.024
⏱ Iter 944 done | 🕒 IterTime: 2.09s | 🕘 Elapsed: 1734.4s | ⏳ ETA: 1.7 min
🧠 Iteration 945 | Getting state...
⚙️ Scheduling...
✅ Schedule completed.
🔍 Verifying schedule...
📈 Updating policy...
torch.Size([512, 5, 10, 32])
torch.Size([512, 5, 10, 32])
torch.Size([56, 5, 10, 32])
torch.Size([512, 5, 10, 32])
torch.Size([512, 5, 10, 32])
torch.Size([56, 5, 10, 32])
torch.Size([512, 5, 10, 32])
torch.Size([512, 5, 10, 32])
torch.Size([56, 5, 10, 32])
📊 Reward: -45.915 | Loss: 0.012
⏱ Iter 945 done | 🕒 IterTime: 2.03s | 🕘 Elapsed: 1736.4s | ⏳ ETA: 1.7 min
🧠 Iteration 946 | Getting state...
⚙️ Scheduling...
✅ Schedule completed.
🔍 Verifying schedule...
📈 Updating policy...
torch.Size([512, 5, 10, 32])
torch.Size([512, 5, 10, 32])
torch.Size([56, 5, 10, 32])
torch.Size([512, 5, 10, 32])
torch.Size([512, 5, 10, 32])
torch.Size([56, 5, 10, 32])
torch.Size([512, 5, 10, 32])
torch.Size([512, 5, 10, 32])
torch.Size([56, 5, 10, 32])
📊 Reward: -45.365 | Loss: -0.009
⏱ Iter 946 done | 🕒 IterTime: 2.05s | 🕘 Elapsed: 1738.4s | ⏳ ETA: 1.7 min
🧠 Iteration 947 | Getting state...
⚙️ Scheduling...
✅ Schedule completed.
🔍 Verifying schedule...
📈 Updating policy...
torch.Size([512, 5, 10, 32])
torch.Size([512, 5, 10, 32])
torch.Size([56, 5, 10, 32])
torch.Size([512, 5, 10, 32])
torch.Size([512, 5, 10, 32])
torch.Size([56, 5, 10, 32])
torch.Size([512, 5, 10, 32])
torch.Size([512, 5, 10, 32])
torch.Size([56, 5, 10, 32])
📊 Reward: -46.015 | Loss: 0.027
⏱ Iter 947 done | 🕒 IterTime: 2.10s | 🕘 Elapsed: 1740.5s | ⏳ ETA: 1.6 min
🧠 Iteration 948 | Getting state...
⚙️ Scheduling...
✅ Schedule completed.
🔍 Verifying schedule...
📈 Updating policy...
torch.Size([512, 5, 10, 32])
torch.Size([512, 5, 10, 32])
torch.Size([56, 5, 10, 32])
torch.Size([512, 5, 10, 32])
torch.Size([512, 5, 10, 32])
torch.Size([56, 5, 10, 32])
torch.Size([512, 5, 10, 32])
torch.Size([512, 5, 10, 32])
torch.Size([56, 5, 10, 32])
📊 Reward: -45.815 | Loss: 0.051
⏱ Iter 948 done | 🕒 IterTime: 2.07s | 🕘 Elapsed: 1742.6s | ⏳ ETA: 1.6 min
🧠 Iteration 949 | Getting state...
⚙️ Scheduling...
✅ Schedule completed.
🔍 Verifying schedule...
📈 Updating policy...
torch.Size([512, 5, 10, 32])
torch.Size([512, 5, 10, 32])
torch.Size([56, 5, 10, 32])
torch.Size([512, 5, 10, 32])
torch.Size([512, 5, 10, 32])
torch.Size([56, 5, 10, 32])
torch.Size([512, 5, 10, 32])
torch.Size([512, 5, 10, 32])
torch.Size([56, 5, 10, 32])
📊 Reward: -47.415 | Loss: 0.047
⏱ Iter 949 done | 🕒 IterTime: 2.03s | 🕘 Elapsed: 1744.6s | ⏳ ETA: 1.6 min
🧠 Iteration 950 | Getting state...
⚙️ Scheduling...
✅ Schedule completed.
🔍 Verifying schedule...
📈 Updating policy...
torch.Size([512, 5, 10, 32])
torch.Size([512, 5, 10, 32])
torch.Size([56, 5, 10, 32])
torch.Size([512, 5, 10, 32])
torch.Size([512, 5, 10, 32])
torch.Size([56, 5, 10, 32])
torch.Size([512, 5, 10, 32])
torch.Size([512, 5, 10, 32])
torch.Size([56, 5, 10, 32])
📊 Reward: -46.565 | Loss: 0.003

🧪 Validating policy...
There are 100 dev instances.
validating time:  1.562718152999878 

⏱ Iter 950 done | 🕒 IterTime: 3.59s | 🕘 Elapsed: 1748.2s | ⏳ ETA: 1.5 min
🧠 Iteration 951 | Getting state...
⚙️ Scheduling...
✅ Schedule completed.
🔍 Verifying schedule...
📈 Updating policy...
torch.Size([512, 5, 10, 32])
torch.Size([512, 5, 10, 32])
torch.Size([56, 5, 10, 32])
torch.Size([512, 5, 10, 32])
torch.Size([512, 5, 10, 32])
torch.Size([56, 5, 10, 32])
torch.Size([512, 5, 10, 32])
torch.Size([512, 5, 10, 32])
torch.Size([56, 5, 10, 32])
📊 Reward: -43.665 | Loss: 0.073
⏱ Iter 951 done | 🕒 IterTime: 1.89s | 🕘 Elapsed: 1750.1s | ⏳ ETA: 1.5 min
🧠 Iteration 952 | Getting state...
⚙️ Scheduling...
✅ Schedule completed.
🔍 Verifying schedule...
📈 Updating policy...
torch.Size([512, 5, 10, 32])
torch.Size([512, 5, 10, 32])
torch.Size([56, 5, 10, 32])
torch.Size([512, 5, 10, 32])
torch.Size([512, 5, 10, 32])
torch.Size([56, 5, 10, 32])
torch.Size([512, 5, 10, 32])
torch.Size([512, 5, 10, 32])
torch.Size([56, 5, 10, 32])
📊 Reward: -46.815 | Loss: -0.017
⏱ Iter 952 done | 🕒 IterTime: 1.85s | 🕘 Elapsed: 1752.0s | ⏳ ETA: 1.5 min
🧠 Iteration 953 | Getting state...
⚙️ Scheduling...
✅ Schedule completed.
🔍 Verifying schedule...
📈 Updating policy...
torch.Size([512, 5, 10, 32])
torch.Size([512, 5, 10, 32])
torch.Size([56, 5, 10, 32])
torch.Size([512, 5, 10, 32])
torch.Size([512, 5, 10, 32])
torch.Size([56, 5, 10, 32])
torch.Size([512, 5, 10, 32])
torch.Size([512, 5, 10, 32])
torch.Size([56, 5, 10, 32])
📊 Reward: -47.615 | Loss: 0.014
⏱ Iter 953 done | 🕒 IterTime: 1.93s | 🕘 Elapsed: 1753.9s | ⏳ ETA: 1.4 min
🧠 Iteration 954 | Getting state...
⚙️ Scheduling...
✅ Schedule completed.
🔍 Verifying schedule...
📈 Updating policy...
torch.Size([512, 5, 10, 32])
torch.Size([512, 5, 10, 32])
torch.Size([56, 5, 10, 32])
torch.Size([512, 5, 10, 32])
torch.Size([512, 5, 10, 32])
torch.Size([56, 5, 10, 32])
torch.Size([512, 5, 10, 32])
torch.Size([512, 5, 10, 32])
torch.Size([56, 5, 10, 32])
📊 Reward: -45.265 | Loss: 0.082
⏱ Iter 954 done | 🕒 IterTime: 1.96s | 🕘 Elapsed: 1755.8s | ⏳ ETA: 1.4 min
🧠 Iteration 955 | Getting state...
⚙️ Scheduling...
✅ Schedule completed.
🔍 Verifying schedule...
📈 Updating policy...
torch.Size([512, 5, 10, 32])
torch.Size([512, 5, 10, 32])
torch.Size([56, 5, 10, 32])
torch.Size([512, 5, 10, 32])
torch.Size([512, 5, 10, 32])
torch.Size([56, 5, 10, 32])
torch.Size([512, 5, 10, 32])
torch.Size([512, 5, 10, 32])
torch.Size([56, 5, 10, 32])
📊 Reward: -47.015 | Loss: -0.020
⏱ Iter 955 done | 🕒 IterTime: 1.94s | 🕘 Elapsed: 1757.8s | ⏳ ETA: 1.4 min
🧠 Iteration 956 | Getting state...
⚙️ Scheduling...
✅ Schedule completed.
🔍 Verifying schedule...
📈 Updating policy...
torch.Size([512, 5, 10, 32])
torch.Size([512, 5, 10, 32])
torch.Size([56, 5, 10, 32])
torch.Size([512, 5, 10, 32])
torch.Size([512, 5, 10, 32])
torch.Size([56, 5, 10, 32])
torch.Size([512, 5, 10, 32])
torch.Size([512, 5, 10, 32])
torch.Size([56, 5, 10, 32])
📊 Reward: -46.465 | Loss: 0.009
⏱ Iter 956 done | 🕒 IterTime: 1.95s | 🕘 Elapsed: 1759.7s | ⏳ ETA: 1.3 min
🧠 Iteration 957 | Getting state...
⚙️ Scheduling...
✅ Schedule completed.
🔍 Verifying schedule...
📈 Updating policy...
torch.Size([512, 5, 10, 32])
torch.Size([512, 5, 10, 32])
torch.Size([56, 5, 10, 32])
torch.Size([512, 5, 10, 32])
torch.Size([512, 5, 10, 32])
torch.Size([56, 5, 10, 32])
torch.Size([512, 5, 10, 32])
torch.Size([512, 5, 10, 32])
torch.Size([56, 5, 10, 32])
📊 Reward: -45.065 | Loss: 0.092
⏱ Iter 957 done | 🕒 IterTime: 1.90s | 🕘 Elapsed: 1761.6s | ⏳ ETA: 1.3 min
🧠 Iteration 958 | Getting state...
⚙️ Scheduling...
✅ Schedule completed.
🔍 Verifying schedule...
📈 Updating policy...
torch.Size([512, 5, 10, 32])
torch.Size([512, 5, 10, 32])
torch.Size([56, 5, 10, 32])
torch.Size([512, 5, 10, 32])
torch.Size([512, 5, 10, 32])
torch.Size([56, 5, 10, 32])
torch.Size([512, 5, 10, 32])
torch.Size([512, 5, 10, 32])
torch.Size([56, 5, 10, 32])
📊 Reward: -44.315 | Loss: -0.037
⏱ Iter 958 done | 🕒 IterTime: 1.98s | 🕘 Elapsed: 1763.6s | ⏳ ETA: 1.3 min
🧠 Iteration 959 | Getting state...
⚙️ Scheduling...
✅ Schedule completed.
🔍 Verifying schedule...
📈 Updating policy...
torch.Size([512, 5, 10, 32])
torch.Size([512, 5, 10, 32])
torch.Size([56, 5, 10, 32])
torch.Size([512, 5, 10, 32])
torch.Size([512, 5, 10, 32])
torch.Size([56, 5, 10, 32])
torch.Size([512, 5, 10, 32])
torch.Size([512, 5, 10, 32])
torch.Size([56, 5, 10, 32])
📊 Reward: -45.865 | Loss: 0.054
⏱ Iter 959 done | 🕒 IterTime: 2.03s | 🕘 Elapsed: 1765.6s | ⏳ ETA: 1.3 min
🧠 Iteration 960 | Getting state...
⚙️ Scheduling...
✅ Schedule completed.
🔍 Verifying schedule...
📈 Updating policy...
torch.Size([512, 5, 10, 32])
torch.Size([512, 5, 10, 32])
torch.Size([56, 5, 10, 32])
torch.Size([512, 5, 10, 32])
torch.Size([512, 5, 10, 32])
torch.Size([56, 5, 10, 32])
torch.Size([512, 5, 10, 32])
torch.Size([512, 5, 10, 32])
torch.Size([56, 5, 10, 32])
📊 Reward: -45.515 | Loss: -0.002

🧪 Validating policy...
There are 100 dev instances.
validating time:  1.6138317584991455 

⏱ Iter 960 done | 🕒 IterTime: 3.66s | 🕘 Elapsed: 1769.3s | ⏳ ETA: 1.2 min
[15:35:40] 🔄 Refreshing training instances...
📦 num_jobs: 10, num_mas: 5, num_opes: 52
🧠 Iteration 961 | Getting state...
⚙️ Scheduling...
✅ Schedule completed.
🔍 Verifying schedule...
📈 Updating policy...
torch.Size([512, 5, 10, 32])
torch.Size([512, 5, 10, 32])
torch.Size([16, 5, 10, 32])
torch.Size([512, 5, 10, 32])
torch.Size([512, 5, 10, 32])
torch.Size([16, 5, 10, 32])
torch.Size([512, 5, 10, 32])
torch.Size([512, 5, 10, 32])
torch.Size([16, 5, 10, 32])
📊 Reward: -40.188 | Loss: 0.026
⏱ Iter 961 done | 🕒 IterTime: 2.01s | 🕘 Elapsed: 1771.3s | ⏳ ETA: 1.2 min
🧠 Iteration 962 | Getting state...
⚙️ Scheduling...
✅ Schedule completed.
🔍 Verifying schedule...
📈 Updating policy...
torch.Size([512, 5, 10, 32])
torch.Size([512, 5, 10, 32])
torch.Size([16, 5, 10, 32])
torch.Size([512, 5, 10, 32])
torch.Size([512, 5, 10, 32])
torch.Size([16, 5, 10, 32])
torch.Size([512, 5, 10, 32])
torch.Size([512, 5, 10, 32])
torch.Size([16, 5, 10, 32])
📊 Reward: -41.288 | Loss: 0.045
⏱ Iter 962 done | 🕒 IterTime: 1.91s | 🕘 Elapsed: 1773.2s | ⏳ ETA: 1.2 min
🧠 Iteration 963 | Getting state...
⚙️ Scheduling...
✅ Schedule completed.
🔍 Verifying schedule...
📈 Updating policy...
torch.Size([512, 5, 10, 32])
torch.Size([512, 5, 10, 32])
torch.Size([16, 5, 10, 32])
torch.Size([512, 5, 10, 32])
torch.Size([512, 5, 10, 32])
torch.Size([16, 5, 10, 32])
torch.Size([512, 5, 10, 32])
torch.Size([512, 5, 10, 32])
torch.Size([16, 5, 10, 32])
📊 Reward: -39.788 | Loss: -0.003
⏱ Iter 963 done | 🕒 IterTime: 1.90s | 🕘 Elapsed: 1775.1s | ⏳ ETA: 1.1 min
🧠 Iteration 964 | Getting state...
⚙️ Scheduling...
✅ Schedule completed.
🔍 Verifying schedule...
📈 Updating policy...
torch.Size([512, 5, 10, 32])
torch.Size([512, 5, 10, 32])
torch.Size([16, 5, 10, 32])
torch.Size([512, 5, 10, 32])
torch.Size([512, 5, 10, 32])
torch.Size([16, 5, 10, 32])
torch.Size([512, 5, 10, 32])
torch.Size([512, 5, 10, 32])
torch.Size([16, 5, 10, 32])
📊 Reward: -41.388 | Loss: 0.065
⏱ Iter 964 done | 🕒 IterTime: 1.86s | 🕘 Elapsed: 1777.0s | ⏳ ETA: 1.1 min
🧠 Iteration 965 | Getting state...
⚙️ Scheduling...
✅ Schedule completed.
🔍 Verifying schedule...
📈 Updating policy...
torch.Size([512, 5, 10, 32])
torch.Size([512, 5, 10, 32])
torch.Size([16, 5, 10, 32])
torch.Size([512, 5, 10, 32])
torch.Size([512, 5, 10, 32])
torch.Size([16, 5, 10, 32])
torch.Size([512, 5, 10, 32])
torch.Size([512, 5, 10, 32])
torch.Size([16, 5, 10, 32])
📊 Reward: -41.488 | Loss: 0.021
⏱ Iter 965 done | 🕒 IterTime: 1.90s | 🕘 Elapsed: 1778.9s | ⏳ ETA: 1.1 min
🧠 Iteration 966 | Getting state...
⚙️ Scheduling...
✅ Schedule completed.
🔍 Verifying schedule...
📈 Updating policy...
torch.Size([512, 5, 10, 32])
torch.Size([512, 5, 10, 32])
torch.Size([16, 5, 10, 32])
torch.Size([512, 5, 10, 32])
torch.Size([512, 5, 10, 32])
torch.Size([16, 5, 10, 32])
torch.Size([512, 5, 10, 32])
torch.Size([512, 5, 10, 32])
torch.Size([16, 5, 10, 32])
📊 Reward: -39.138 | Loss: 0.096
⏱ Iter 966 done | 🕒 IterTime: 1.93s | 🕘 Elapsed: 1780.8s | ⏳ ETA: 1.0 min
🧠 Iteration 967 | Getting state...
⚙️ Scheduling...
✅ Schedule completed.
🔍 Verifying schedule...
📈 Updating policy...
torch.Size([512, 5, 10, 32])
torch.Size([512, 5, 10, 32])
torch.Size([16, 5, 10, 32])
torch.Size([512, 5, 10, 32])
torch.Size([512, 5, 10, 32])
torch.Size([16, 5, 10, 32])
torch.Size([512, 5, 10, 32])
torch.Size([512, 5, 10, 32])
torch.Size([16, 5, 10, 32])
📊 Reward: -39.738 | Loss: 0.072
⏱ Iter 967 done | 🕒 IterTime: 1.91s | 🕘 Elapsed: 1782.7s | ⏳ ETA: 1.0 min
🧠 Iteration 968 | Getting state...
⚙️ Scheduling...
✅ Schedule completed.
🔍 Verifying schedule...
📈 Updating policy...
torch.Size([512, 5, 10, 32])
torch.Size([512, 5, 10, 32])
torch.Size([16, 5, 10, 32])
torch.Size([512, 5, 10, 32])
torch.Size([512, 5, 10, 32])
torch.Size([16, 5, 10, 32])
torch.Size([512, 5, 10, 32])
torch.Size([512, 5, 10, 32])
torch.Size([16, 5, 10, 32])
📊 Reward: -39.638 | Loss: -0.045
⏱ Iter 968 done | 🕒 IterTime: 1.98s | 🕘 Elapsed: 1784.7s | ⏳ ETA: 1.0 min
🧠 Iteration 969 | Getting state...
⚙️ Scheduling...
✅ Schedule completed.
🔍 Verifying schedule...
📈 Updating policy...
torch.Size([512, 5, 10, 32])
torch.Size([512, 5, 10, 32])
torch.Size([16, 5, 10, 32])
torch.Size([512, 5, 10, 32])
torch.Size([512, 5, 10, 32])
torch.Size([16, 5, 10, 32])
torch.Size([512, 5, 10, 32])
torch.Size([512, 5, 10, 32])
torch.Size([16, 5, 10, 32])
📊 Reward: -41.738 | Loss: 0.037
⏱ Iter 969 done | 🕒 IterTime: 2.11s | 🕘 Elapsed: 1786.8s | ⏳ ETA: 1.0 min
🧠 Iteration 970 | Getting state...
⚙️ Scheduling...
✅ Schedule completed.
🔍 Verifying schedule...
📈 Updating policy...
torch.Size([512, 5, 10, 32])
torch.Size([512, 5, 10, 32])
torch.Size([16, 5, 10, 32])
torch.Size([512, 5, 10, 32])
torch.Size([512, 5, 10, 32])
torch.Size([16, 5, 10, 32])
torch.Size([512, 5, 10, 32])
torch.Size([512, 5, 10, 32])
torch.Size([16, 5, 10, 32])
📊 Reward: -43.138 | Loss: 0.030

🧪 Validating policy...
There are 100 dev instances.
validating time:  1.5482141971588135 

⏱ Iter 970 done | 🕒 IterTime: 3.54s | 🕘 Elapsed: 1790.3s | ⏳ ETA: 0.9 min
🧠 Iteration 971 | Getting state...
⚙️ Scheduling...
✅ Schedule completed.
🔍 Verifying schedule...
📈 Updating policy...
torch.Size([512, 5, 10, 32])
torch.Size([512, 5, 10, 32])
torch.Size([16, 5, 10, 32])
torch.Size([512, 5, 10, 32])
torch.Size([512, 5, 10, 32])
torch.Size([16, 5, 10, 32])
torch.Size([512, 5, 10, 32])
torch.Size([512, 5, 10, 32])
torch.Size([16, 5, 10, 32])
📊 Reward: -40.538 | Loss: 0.031
⏱ Iter 971 done | 🕒 IterTime: 1.87s | 🕘 Elapsed: 1792.2s | ⏳ ETA: 0.9 min
🧠 Iteration 972 | Getting state...
⚙️ Scheduling...
✅ Schedule completed.
🔍 Verifying schedule...
📈 Updating policy...
torch.Size([512, 5, 10, 32])
torch.Size([512, 5, 10, 32])
torch.Size([16, 5, 10, 32])
torch.Size([512, 5, 10, 32])
torch.Size([512, 5, 10, 32])
torch.Size([16, 5, 10, 32])
torch.Size([512, 5, 10, 32])
torch.Size([512, 5, 10, 32])
torch.Size([16, 5, 10, 32])
📊 Reward: -40.688 | Loss: 0.022
⏱ Iter 972 done | 🕒 IterTime: 1.90s | 🕘 Elapsed: 1794.1s | ⏳ ETA: 0.9 min
🧠 Iteration 973 | Getting state...
⚙️ Scheduling...
✅ Schedule completed.
🔍 Verifying schedule...
📈 Updating policy...
torch.Size([512, 5, 10, 32])
torch.Size([512, 5, 10, 32])
torch.Size([16, 5, 10, 32])
torch.Size([512, 5, 10, 32])
torch.Size([512, 5, 10, 32])
torch.Size([16, 5, 10, 32])
torch.Size([512, 5, 10, 32])
torch.Size([512, 5, 10, 32])
torch.Size([16, 5, 10, 32])
📊 Reward: -39.888 | Loss: -0.003
⏱ Iter 973 done | 🕒 IterTime: 1.86s | 🕘 Elapsed: 1796.0s | ⏳ ETA: 0.8 min
🧠 Iteration 974 | Getting state...
⚙️ Scheduling...
✅ Schedule completed.
🔍 Verifying schedule...
📈 Updating policy...
torch.Size([512, 5, 10, 32])
torch.Size([512, 5, 10, 32])
torch.Size([16, 5, 10, 32])
torch.Size([512, 5, 10, 32])
torch.Size([512, 5, 10, 32])
torch.Size([16, 5, 10, 32])
torch.Size([512, 5, 10, 32])
torch.Size([512, 5, 10, 32])
torch.Size([16, 5, 10, 32])
📊 Reward: -41.788 | Loss: 0.090
⏱ Iter 974 done | 🕒 IterTime: 1.77s | 🕘 Elapsed: 1797.8s | ⏳ ETA: 0.8 min
🧠 Iteration 975 | Getting state...
⚙️ Scheduling...
✅ Schedule completed.
🔍 Verifying schedule...
📈 Updating policy...
torch.Size([512, 5, 10, 32])
torch.Size([512, 5, 10, 32])
torch.Size([16, 5, 10, 32])
torch.Size([512, 5, 10, 32])
torch.Size([512, 5, 10, 32])
torch.Size([16, 5, 10, 32])
torch.Size([512, 5, 10, 32])
torch.Size([512, 5, 10, 32])
torch.Size([16, 5, 10, 32])
📊 Reward: -42.388 | Loss: 0.023
⏱ Iter 975 done | 🕒 IterTime: 1.72s | 🕘 Elapsed: 1799.5s | ⏳ ETA: 0.8 min
🧠 Iteration 976 | Getting state...
⚙️ Scheduling...
✅ Schedule completed.
🔍 Verifying schedule...
📈 Updating policy...
torch.Size([512, 5, 10, 32])
torch.Size([512, 5, 10, 32])
torch.Size([16, 5, 10, 32])
torch.Size([512, 5, 10, 32])
torch.Size([512, 5, 10, 32])
torch.Size([16, 5, 10, 32])
torch.Size([512, 5, 10, 32])
torch.Size([512, 5, 10, 32])
torch.Size([16, 5, 10, 32])
📊 Reward: -39.788 | Loss: 0.028
⏱ Iter 976 done | 🕒 IterTime: 1.71s | 🕘 Elapsed: 1801.2s | ⏳ ETA: 0.7 min
🧠 Iteration 977 | Getting state...
⚙️ Scheduling...
✅ Schedule completed.
🔍 Verifying schedule...
📈 Updating policy...
torch.Size([512, 5, 10, 32])
torch.Size([512, 5, 10, 32])
torch.Size([16, 5, 10, 32])
torch.Size([512, 5, 10, 32])
torch.Size([512, 5, 10, 32])
torch.Size([16, 5, 10, 32])
torch.Size([512, 5, 10, 32])
torch.Size([512, 5, 10, 32])
torch.Size([16, 5, 10, 32])
📊 Reward: -43.088 | Loss: 0.087
⏱ Iter 977 done | 🕒 IterTime: 1.91s | 🕘 Elapsed: 1803.1s | ⏳ ETA: 0.7 min
🧠 Iteration 978 | Getting state...
⚙️ Scheduling...
✅ Schedule completed.
🔍 Verifying schedule...
📈 Updating policy...
torch.Size([512, 5, 10, 32])
torch.Size([512, 5, 10, 32])
torch.Size([16, 5, 10, 32])
torch.Size([512, 5, 10, 32])
torch.Size([512, 5, 10, 32])
torch.Size([16, 5, 10, 32])
torch.Size([512, 5, 10, 32])
torch.Size([512, 5, 10, 32])
torch.Size([16, 5, 10, 32])
📊 Reward: -43.188 | Loss: 0.000
⏱ Iter 978 done | 🕒 IterTime: 1.85s | 🕘 Elapsed: 1804.9s | ⏳ ETA: 0.7 min
🧠 Iteration 979 | Getting state...
⚙️ Scheduling...
✅ Schedule completed.
🔍 Verifying schedule...
📈 Updating policy...
torch.Size([512, 5, 10, 32])
torch.Size([512, 5, 10, 32])
torch.Size([16, 5, 10, 32])
torch.Size([512, 5, 10, 32])
torch.Size([512, 5, 10, 32])
torch.Size([16, 5, 10, 32])
torch.Size([512, 5, 10, 32])
torch.Size([512, 5, 10, 32])
torch.Size([16, 5, 10, 32])
📊 Reward: -39.788 | Loss: 0.016
⏱ Iter 979 done | 🕒 IterTime: 1.86s | 🕘 Elapsed: 1806.8s | ⏳ ETA: 0.6 min
🧠 Iteration 980 | Getting state...
⚙️ Scheduling...
✅ Schedule completed.
🔍 Verifying schedule...
📈 Updating policy...
torch.Size([512, 5, 10, 32])
torch.Size([512, 5, 10, 32])
torch.Size([16, 5, 10, 32])
torch.Size([512, 5, 10, 32])
torch.Size([512, 5, 10, 32])
torch.Size([16, 5, 10, 32])
torch.Size([512, 5, 10, 32])
torch.Size([512, 5, 10, 32])
torch.Size([16, 5, 10, 32])
📊 Reward: -43.088 | Loss: 0.067

🧪 Validating policy...
There are 100 dev instances.
validating time:  1.5929429531097412 

⏱ Iter 980 done | 🕒 IterTime: 3.46s | 🕘 Elapsed: 1810.3s | ⏳ ETA: 0.6 min
[15:36:21] 🔄 Refreshing training instances...
📦 num_jobs: 10, num_mas: 5, num_opes: 49
🧠 Iteration 981 | Getting state...
⚙️ Scheduling...
✅ Schedule completed.
🔍 Verifying schedule...
📈 Updating policy...
torch.Size([512, 5, 10, 32])
torch.Size([468, 5, 10, 32])
torch.Size([512, 5, 10, 32])
torch.Size([468, 5, 10, 32])
torch.Size([512, 5, 10, 32])
torch.Size([468, 5, 10, 32])
📊 Reward: -40.147 | Loss: 0.009
⏱ Iter 981 done | 🕒 IterTime: 1.56s | 🕘 Elapsed: 1811.8s | ⏳ ETA: 0.6 min
🧠 Iteration 982 | Getting state...
⚙️ Scheduling...
✅ Schedule completed.
🔍 Verifying schedule...
📈 Updating policy...
torch.Size([512, 5, 10, 32])
torch.Size([468, 5, 10, 32])
torch.Size([512, 5, 10, 32])
torch.Size([468, 5, 10, 32])
torch.Size([512, 5, 10, 32])
torch.Size([468, 5, 10, 32])
📊 Reward: -40.147 | Loss: 0.027
⏱ Iter 982 done | 🕒 IterTime: 1.49s | 🕘 Elapsed: 1813.3s | ⏳ ETA: 0.6 min
🧠 Iteration 983 | Getting state...
⚙️ Scheduling...
✅ Schedule completed.
🔍 Verifying schedule...
📈 Updating policy...
torch.Size([512, 5, 10, 32])
torch.Size([468, 5, 10, 32])
torch.Size([512, 5, 10, 32])
torch.Size([468, 5, 10, 32])
torch.Size([512, 5, 10, 32])
torch.Size([468, 5, 10, 32])
📊 Reward: -37.997 | Loss: -0.007
⏱ Iter 983 done | 🕒 IterTime: 1.49s | 🕘 Elapsed: 1814.8s | ⏳ ETA: 0.5 min
🧠 Iteration 984 | Getting state...
⚙️ Scheduling...
✅ Schedule completed.
🔍 Verifying schedule...
📈 Updating policy...
torch.Size([512, 5, 10, 32])
torch.Size([468, 5, 10, 32])
torch.Size([512, 5, 10, 32])
torch.Size([468, 5, 10, 32])
torch.Size([512, 5, 10, 32])
torch.Size([468, 5, 10, 32])
📊 Reward: -40.797 | Loss: 0.014
⏱ Iter 984 done | 🕒 IterTime: 1.54s | 🕘 Elapsed: 1816.3s | ⏳ ETA: 0.5 min
🧠 Iteration 985 | Getting state...
⚙️ Scheduling...
✅ Schedule completed.
🔍 Verifying schedule...
📈 Updating policy...
torch.Size([512, 5, 10, 32])
torch.Size([468, 5, 10, 32])
torch.Size([512, 5, 10, 32])
torch.Size([468, 5, 10, 32])
torch.Size([512, 5, 10, 32])
torch.Size([468, 5, 10, 32])
📊 Reward: -40.347 | Loss: 0.023
⏱ Iter 985 done | 🕒 IterTime: 1.52s | 🕘 Elapsed: 1817.9s | ⏳ ETA: 0.5 min
🧠 Iteration 986 | Getting state...
⚙️ Scheduling...
✅ Schedule completed.
🔍 Verifying schedule...
📈 Updating policy...
torch.Size([512, 5, 10, 32])
torch.Size([468, 5, 10, 32])
torch.Size([512, 5, 10, 32])
torch.Size([468, 5, 10, 32])
torch.Size([512, 5, 10, 32])
torch.Size([468, 5, 10, 32])
📊 Reward: -41.497 | Loss: -0.020
⏱ Iter 986 done | 🕒 IterTime: 1.48s | 🕘 Elapsed: 1819.3s | ⏳ ETA: 0.4 min
🧠 Iteration 987 | Getting state...
⚙️ Scheduling...
✅ Schedule completed.
🔍 Verifying schedule...
📈 Updating policy...
torch.Size([512, 5, 10, 32])
torch.Size([468, 5, 10, 32])
torch.Size([512, 5, 10, 32])
torch.Size([468, 5, 10, 32])
torch.Size([512, 5, 10, 32])
torch.Size([468, 5, 10, 32])
📊 Reward: -41.297 | Loss: 0.016
⏱ Iter 987 done | 🕒 IterTime: 1.50s | 🕘 Elapsed: 1820.8s | ⏳ ETA: 0.4 min
🧠 Iteration 988 | Getting state...
⚙️ Scheduling...
✅ Schedule completed.
🔍 Verifying schedule...
📈 Updating policy...
torch.Size([512, 5, 10, 32])
torch.Size([468, 5, 10, 32])
torch.Size([512, 5, 10, 32])
torch.Size([468, 5, 10, 32])
torch.Size([512, 5, 10, 32])
torch.Size([468, 5, 10, 32])
📊 Reward: -39.197 | Loss: 0.006
⏱ Iter 988 done | 🕒 IterTime: 1.49s | 🕘 Elapsed: 1822.3s | ⏳ ETA: 0.4 min
🧠 Iteration 989 | Getting state...
⚙️ Scheduling...
✅ Schedule completed.
🔍 Verifying schedule...
📈 Updating policy...
torch.Size([512, 5, 10, 32])
torch.Size([468, 5, 10, 32])
torch.Size([512, 5, 10, 32])
torch.Size([468, 5, 10, 32])
torch.Size([512, 5, 10, 32])
torch.Size([468, 5, 10, 32])
📊 Reward: -40.247 | Loss: 0.026
⏱ Iter 989 done | 🕒 IterTime: 1.42s | 🕘 Elapsed: 1823.8s | ⏳ ETA: 0.3 min
🧠 Iteration 990 | Getting state...
⚙️ Scheduling...
✅ Schedule completed.
🔍 Verifying schedule...
📈 Updating policy...
torch.Size([512, 5, 10, 32])
torch.Size([468, 5, 10, 32])
torch.Size([512, 5, 10, 32])
torch.Size([468, 5, 10, 32])
torch.Size([512, 5, 10, 32])
torch.Size([468, 5, 10, 32])
📊 Reward: -38.697 | Loss: 0.026

🧪 Validating policy...
There are 100 dev instances.
validating time:  1.5713646411895752 

⏱ Iter 990 done | 🕒 IterTime: 3.11s | 🕘 Elapsed: 1826.9s | ⏳ ETA: 0.3 min
🧠 Iteration 991 | Getting state...
⚙️ Scheduling...
✅ Schedule completed.
🔍 Verifying schedule...
📈 Updating policy...
torch.Size([512, 5, 10, 32])
torch.Size([468, 5, 10, 32])
torch.Size([512, 5, 10, 32])
torch.Size([468, 5, 10, 32])
torch.Size([512, 5, 10, 32])
torch.Size([468, 5, 10, 32])
📊 Reward: -40.497 | Loss: 0.013
⏱ Iter 991 done | 🕒 IterTime: 1.50s | 🕘 Elapsed: 1828.4s | ⏳ ETA: 0.3 min
🧠 Iteration 992 | Getting state...
⚙️ Scheduling...
✅ Schedule completed.
🔍 Verifying schedule...
📈 Updating policy...
torch.Size([512, 5, 10, 32])
torch.Size([468, 5, 10, 32])
torch.Size([512, 5, 10, 32])
torch.Size([468, 5, 10, 32])
torch.Size([512, 5, 10, 32])
torch.Size([468, 5, 10, 32])
📊 Reward: -40.797 | Loss: 0.017
⏱ Iter 992 done | 🕒 IterTime: 1.60s | 🕘 Elapsed: 1830.0s | ⏳ ETA: 0.2 min
🧠 Iteration 993 | Getting state...
⚙️ Scheduling...
✅ Schedule completed.
🔍 Verifying schedule...
📈 Updating policy...
torch.Size([512, 5, 10, 32])
torch.Size([468, 5, 10, 32])
torch.Size([512, 5, 10, 32])
torch.Size([468, 5, 10, 32])
torch.Size([512, 5, 10, 32])
torch.Size([468, 5, 10, 32])
📊 Reward: -41.497 | Loss: 0.010
⏱ Iter 993 done | 🕒 IterTime: 1.56s | 🕘 Elapsed: 1831.5s | ⏳ ETA: 0.2 min
🧠 Iteration 994 | Getting state...
⚙️ Scheduling...
✅ Schedule completed.
🔍 Verifying schedule...
📈 Updating policy...
torch.Size([512, 5, 10, 32])
torch.Size([468, 5, 10, 32])
torch.Size([512, 5, 10, 32])
torch.Size([468, 5, 10, 32])
torch.Size([512, 5, 10, 32])
torch.Size([468, 5, 10, 32])
📊 Reward: -42.197 | Loss: 0.021
⏱ Iter 994 done | 🕒 IterTime: 1.58s | 🕘 Elapsed: 1833.1s | ⏳ ETA: 0.2 min
🧠 Iteration 995 | Getting state...
⚙️ Scheduling...
✅ Schedule completed.
🔍 Verifying schedule...
📈 Updating policy...
torch.Size([512, 5, 10, 32])
torch.Size([468, 5, 10, 32])
torch.Size([512, 5, 10, 32])
torch.Size([468, 5, 10, 32])
torch.Size([512, 5, 10, 32])
torch.Size([468, 5, 10, 32])
📊 Reward: -40.047 | Loss: 0.016
⏱ Iter 995 done | 🕒 IterTime: 1.54s | 🕘 Elapsed: 1834.7s | ⏳ ETA: 0.2 min
🧠 Iteration 996 | Getting state...
⚙️ Scheduling...
✅ Schedule completed.
🔍 Verifying schedule...
📈 Updating policy...
torch.Size([512, 5, 10, 32])
torch.Size([468, 5, 10, 32])
torch.Size([512, 5, 10, 32])
torch.Size([468, 5, 10, 32])
torch.Size([512, 5, 10, 32])
torch.Size([468, 5, 10, 32])
📊 Reward: -40.047 | Loss: 0.013
⏱ Iter 996 done | 🕒 IterTime: 1.56s | 🕘 Elapsed: 1836.2s | ⏳ ETA: 0.1 min
🧠 Iteration 997 | Getting state...
⚙️ Scheduling...
✅ Schedule completed.
🔍 Verifying schedule...
📈 Updating policy...
torch.Size([512, 5, 10, 32])
torch.Size([468, 5, 10, 32])
torch.Size([512, 5, 10, 32])
torch.Size([468, 5, 10, 32])
torch.Size([512, 5, 10, 32])
torch.Size([468, 5, 10, 32])
📊 Reward: -43.797 | Loss: 0.009
⏱ Iter 997 done | 🕒 IterTime: 1.57s | 🕘 Elapsed: 1837.8s | ⏳ ETA: 0.1 min
🧠 Iteration 998 | Getting state...
⚙️ Scheduling...
✅ Schedule completed.
🔍 Verifying schedule...
📈 Updating policy...
torch.Size([512, 5, 10, 32])
torch.Size([468, 5, 10, 32])
torch.Size([512, 5, 10, 32])
torch.Size([468, 5, 10, 32])
torch.Size([512, 5, 10, 32])
torch.Size([468, 5, 10, 32])
📊 Reward: -39.947 | Loss: 0.008
⏱ Iter 998 done | 🕒 IterTime: 1.65s | 🕘 Elapsed: 1839.4s | ⏳ ETA: 0.1 min
🧠 Iteration 999 | Getting state...
⚙️ Scheduling...
✅ Schedule completed.
🔍 Verifying schedule...
📈 Updating policy...
torch.Size([512, 5, 10, 32])
torch.Size([468, 5, 10, 32])
torch.Size([512, 5, 10, 32])
torch.Size([468, 5, 10, 32])
torch.Size([512, 5, 10, 32])
torch.Size([468, 5, 10, 32])
📊 Reward: -41.847 | Loss: 0.005
⏱ Iter 999 done | 🕒 IterTime: 1.60s | 🕘 Elapsed: 1841.0s | ⏳ ETA: 0.0 min
🧠 Iteration 1000 | Getting state...
⚙️ Scheduling...
✅ Schedule completed.
🔍 Verifying schedule...
📈 Updating policy...
torch.Size([512, 5, 10, 32])
torch.Size([468, 5, 10, 32])
torch.Size([512, 5, 10, 32])
torch.Size([468, 5, 10, 32])
torch.Size([512, 5, 10, 32])
torch.Size([468, 5, 10, 32])
📊 Reward: -41.997 | Loss: -0.012

🧪 Validating policy...
There are 100 dev instances.
validating time:  1.5597522258758545 

⏱ Iter 1000 done | 🕒 IterTime: 3.10s | 🕘 Elapsed: 1844.1s | ⏳ ETA: 0.0 min

🏁 Training completed in 1844.3 seconds (30.7 min)
total_time:  1844.2967925071716
